#
# A fatal error has been detected by the Java Runtime Environment:
#
#  EXCEPTION_ACCESS_VIOLATION (0xc0000005) at pc=0x00007ffddf8de6f6, pid=16852, tid=15268
#
# JRE version: OpenJDK Runtime Environment (25.0.2+10) (build 25.0.2+10-69)
# Java VM: OpenJDK 64-Bit Server VM (25.0.2+10-69, mixed mode, sharing, tiered, compressed oops, compressed class ptrs, g1 gc, windows-amd64)
# Problematic frame:
# C  [awt.dll+0xde6f6]
#
# No core dump will be written. Minidumps are not enabled by default on client versions of Windows
#
# If you would like to submit a bug report, please visit:
#   https://bugreport.java.com/bugreport/crash.jsp
# The crash happened outside the Java Virtual Machine in native code.
# See problematic frame for where to report the bug.
#

---------------  S U M M A R Y ------------

Command Line: -javaagent:D:\IntelliJ\IntelliJ IDEA 2025.3.3\lib\idea_rt.jar=51269 -Dfile.encoding=UTF-8 -Dsun.stdout.encoding=UTF-8 -Dsun.stderr.encoding=UTF-8 app.Main

Host: AMD Ryzen 5 5600X 6-Core Processor             , 12 cores, 15G,  Windows 10 , 64 bit Build 19041 (10.0.19041.5915)
Time: Tue Jun  2 21:09:45 2026 Hora oficial do Brasil elapsed time: 671.688095 seconds (0d 0h 11m 11s)

---------------  T H R E A D  ---------------

Current thread (0x000001c2a7d4e280):  JavaThread "AWT-EventQueue-0"        [_thread_in_native, id=15268, stack(0x0000005fc9700000,0x0000005fc9800000) (1024K)]

Stack: [0x0000005fc9700000,0x0000005fc9800000],  sp=0x0000005fc97fea80,  free space=1018k
Native frames: (J=compiled Java code, j=interpreted, Vv=VM code, C=native code)
C  [awt.dll+0xde6f6]  (no source info available)
C  [awt.dll+0xdffe2]  (no source info available)
C  0x000001c28fd0d193  (no source info available)

The last pc belongs to native method entry point (kind = native) (printed below).
Java frames: (J=compiled Java code, j=interpreted, Vv=VM code)
j  sun.awt.Win32GraphicsDevice.initNativeScale(I)V+0 java.desktop@25.0.2
j  sun.awt.Win32GraphicsDevice.initScaleFactors()V+60 java.desktop@25.0.2
j  sun.awt.Win32GraphicsDevice.displayChanged()V+16 java.desktop@25.0.2
j  sun.java2d.d3d.D3DGraphicsDevice.displayChanged()V+1 java.desktop@25.0.2
j  sun.awt.Win32GraphicsEnvironment.displayChanged()V+271 java.desktop@25.0.2
j  sun.awt.windows.WToolkit.lambda$displayChanged$0()V+15 java.desktop@25.0.2
j  sun.awt.windows.WToolkit$$Lambda+0x000000002015fa68.run()V+0 java.desktop@25.0.2
J 1559 c2 java.awt.EventQueue.dispatchEvent(Ljava/awt/AWTEvent;)V java.desktop@25.0.2 (48 bytes) @ 0x000001c29030176c [0x000001c290300d00+0x0000000000000a6c]
J 1653 c2 java.awt.EventDispatchThread.pumpOneEventForFilters(I)V java.desktop@25.0.2 (106 bytes) @ 0x000001c29031e2dc [0x000001c29031d180+0x000000000000115c]
j  java.awt.EventDispatchThread.pumpEventsForFilter(ILjava/awt/Conditional;Ljava/awt/EventFilter;)V+35 java.desktop@25.0.2
j  java.awt.EventDispatchThread.pumpEventsForHierarchy(ILjava/awt/Conditional;Ljava/awt/Component;)V+11 java.desktop@25.0.2
j  java.awt.EventDispatchThread.pumpEvents(ILjava/awt/Conditional;)V+4 java.desktop@25.0.2
j  java.awt.EventDispatchThread.pumpEvents(Ljava/awt/Conditional;)V+3 java.desktop@25.0.2
j  java.awt.EventDispatchThread.run()V+9 java.desktop@25.0.2
v  ~StubRoutines::call_stub 0x000001c28fd012ed

siginfo: EXCEPTION_ACCESS_VIOLATION (0xc0000005), reading address 0x0000000040000750


Registers:
RAX=0x0000000040000700, RBX=0x000001c2a7d02a00, RCX=0x0000000040000700, RDX=0x0000000000000000
RSP=0x0000005fc97fea80, RBP=0x0000005fc97feb60, RSI=0x0000000000000000, RDI=0x0000000000000000
R8 =0x0000000000000001, R9 =0x00000000000000dd, R10=0x000001c28fd0d233, R11=0x0000000000000100
R12=0x0000000000000000, R13=0x000001c29a28a5f0, R14=0x0000005fc97feb88, R15=0x000001c2a7d4e280
RIP=0x00007ffddf8de6f6, EFLAGS=0x0000000000010202

XMM[0]=0x0000000000000000 0x0000000000000000
XMM[1]=0x0000000000000000 0x00000000bf800000
XMM[2]=0x0000000000000000 0x0000000000000000
XMM[3]=0x0000000000000000 0x0000000000000000
XMM[4]=0x0000000000000000 0x0000000000000000
XMM[5]=0x0000000000000000 0x0000000000000000
XMM[6]=0x0000000000000000 0x8fc30fe66c9d5dfb
XMM[7]=0x0000000000000000 0xb76c25743618890c
XMM[8]=0x0000000000000000 0x97058b370aa274b1
XMM[9]=0x0000000000000000 0x9e932d087ee8b7e0
XMM[10]=0x0000000000000000 0x00000000e0558ad8
XMM[11]=0x0000000000000000 0x69f3b40de8dc6bed
XMM[12]=0x0000000000000000 0x000000007ee8b7e0
XMM[13]=0x0000000000000000 0x0000000000000000
XMM[14]=0x0000000000000000 0x0000000000000000
XMM[15]=0x0000000000000000 0x0000000000000000
  MXCSR=0x00001fa2


Register to memory mapping:

RAX=0x0000000040000700 is pointing into metadata
RBX=0x000001c2a7d02a00 points into unknown readable memory: 0x000001c2a7cf7520 | 20 75 cf a7 c2 01 00 00
RCX=0x0000000040000700 is pointing into metadata
RDX=0x0 is null
RSP=0x0000005fc97fea80 is pointing into the stack for thread: 0x000001c2a7d4e280
RBP=0x0000005fc97feb60 is pointing into the stack for thread: 0x000001c2a7d4e280
RSI=0x0 is null
RDI=0x0 is null
R8 =0x0000000000000001 is an unknown value
R9 =0x00000000000000dd is an unknown value
R10=0x000001c28fd0d233 is at code_begin+1139 in an Interpreter codelet
native method entry point (kind = native)  [0x000001c28fd0cdc0, 0x000001c28fd0d8b8]  2808 bytes
R11=0x0000000000000100 is an unknown value
R12=0x0 is null
R13={method} {0x000001c29a28a5f8} 'initNativeScale' '(I)V' in 'sun/awt/Win32GraphicsDevice'
R14=0x0000005fc97feb88 is pointing into the stack for thread: 0x000001c2a7d4e280
R15=0x000001c2a7d4e280 is a thread

Top of Stack: (sp=0x0000005fc97fea80)
0x0000005fc97fea80:   00000000000000b5 000000000000000a   ................
0x0000005fc97fea90:   000001c2a7d02a00 0000000000000000   .*..............
0x0000005fc97feaa0:   000001c2a7d02a00 00007ffddf8dffe2   .*..............
0x0000005fc97feab0:   00007ffddf93c838 000001c29a28a5f0   8.........(.....
0x0000005fc97feac0:   0000005fc97febe0 000001c28fd183f9   ...._...........
0x0000005fc97fead0:   000001c28fd08cb2 000001c28fd0d193   ................
0x0000005fc97feae0:   000001c29a28a5f0 0000005fc97fec38   ..(.....8..._...
0x0000005fc97feaf0:   0000005fc97febe0 000001c28fd08cb2   ...._...........
0x0000005fc97feb00:   0000000000000000 00007ffd6b0a1dad   ...........k....
0x0000005fc97feb10:   0000005fc97fec50 fffffffffffffff7   P..._...........
0x0000005fc97feb20:   0000000000000000 0000000000000005   ................
0x0000005fc97feb30:   000001c29a28db98 0000000000000000   ..(.............
0x0000005fc97feb40:   00000007111337a0 000001c29a28a5f0   .7........(.....
0x0000005fc97feb50:   0000000000000000 0000005fc97feb80   ............_...
0x0000005fc97feb60:   0000005fc97febd8 000001c28fd08b18   ...._...........
0x0000005fc97feb70:   0000000000000000 000001c28fd0a757   ........W.......
0x0000005fc97feb80:   0000000000000000 0000000711170718   ................
0x0000005fc97feb90:   fffffffffffffff7 000001c29a28ac54   ........T.(.....
0x0000005fc97feba0:   0000000000000002 000001c29a28db98   ..........(.....
0x0000005fc97febb0:   0000000000000000 00000007111337a0   .........7......
0x0000005fc97febc0:   000001c29a28aca0 fffffffffffffff5   ..(.............
0x0000005fc97febd0:   0000005fc97febe8 0000005fc97fec38   ...._...8..._...
0x0000005fc97febe0:   000001c28fd08b18 0000000711170718   ................
0x0000005fc97febf0:   fffffffffffffff7 000001c29a28c410   ..........(.....
0x0000005fc97fec00:   0000000000000003 000001c29a28db98   ..........(.....
0x0000005fc97fec10:   0000000000000000 00000007111337a0   .........7......
0x0000005fc97fec20:   000001c29a28c458 fffffffffffffff6   X.(.............
0x0000005fc97fec30:   0000005fc97fec50 0000005fc97feca0   P..._......._...
0x0000005fc97fec40:   000001c28fd08b18 0000000000000000   ................
0x0000005fc97fec50:   0000000711170718 fffffffffffffff7   ................
0x0000005fc97fec60:   000001c29a288d01 0000000000000002   ..(.............
0x0000005fc97fec70:   000001c29a28e408 0000000000000000   ..(.............

Instructions: (pc=0x00007ffddf8de6f6)
  0x00007ffddf8de5f6:   11 45 d4 0f 11 45 e4 0f 11 45 f4 89 45 04 c7 45
  0x00007ffddf8de606:   a0 68 00 00 00 0f 11 44 24 34 0f 11 44 24 44 0f
  0x00007ffddf8de616:   11 44 24 54 0f 11 44 24 64 0f 11 44 24 74 0f 11
  0x00007ffddf8de626:   45 84 89 45 94 c7 44 24 30 68 00 00 00 48 8d 55
  0x00007ffddf8de636:   a0 49 8b ce ff 15 50 73 06 00 85 c0 74 41 48 8d
  0x00007ffddf8de646:   54 24 30 48 8b ce ff 15 3e 73 06 00 85 c0 74 2f
  0x00007ffddf8de656:   48 8d 54 24 34 48 8d 4d a4 ff 15 73 72 06 00 85
  0x00007ffddf8de666:   c0 74 1c 48 8d 54 24 44 48 8d 4d b4 ff 15 60 72
  0x00007ffddf8de676:   06 00 85 c0 74 09 8b 44 24 54 39 45 c4 74 11 ff
  0x00007ffddf8de686:   c7 3b 7b 0c 0f 8c 40 ff ff ff 8b 3d 9a ad 06 00
  0x00007ffddf8de696:   48 8b cb e8 d2 9e f4 ff 90 8b c7 48 8b 4d 10 48
  0x00007ffddf8de6a6:   33 cc e8 03 fa 00 00 4c 8d 9c 24 20 01 00 00 49
  0x00007ffddf8de6b6:   8b 5b 28 49 8b 73 30 49 8b e3 41 5e 5f 5d c3 cc
  0x00007ffddf8de6c6:   cc cc cc cc cc cc cc cc cc cc 48 8b 41 08 48 8b
  0x00007ffddf8de6d6:   80 18 0c 00 00 c3 cc cc cc cc 48 8b 41 08 48 05
  0x00007ffddf8de6e6:   00 04 00 00 c3 cc cc cc cc cc 40 53 48 83 ec 20
=>0x00007ffddf8de6f6:   83 79 50 00 48 8b d9 75 56 48 8b 49 28 4c 8d 44
  0x00007ffddf8de706:   24 38 48 8d 54 24 30 c7 44 24 30 00 00 80 bf c7
  0x00007ffddf8de716:   44 24 38 00 00 80 bf e8 ee d7 00 00 f3 0f 10 54
  0x00007ffddf8de726:   24 30 0f 57 c0 0f 2f d0 76 25 f3 0f 10 4c 24 38
  0x00007ffddf8de736:   0f 2f c8 76 1a f3 0f 5e 15 f9 95 02 00 f3 0f 5e
  0x00007ffddf8de746:   0d f1 95 02 00 f3 0f 11 53 48 f3 0f 11 4b 4c 48
  0x00007ffddf8de756:   83 c4 20 5b c3 cc cc cc cc cc 48 89 5c 24 10 48
  0x00007ffddf8de766:   89 74 24 18 48 89 7c 24 20 41 56 48 83 ec 40 48
  0x00007ffddf8de776:   8b d9 48 83 79 18 00 75 14 b9 28 04 00 00 e8 b7
  0x00007ffddf8de786:   8d 00 00 48 89 43 18 c7 00 28 00 00 00 48 8b 43
  0x00007ffddf8de796:   18 45 33 f6 66 44 89 70 0e 48 8b 4b 28 e8 68 03
  0x00007ffddf8de7a6:   00 00 48 8b f8 ba 01 00 00 00 44 8b c2 48 8b c8
  0x00007ffddf8de7b6:   ff 15 74 6e 06 00 48 8b f0 44 89 74 24 30 48 8b
  0x00007ffddf8de7c6:   4b 18 48 89 4c 24 28 4c 89 74 24 20 41 b9 01 00
  0x00007ffddf8de7d6:   00 00 45 33 c0 48 8b d0 48 8b cf ff 15 69 6d 06
  0x00007ffddf8de7e6:   00 48 8b 53 30 48 8b 0b 83 79 04 08 0f 8e 0f 02


Stack slot to memory mapping:

stack at sp + 0 slots: 0x00000000000000b5 is an unknown value
stack at sp + 1 slots: 0x000000000000000a is an unknown value
stack at sp + 2 slots: 0x000001c2a7d02a00 points into unknown readable memory: 0x000001c2a7cf7520 | 20 75 cf a7 c2 01 00 00
stack at sp + 3 slots: 0x0 is null
stack at sp + 4 slots: 0x000001c2a7d02a00 points into unknown readable memory: 0x000001c2a7cf7520 | 20 75 cf a7 c2 01 00 00
stack at sp + 5 slots: 0x00007ffddf8dffe2 awt.dll
stack at sp + 6 slots: 0x00007ffddf93c838 awt.dll
stack at sp + 7 slots: {method} {0x000001c29a28a5f8} 'initNativeScale' '(I)V' in 'sun/awt/Win32GraphicsDevice'

Lock stack of current Java thread (top to bottom):

native method entry point (kind = native)  [0x000001c28fd0cdc0, 0x000001c28fd0d8b8]  2808 bytes
[MachCode]
  0x000001c28fd0cdc0: 488b 4b08 | 0fb7 492e | 584c 8d74 | ccf8 6800 | 0000 0068 | 0000 0000 | 5055 488b | ec41 5548 
  0x000001c28fd0cde0: 8b43 084c | 8d68 3848 | 8b40 0868 | 0000 0000 | 5348 8b50 | 1848 8b52 | 7048 8b12 | 5248 8b53 
  0x000001c28fd0ce00: 1048 85d2 | 7407 4881 | c2d0 0000 | 0052 488b | 5010 5249 | 8bc6 482b | c548 c1e8 | 0350 6800 
  0x000001c28fd0ce20: 0000 0068 | f7ff ffff | 41c6 87f1 | 0400 0001 | 488b 4310 | 4885 c074 | 208b 8890 | 0000 0083 
  0x000001c28fd0ce40: c102 8988 | 9000 0000 | 2388 a400 | 0000 0f84 | b209 0000 | e9cf 0000 | 0048 8b43 | 1848 85c0 
  0x000001c28fd0ce60: 0f85 b000 | 0000 e805 | 0000 00e9 | 9900 0000 | 488b d348 | 8d44 2408 | 4c89 6dc0 | 498b cfc5 
  0x000001c28fd0ce80: f877 4989 | af38 0400 | 0049 8987 | 2804 0000 | 4883 ec20 | 40f6 c40f | 0f84 1900 | 0000 4883 
  0x000001c28fd0cea0: ec08 48b8 | 4022 dc6a | fd7f 0000 | ffd0 4883 | c408 e90c | 0000 0048 | b840 22dc | 6afd 7f00 
  0x000001c28fd0cec0: 00ff d048 | 83c4 2049 | c787 2804 | 0000 0000 | 0000 49c7 | 8738 0400 | 0000 0000 | 0049 c787 
  0x000001c28fd0cee0: 3004 0000 | 0000 0000 | c5f8 7749 | 837f 0800 | 0f84 0500 | 0000 e9e5 | 42ff ff4c | 8b6d c04c 
  0x000001c28fd0cf00: 8b75 c84e | 8d74 f500 | c348 8b43 | 1848 85c0 | 0f84 1200 | 0000 8b48 | 0883 c102 | 8948 0823 
  0x000001c28fd0cf20: 482c 0f84 | de08 0000 | 493b a770 | 0500 000f | 8748 0000 | 0089 8424 | 00f0 ffff | 8984 2400 
  0x000001c28fd0cf40: e0ff ff89 | 8424 00d0 | ffff 8984 | 2400 c0ff | ff89 8424 | 00b0 ffff | 8984 2400 | a0ff ff89 
  0x000001c28fd0cf60: 8424 0090 | ffff 8984 | 2400 80ff | ff49 3ba7 | 6805 0000 | 7607 4989 | a770 0500 | 0041 c687 
  0x000001c28fd0cf80: f104 0000 | 0048 8b5d | e84c 8b5b | 0845 0fb7 | 5b2e 41c1 | e303 492b | e348 83ec | 2048 83e4 
  0x000001c28fd0cfa0: f04c 8b5b | 604d 85db | 0f85 ab00 | 0000 e805 | 0000 00e9 | 9900 0000 | 488b d348 | 8d44 2408 
  0x000001c28fd0cfc0: 4c89 6dc0 | 498b cfc5 | f877 4989 | af38 0400 | 0049 8987 | 2804 0000 | 4883 ec20 | 40f6 c40f 
  0x000001c28fd0cfe0: 0f84 1900 | 0000 4883 | ec08 48b8 | 704b dc6a | fd7f 0000 | ffd0 4883 | c408 e90c | 0000 0048 
  0x000001c28fd0d000: b870 4bdc | 6afd 7f00 | 00ff d048 | 83c4 2049 | c787 2804 | 0000 0000 | 0000 49c7 | 8738 0400 
  0x000001c28fd0d020: 0000 0000 | 0049 c787 | 3004 0000 | 0000 0000 | c5f8 7749 | 837f 0800 | 0f84 0500 | 0000 e99d 
  0x000001c28fd0d040: 41ff ff4c | 8b6d c04c | 8b75 c84e | 8d74 f500 | c348 8b5d | e84c 8b5b | 6041 ffd3 | 488b 5de8 
  0x000001c28fd0d060: 4889 4518 | 440f b75b | 2c41 f6c3 | 080f 841b | 0000 004c | 8b5b 084d | 8b5b 084d | 8b5b 184d 
  0x000001c28fd0d080: 8b5b 704d | 8b1b 4c89 | 5d10 488d | 5510 488b | 4358 49ba | 4015 176b | fd7f 0000 | 493b c20f 
  0x000001c28fd0d0a0: 85ab 0000 | 00e8 0500 | 0000 e999 | 0000 0048 | 8bd3 488d | 4424 084c | 896d c049 | 8bcf c5f8 
  0x000001c28fd0d0c0: 7749 89af | 3804 0000 | 4989 8728 | 0400 0048 | 83ec 2040 | f6c4 0f0f | 8419 0000 | 0048 83ec 
  0x000001c28fd0d0e0: 0848 b870 | 4bdc 6afd | 7f00 00ff | d048 83c4 | 08e9 0c00 | 0000 48b8 | 704b dc6a | fd7f 0000 
  0x000001c28fd0d100: ffd0 4883 | c420 49c7 | 8728 0400 | 0000 0000 | 0049 c787 | 3804 0000 | 0000 0000 | 49c7 8730 
  0x000001c28fd0d120: 0400 0000 | 0000 00c5 | f877 4983 | 7f08 000f | 8405 0000 | 00e9 a640 | ffff 4c8b | 6dc0 4c8b 
  0x000001c28fd0d140: 75c8 4e8d | 74f5 00c3 | 488b 5de8 | 488b 4358 | 498d 8f48 | 0400 004c | 8d15 d500 | 0000 4d89 
  0x000001c28fd0d160: 9730 0400 | 00c5 f877 | 4989 af38 | 0400 0049 | 89a7 2804 | 0000 41c7 | 87d4 0400 | 0004 0000 
  0x000001c28fd0d180: 0049 3ba7 | c805 0000 | 7607 4989 | a7c8 0500 | 00ff d049 | 3ba7 c805 | 0000 720b | 49c7 87c8 
  0x000001c28fd0d1a0: 0500 0000 | 0000 00c5 | f877 4883 | ec10 c5fb | 1104 2448 | 83ec 1048 | 8904 2448 | c744 2408 
  0x000001c28fd0d1c0: 0000 0000 | 41c7 87d4 | 0400 0005 | 0000 00f0 | 8344 24c0 | 0049 3b6f | 280f 870e | 0000 0041 
  0x000001c28fd0d1e0: 83bf d004 | 0000 000f | 8420 0000 | 0049 8bcf | 4c8b e448 | 83ec 2048 | 83e4 f048 | b8a0 afdd 
  0x000001c28fd0d200: 6afd 7f00 | 00ff d049 | 8be4 4d33 | e441 c787 | d404 0000 | 0800 0000 | 4d8b 97f0 | 0500 0049 
  0x000001c28fd0d220: 83fa 0074 | 3549 c787 | f005 0000 | 0000 0000 | 41ff e249 | ba60 bed0 | 8fc2 0100 | 0041 ffd2 
  0x000001c28fd0d240: 4883 ec10 | c5fb 1104 | 2448 83ec | 1048 8904 | 2448 c744 | 2408 0000 | 0000 49c7 | 8728 0400 
  0x000001c28fd0d260: 0000 0000 | 0049 c787 | 3804 0000 | 0000 0000 | 49c7 8730 | 0400 0000 | 0000 00c5 | f877 4d8b 
  0x000001c28fd0d280: 9fb8 0400 | 0041 c783 | 0001 0000 | 0000 0000 | 49bb 5aa7 | d08f c201 | 0000 4c3b | 5d18 0f85 
  0x000001c28fd0d2a0: 5501 0000 | 488b 0424 | 4883 c410 | 4885 c00f | 842f 0100 | 00a8 030f | 8508 0000 | 0048 8b00 
  0x000001c28fd0d2c0: e91f 0100 | 00a8 010f | 8509 0000 | 0048 8b40 | fee9 0e01 | 0000 488b | 40ff 4180 | 7f48 000f 
  0x000001c28fd0d2e0: 84ff 0000 | 0048 83f8 | 000f 84f5 | 0000 004d | 8b5f 384d | 85db 0f84 | 1400 0000 | 4983 eb08 
  0x000001c28fd0d300: 4d89 5f38 | 4d03 5f40 | 4989 03e9 | d400 0000 | 4883 ec70 | 4889 0424 | 4889 4c24 | 0848 8954 
  0x000001c28fd0d320: 2410 4c89 | 4424 184c | 894c 2420 | 4c89 5424 | 284c 895c | 2430 c5fb | 1144 2440 | c5fb 114c 
  0x000001c28fd0d340: 2448 c5fb | 1154 2450 | c5fb 115c | 2458 c5fb | 1164 2460 | c5fb 116c | 2468 498b | d748 8bc8 
  0x000001c28fd0d360: 4883 ec20 | 40f6 c40f | 0f84 1900 | 0000 4883 | ec08 48b8 | 2077 d06a | fd7f 0000 | ffd0 4883 
  0x000001c28fd0d380: c408 e90c | 0000 0048 | b820 77d0 | 6afd 7f00 | 00ff d048 | 83c4 20c5 | fb10 6c24 | 68c5 fb10 
  0x000001c28fd0d3a0: 6424 60c5 | fb10 5c24 | 58c5 fb10 | 5424 50c5 | fb10 4c24 | 48c5 fb10 | 4424 404c | 8b5c 2430 
  0x000001c28fd0d3c0: 4c8b 5424 | 284c 8b4c | 2420 4c8b | 4424 1848 | 8b54 2410 | 488b 4c24 | 0848 8b04 | 2448 83c4 
  0x000001c28fd0d3e0: 70c5 f877 | 4889 4510 | 4883 ec10 | 4889 0424 | 48c7 4424 | 0800 0000 | 0041 83bf | 5005 0000 
  0x000001c28fd0d400: 020f 85bf | 0000 0048 | 81ec 8000 | 0000 4889 | 4424 7848 | 894c 2470 | 4889 5424 | 6848 895c 
  0x000001c28fd0d420: 2460 4889 | 6c24 5048 | 8974 2448 | 4889 7c24 | 404c 8944 | 2438 4c89 | 4c24 304c | 8954 2428 
  0x000001c28fd0d440: 4c89 5c24 | 204c 8964 | 2418 4c89 | 6c24 104c | 8974 2408 | 4c89 3c24 | 4c8b e448 | 83ec 2048 
  0x000001c28fd0d460: 83e4 f048 | b8b0 fc16 | 6bfd 7f00 | 00ff d049 | 8be4 4c8b | 3c24 4c8b | 7424 084c | 8b6c 2410 
  0x000001c28fd0d480: 4c8b 6424 | 184c 8b5c | 2420 4c8b | 5424 284c | 8b4c 2430 | 4c8b 4424 | 3848 8b7c | 2440 488b 
  0x000001c28fd0d4a0: 7424 4848 | 8b6c 2450 | 488b 5c24 | 6048 8b54 | 2468 488b | 4c24 7048 | 8b44 2478 | 4881 c480 
  0x000001c28fd0d4c0: 0000 004d | 33e4 488b | 5de8 4c8b | 6b08 4d8d | 6d38 4983 | 7f08 000f | 84bb 0000 | 00e8 0500 
  0x000001c28fd0d4e0: 0000 e996 | 0000 0048 | 8d44 2408 | 4c89 6dc0 | 498b cfc5 | f877 4989 | af38 0400 | 0049 8987 
  0x000001c28fd0d500: 2804 0000 | 4883 ec20 | 40f6 c40f | 0f84 1900 | 0000 4883 | ec08 48b8 | b069 dc6a | fd7f 0000 
  0x000001c28fd0d520: ffd0 4883 | c408 e90c | 0000 0048 | b8b0 69dc | 6afd 7f00 | 00ff d048 | 83c4 2049 | c787 2804 
  0x000001c28fd0d540: 0000 0000 | 0000 49c7 | 8738 0400 | 0000 0000 | 0049 c787 | 3004 0000 | 0000 0000 | c5f8 7749 
  0x000001c28fd0d560: 837f 0800 | 0f84 0500 | 0000 e971 | 3cff ff4c | 8b6d c04c | 8b75 c84e | 8d74 f500 | c348 b948 
  0x000001c28fd0d580: 0840 6bfd | 7f00 0048 | 83e4 f048 | b800 9103 | 6bfd 7f00 | 00ff d0f4 | 440f b75b | 2c41 f6c3 
  0x000001c28fd0d5a0: 200f 8472 | 0100 0048 | 8d55 a84c | 8b5a 084d | 85db 0f85 | bb00 0000 | e805 0000 | 00e9 9600 
  0x000001c28fd0d5c0: 0000 488d | 4424 084c | 896d c049 | 8bcf c5f8 | 7749 89af | 3804 0000 | 4989 8728 | 0400 0048 
  0x000001c28fd0d5e0: 83ec 2040 | f6c4 0f0f | 8419 0000 | 0048 83ec | 0848 b8e0 | 68dc 6afd | 7f00 00ff | d048 83c4 
  0x000001c28fd0d600: 08e9 0c00 | 0000 48b8 | e068 dc6a | fd7f 0000 | ffd0 4883 | c420 49c7 | 8728 0400 | 0000 0000 
  0x000001c28fd0d620: 0049 c787 | 3804 0000 | 0000 0000 | 49c7 8730 | 0400 0000 | 0000 00c5 | f877 4983 | 7f08 000f 
  0x000001c28fd0d640: 8405 0000 | 00e9 963b | ffff 4c8b | 6dc0 4c8b | 75c8 4e8d | 74f5 00c3 | 48b9 4808 | 406b fd7f 
  0x000001c28fd0d660: 0000 4883 | e4f0 48b8 | 0091 036b | fd7f 0000 | ffd0 f44c | 896d c04c | 8b4a 0848 | c742 0800 
  0x000001c28fd0d680: 0000 0045 | 8b87 d806 | 0000 4f3b | 4c07 f80f | 8542 0000 | 0041 83af | d806 0000 | 084f 3b4c 
  0x000001c28fd0d6a0: 07f0 0f84 | 2a00 0000 | 498b 01a8 | 020f 8512 | 0000 004c | 8bc0 4983 | c801 f04d | 0fb1 010f 
  0x000001c28fd0d6c0: 840d 0000 | 0041 8387 | d806 0000 | 08e9 0500 | 0000 e93e | 0000 004c | 894a 0848 | 8bca 4883 
  0x000001c28fd0d6e0: ec20 40f6 | c40f 0f84 | 1900 0000 | 4883 ec08 | 48b8 303b | dc6a fd7f | 0000 ffd0 | 4883 c408 
  0x000001c28fd0d700: e90c 0000 | 0048 b830 | 3bdc 6afd | 7f00 00ff | d048 83c4 | 204c 8b6d | c041 c687 | 9603 0000 
  0x000001c28fd0d720: 0149 3b6f | 280f 8705 | 0000 00e9 | ab00 0000 | 4883 ec10 | c5fb 1104 | 2448 83ec | 1048 8904 
  0x000001c28fd0d740: 2448 c744 | 2408 0000 | 0000 c5f8 | 7749 89af | 3804 0000 | 49ba 4ad7 | d08f c201 | 0000 4d89 
  0x000001c28fd0d760: 9730 0400 | 0049 89a7 | 2804 0000 | 498b cf48 | 83ec 2040 | f6c4 0f0f | 8419 0000 | 0048 83ec 
  0x000001c28fd0d780: 0848 b8d0 | 21dc 6afd | 7f00 00ff | d048 83c4 | 08e9 0c00 | 0000 48b8 | d021 dc6a | fd7f 0000 
  0x000001c28fd0d7a0: ffd0 4883 | c420 49c7 | 8728 0400 | 0000 0000 | 0049 c787 | 3804 0000 | 0000 0000 | 49c7 8730 
  0x000001c28fd0d7c0: 0400 0000 | 0000 00c5 | f877 488b | 0424 4883 | c410 c5fb | 1004 2448 | 83c4 1048 | 8b04 2448 
  0x000001c28fd0d7e0: 83c4 10c5 | fb10 0424 | 4883 c410 | 4c8b 5d18 | 41ff d34c | 8b5d f8c9 | 41c6 8796 | 0300 0000 
  0x000001c28fd0d800: 5f49 8be3 | ffe7 ba00 | 0000 00e8 | 0500 0000 | e996 0000 | 0048 8d44 | 2408 4c89 | 6dc0 498b 
  0x000001c28fd0d820: cfc5 f877 | 4989 af38 | 0400 0049 | 8987 2804 | 0000 4883 | ec20 40f6 | c40f 0f84 | 1900 0000 
  0x000001c28fd0d840: 4883 ec08 | 48b8 2031 | dc6a fd7f | 0000 ffd0 | 4883 c408 | e90c 0000 | 0048 b820 | 31dc 6afd 
  0x000001c28fd0d860: 7f00 00ff | d048 83c4 | 2049 c787 | 2804 0000 | 0000 0000 | 49c7 8738 | 0400 0000 | 0000 0049 
  0x000001c28fd0d880: c787 3004 | 0000 0000 | 0000 c5f8 | 7749 837f | 0800 0f84 | 0500 0000 | e943 39ff | ff4c 8b6d 
  0x000001c28fd0d8a0: c04c 8b75 | c84e 8d74 | f500 c348 | 8b5d e8e9 | 74f6 ffff | 0f1f 4000 
[/MachCode]

Compiled method (c2) 671842 1559       4       java.awt.EventQueue::dispatchEvent (48 bytes)
 total in heap  [0x000001c290300c08,0x000001c2903022e0] = 5848
 main code      [0x000001c290300d00,0x000001c290302220] = 5408
 stub code      [0x000001c290302220,0x000001c2903022c0] = 160
 oops           [0x000001c2903022c0,0x000001c2903022e0] = 32
 mutable data [0x000001c29e0bebd0,0x000001c29e0bf020] = 1104
 relocation     [0x000001c29e0bebd0,0x000001c29e0bede0] = 528
 metadata       [0x000001c29e0bede0,0x000001c29e0bf020] = 576
 immutable data [0x000001c29e383790,0x000001c29e384558] = 3528
 dependencies   [0x000001c29e383790,0x000001c29e383820] = 144
 nul chk table  [0x000001c29e383820,0x000001c29e383890] = 112
 handler table  [0x000001c29e383890,0x000001c29e383ab0] = 544
 scopes pcs     [0x000001c29e383ab0,0x000001c29e383f10] = 1120
 scopes data    [0x000001c29e383f10,0x000001c29e384558] = 1608

[Constant Pool (empty)]

[MachCode]
[Instructions begin]
  0x000001c290300d00: 6690 448b | 5208 443b 

  0x000001c290300d08: ;   {runtime_call Shared Runtime ic_miss_blob}
  0x000001c290300d08: 5008 0f85 | d0dd a4ff 
[Verified Entry Point]
  0x000001c290300d10: 8984 2400 | 80ff ff55 | 4883 ec70 | 4181 7f20 | 0100 0000 | 0f85 ec14 | 0000 4c89 | 4424 4845 
  0x000001c290300d30: 8b50 0c4c | 8bc2 8b6a | 4c85 ed0f | 85c4 0b00 | 004c 8b5c | 2448 41c6 | 431a 0145 | 8b4b 08be 
  0x000001c290300d50: 0000 001f | 4903 f14c 

  0x000001c290300d58: ;   {metadata('java/awt/event/InvocationEvent')}
  0x000001c290300d58: 8b6e 5041 | 81f9 18e6 | 0a01 0f84 | f000 0000 

  0x000001c290300d68: ;   {metadata('java/awt/event/MouseEvent')}
  0x000001c290300d68: 4181 f990 | 670d 0174 | 5b4c 8b5e 

  0x000001c290300d74: ;   {metadata('java/awt/ActiveEvent')}
  0x000001c290300d74: 2048 b810 | e40a 2000 | 0000 004c | 3bd8 0f84 | d000 0000 | 4833 ff4c | 8b9e a800 | 0000 498b 
  0x000001c290300d94: d348 c1e2 | 300f 8921 | 0000 00f3 | 480f b8d2 | 488b 5e28 | 483b 04d3 | 7415 490f | bae3 1073 
  0x000001c290300db4: 0b49 c1cb 

  0x000001c290300db8: ;   {runtime_call Stub::lookup_secondary_supers_table_slow_path}
  0x000001c290300db8: 0fe8 4536 | a3ff eb03 | 48ff c748 | 85ff 0f84 | 8c00 0000 

  0x000001c290300dcc: ; implicit exception: dispatches to 0x000001c290301e3c
  0x000001c290300dcc: 478b 5cd4 

  0x000001c290300dd0: ;   {metadata('java/awt/Component')}
  0x000001c290300dd0: 0849 b978 | cb00 2000 | 0000 00b9 | 0000 001f | 4903 cb4c | 8b59 384d | 3bd9 0f85 | 100e 0000 
  0x000001c290300df0: 498b ed4b | 8d14 d44c | 8b44 2448 | 9048 b850 | 66f7 a7c2 

  0x000001c290300e04: ;   {virtual_call}
  0x000001c290300e04: 0100 00e8 

  0x000001c290300e08: ; ImmutableOopMap {[72]=Oop }
                      ;*invokevirtual dispatchEventImpl {reexecute=0 rethrow=0 return_oop=0}
                      ; - java.awt.Component::dispatchEvent@2 (line 4790)
                      ; - java.awt.EventQueue::dispatchEventImpl@41 (line 725)
                      ; - java.awt.EventQueue::dispatchEvent@22 (line 702)
  0x000001c290300e08: 8c4d b2ff 

  0x000001c290300e0c: ;   {post_call_nop}
  0x000001c290300e0c: 0f1f 8400 | 0402 0000 

  0x000001c290300e14: ;   {metadata('java/awt/event/InputEvent')}
  0x000001c290300e14: 49ba 88f0 | 0120 0000 | 0000 493b | ea0f 8559 

  0x000001c290300e24: ;   {oop(a 'java/lang/Class'{0x00000007112967c8} = 'sun/awt/AWTAccessor')}
  0x000001c290300e24: 0800 0049 | bac8 6729 | 1107 0000 | 0045 8b82 | 8c00 0000 

  0x000001c290300e38: ; implicit exception: dispatches to 0x000001c290301e68
  0x000001c290300e38: 478b 5cc4 | 0848 8b6c 

  0x000001c290300e40: ;   {metadata('java/awt/event/InputEvent$1')}
  0x000001c290300e40: 2448 4181 | fbc0 fb01 | 010f 85cd | 0d00 0044 | 8865 28e9 | 2808 0000 | 418b 682c 

  0x000001c290300e5c: ; implicit exception: dispatches to 0x000001c290301d40
  0x000001c290300e5c: 458b 5cec 

  0x000001c290300e60: ;   {metadata('java/util/concurrent/locks/ReentrantLock')}
  0x000001c290300e60: 0841 81fb | 0088 1d00 | 0f85 d20a | 0000 4d8d | 14ec 418b | 4a0c 85c9 | 0f84 a60a | 0000 4d8b 
  0x000001c290300e80: 9710 0400 | 0049 8b1a | 33c0 41ba | 0100 0000 | f045 0fb1 | 54cc 1841 | 0f94 c245 | 0fb6 d245 
  0x000001c290300ea0: 85d2 0f84 | d108 0000 | 498d 7ccc | 0c41 807f | 4800 0f85 | bc10 0000 | 4c8b d349 | c1ea 0344 
  0x000001c290300ec0: 8917 4c8b | df4c 33db | 49c1 eb15 | 0f84 1e00 | 0000 4c8b | df49 c1eb | 0949 ba00 | 508f f6c2 
  0x000001c290300ee0: 0100 004d | 03da 4180 | 3b02 0f85 | 0011 0000 

  0x000001c290300ef0: ;   {oop(a 'java/lang/Class'{0x00000007110fbb88} = 'java/awt/EventQueue')}
  0x000001c290300ef0: 49ba 88bb | 0f11 0700 | 0000 410f | b6aa b000 | 0000 85ed | 0f85 520c | 0000 418b | 6834 4c8b 
  0x000001c290300f10: d549 c1e2 | 0349 3bda | 0f85 560c | 0000 498b | 87c8 0100 | 004c 8bd0 | 4983 c220 | 4d3b 97d8 
  0x000001c290300f30: 0100 000f | 8349 0900 | 004d 8997 | c801 0000 | 410f 1882 | 0001 0000 | 48c7 0001 

  0x000001c290300f4c: ;   {metadata('java/lang/ref/WeakReference')}
  0x000001c290300f4c: 0000 00c7 | 4008 6873 | 1b00 4c89 | 6010 4c89 | 6018 4c8b | 5424 484d | 8bda 49c1 | eb03 4489 
  0x000001c290300f6c: ;   {oop(a 'java/lang/ref/ReferenceQueue$Null'{0x0000000711402268})}
  0x000001c290300f6c: 580c 41bb | 4d04 28e2 | 488d 4810 | 4489 19f0 | 8344 24c0 | 004d 8d58 | 4041 807f | 4800 0f85 
  0x000001c290300f8c: d510 0000 | 488b c848 | c1e9 0341 | 890b 4d8b | d34c 33d0 | 49c1 ea15 | 0f84 1e00 | 0000 4d8b 
  0x000001c290300fac: d349 c1ea | 0948 b900 | 508f f6c2 | 0100 004c | 03d1 4180 | 3a02 0f85 | 2011 0000 

  0x000001c290300fc8: ;   {metadata('java/awt/event/InputEvent')}
  0x000001c290300fc8: 49ba 88f0 | 0120 0000 | 0000 4d3b | ea0f 85b5 | 0600 004c | 8b54 2448 | 4d8b 5220 

  0x000001c290300fe4: ;   {metadata('java/awt/event/KeyEvent')}
  0x000001c290300fe4: 4181 f980 | f604 0175 | 044d 8950 | 184d 8b58 | 1041 8b68 | 2c4d 3bd3 | 4d0f 4cd3 | 4d89 5010 
  0x000001c290301004: ; implicit exception: dispatches to 0x000001c290301d5c
  0x000001c290301004: 458b 54ec 

  0x000001c290301008: ;   {metadata('java/util/concurrent/locks/ReentrantLock')}
  0x000001c290301008: 0841 81fa | 0088 1d00 | 0f85 4e09 | 0000 4d8d | 14ec 418b | 4a0c 458b | 54cc 1841 | 8b6c cc0c 
  0x000001c290301028: 4c8b dd49 | c1e3 034c | 3bdb 0f85 | 580b 0000 | 4183 fa01 | 7516 4d33 | db4d 8d4c | cc0c 4180 
  0x000001c290301048: 7f48 000f | 850c 1100 | 0045 8919 | 458d 5aff | 4589 5ccc | 18f0 8344 | 24c0 0041 | 83fa 0175 
  0x000001c290301068: 1845 8b54 | cc10 4585 | d274 0e47 | 8b44 d414 | 4585 c00f | 854e 0600 | 0048 8b54 | 2448 448b 
  0x000001c290301088: ;   {metadata('java/awt/event/InvocationEvent')}
  0x000001c290301088: 5a08 4181 | fb18 e60a | 010f 85a0 | 0700 0048 | 8954 2438 | 0fb6 6a1d | 85ed 0f85 | 040b 0000 
  0x000001c2903010a8: 448b 5228 

  0x000001c2903010ac: ; implicit exception: dispatches to 0x000001c290301d84
  0x000001c2903010ac: 478b 44d4 | 084b 8d3c 

  0x000001c2903010b4: ;   {metadata('sun/awt/GlobalCursorManager$NativeUpdater')}
  0x000001c2903010b4: d441 81f8 | 90a1 0d01 | 0f85 9306 | 0000 488d | 5c24 604c | 8b17 418b | 9fd8 0600 | 0041 f6c2 
  0x000001c2903010d4: 020f 8537 | 0000 0081 | fb27 0700 | 000f 8f4b | 0000 0049 | 3b7c 1ff8 | 7416 498b | c248 83c8 
  0x000001c2903010f4: 0149 83e2 | fef0 4c0f | b117 0f85 | 2e00 0000 | 4989 3c1f | 4183 87d8 | 0600 0008 | eb1e 4833 
  0x000001c290301114: c049 8b9f | c804 0000 | f049 0fb1 | 5a3e 740c | 483b d875 | 0949 ff82 | 8600 0000 | 33c0 0f85 
  0x000001c290301134: 5c08 0000 | 0fb6 5f0c | 85db 7404 | 4488 670c | 488d 4424 | 6041 8b87 | d806 0000 | 4c8b 1749 
  0x000001c290301154: 3b7c 07f8 | 0f85 2e00 | 0000 4183 | afd8 0600 | 0008 493b | 7c07 f00f | 845f 0000 | 0049 8bc2 
  0x000001c290301174: 4883 e0fc | 4983 ca01 | f04c 0fb1 | 170f 8582 | 1000 00e9 | 4400 0000 | 4983 ba86 | 0000 0000 
  0x000001c290301194: 7533 49c7 | 423e 0000 | 0000 f083 | 4424 c000 | 4983 ba8e | 0000 0000 | 7422 4983 | ba9e 0000 
  0x000001c2903011b4: ;   {other}
  0x000001c2903011b4: 0000 7518 | 4983 e2fd | 4d89 97e8 | 0500 0041 | 83ca 01eb | 0a49 ff8a | 8600 0000 | 4533 d20f 
  0x000001c2903011d4: 85e5 0700 | 0085 db0f | 8477 0400 | 008b 7710 

  0x000001c2903011e4: ; implicit exception: dispatches to 0x000001c290301d9c
  0x000001c2903011e4: 458b 54f4 | 1845 85d2 | 0f84 8607 | 0000 4b8d | 3cd4 498d | 2cf4 488d | 5c24 604c | 8b17 418b 
  0x000001c290301204: 9fd8 0600 | 0041 f6c2 | 020f 8537 | 0000 0081 | fb27 0700 | 000f 8f4b | 0000 0049 | 3b7c 1ff8 
  0x000001c290301224: 7416 498b | c248 83c8 | 0149 83e2 | fef0 4c0f | b117 0f85 | 2e00 0000 | 4989 3c1f | 4183 87d8 
  0x000001c290301244: 0600 0008 | eb1e 4833 | c049 8b9f | c804 0000 | f049 0fb1 | 5a3e 740c | 483b d875 | 0949 ff82 
  0x000001c290301264: 8600 0000 | 33c0 0f85 | 7307 0000 

  0x000001c290301270: ;   {runtime_call}
  0x000001c290301270: 49ba 0016 | 0f6b fd7f | 0000 41ff 

  0x000001c29030127c: ;   {post_call_nop}
  0x000001c29030127c: d20f 1f84 | 0000 0000 | 0049 8944 | f410 488d | 4424 6041 | 8b87 d806 | 0000 4c8b | 1749 3b7c 
  0x000001c29030129c: 07f8 0f85 | 2e00 0000 | 4183 afd8 | 0600 0008 | 493b 7c07 | f00f 845f | 0000 0049 | 8bc2 4883 
  0x000001c2903012bc: e0fc 4983 | ca01 f04c | 0fb1 170f | 852f 0f00 | 00e9 4400 | 0000 4983 | ba86 0000 | 0000 7533 
  0x000001c2903012dc: 49c7 423e | 0000 0000 | f083 4424 | c000 4983 | ba8e 0000 | 0000 7422 | 4983 ba9e | 0000 0000 
  0x000001c2903012fc: 7518 4983 | e2fd 4d89 | 97e8 0500 | 0041 83ca | 01eb 0a49 | ff8a 8600 | 0000 4533 | d20f 8505 
  0x000001c29030131c: 0700 0048 | 896c 2428 | 8974 2420 | 488b d545 

  0x000001c29030132c: ;   {optimized virtual_call}
  0x000001c29030132c: 33c0 90e8 

  0x000001c290301330: ; ImmutableOopMap {rbp=Oop [32]=NarrowOop [40]=Oop [56]=Oop }
                      ;*invokevirtual findHeavyweightUnderCursor {reexecute=0 rethrow=0 return_oop=1}
                      ; - sun.awt.GlobalCursorManager::_updateCursor@30 (line 178)
                      ; - sun.awt.GlobalCursorManager$NativeUpdater::run@39 (line 52)
                      ; - java.awt.event.InvocationEvent::dispatch@47 (line 323)
                      ; - java.awt.EventQueue::dispatchEventImpl@21 (line 723)
                      ; - java.awt.EventQueue::dispatchEvent@22 (line 702)
  0x000001c290301330: dcd2 fcff 

  0x000001c290301334: ;   {post_call_nop}
  0x000001c290301334: 0f1f 8400 | 2c07 0001 | 4c8b c048 | 85c0 0f84 | 1003 0000 | 448b 5808 

  0x000001c29030134c: ;   {metadata('java/awt/Window')}
  0x000001c29030134c: 49ba a0e3 | 0020 0000 | 0000 b900 | 0000 1f49 | 03cb 4c8b | 5948 4d3b | da0f 85de 

  0x000001c290301368: ;   {oop(a 'java/lang/Class'{0x00000007112967c8} = 'sun/awt/AWTAccessor')}
  0x000001c290301368: 0600 0049 | bac8 6729 | 1107 0000 | 0041 8b6a | 7c45 8b54 

  0x000001c29030137c: ;   {metadata('java/awt/Component$1')}
  0x000001c29030137c: ec08 4181 | fa10 2502 | 010f 85d5 | 0600 0049 | 8b87 c801 | 0000 458b | 480c 4c8b | d049 83c2 
  0x000001c29030139c: 1845 8b58 | 184d 3b97 | d801 0000 | 0f83 2405 | 0000 4d89 | 97c8 0100 | 0041 0f18 | 8200 0100 
  0x000001c2903013bc: 0048 c700 | 0100 0000 

  0x000001c2903013c4: ;   {metadata('java/awt/Point')}
  0x000001c2903013c4: c740 08c8 | a302 0144 | 8960 0c4c | 8960 104c | 8944 2430 | 4889 4c24 | 4044 894c | 2424 4489 
  0x000001c2903013e4: 5c24 4848 | 8944 2450 | 488b 5424 | 284c 8bc0 

  0x000001c2903013f4: ;   {optimized virtual_call}
  0x000001c2903013f4: 6666 90e8 

  0x000001c2903013f8: ; ImmutableOopMap {[32]=NarrowOop [40]=Oop [48]=Oop [56]=Oop [80]=Oop }
                      ;*invokevirtual getCursorPos {reexecute=0 rethrow=0 return_oop=0}
                      ; - sun.awt.GlobalCursorManager::_updateCursor@96 (line 191)
                      ; - sun.awt.GlobalCursorManager$NativeUpdater::run@39 (line 52)
                      ; - java.awt.event.InvocationEvent::dispatch@47 (line 323)
                      ; - java.awt.EventQueue::dispatchEventImpl@21 (line 723)
                      ; - java.awt.EventQueue::dispatchEvent@22 (line 702)
  0x000001c2903013f8: 14df fcff 

  0x000001c2903013fc: ;   {post_call_nop}
  0x000001c2903013fc: 0f1f 8400 | f407 0002 

  0x000001c290301404: ;   {oop(a 'java/lang/Class'{0x00000007112967c8} = 'sun/awt/AWTAccessor')}
  0x000001c290301404: 49ba c867 | 2911 0700 | 0000 418b | aa80 0000 | 0045 8b44 | ec08 4c8b | 5424 404d 

  0x000001c290301420: ;   {metadata('java/awt/Container')}
  0x000001c290301420: 8b52 4049 | bb68 d600 | 2000 0000 | 004d 3bd3 | 0f85 4e06 | 0000 4c8b | 5c24 304c | 8b54 2450 
  0x000001c290301440: 458b 4a0c | 458b 5210 | 442b 4c24 | 2444 2b54 

  0x000001c290301450: ;   {metadata('java/awt/Container$1')}
  0x000001c290301450: 2448 4181 | f870 4002 | 010f 8541 

  0x000001c29030145c: ;   {oop(a 'java/awt/Component$AWTTreeLock'{0x0000000711296538})}
  0x000001c29030145c: 0600 0048 | b938 6529 | 1107 0000 | 0048 8d5c | 2460 4c8b | 0141 8b9f | d806 0000 | 41f6 c002 
  0x000001c29030147c: 0f85 3700 | 0000 81fb | 2707 0000 | 0f8f 4b00 | 0000 493b | 4c1f f874 | 1649 8bc0 | 4883 c801 
  0x000001c29030149c: 4983 e0fe | f04c 0fb1 | 010f 852e | 0000 0049 | 890c 1f41 | 8387 d806 | 0000 08eb | 1e48 33c0 
  0x000001c2903014bc: 498b 9fc8 | 0400 00f0 | 490f b158 | 3e74 0c48 | 3bd8 7509 | 49ff 8086 | 0000 0033 | c00f 85ed 
  0x000001c2903014dc: 0500 0044 | 8954 2440 | 4489 4c24 | 2449 8beb | 498b d366 | 9048 b878 | 66f7 a7c2 

  0x000001c2903014f8: ;   {virtual_call}
  0x000001c2903014f8: 0100 00e8 

  0x000001c2903014fc: ; ImmutableOopMap {rbp=Oop [32]=NarrowOop [40]=Oop [48]=Oop [56]=Oop }
                      ;*invokevirtual isRecursivelyVisible {reexecute=0 rethrow=0 return_oop=0}
                      ; - java.awt.Container::findComponentAt@9 (line 2681)
                      ; - java.awt.Container$1::findComponentAt@5 (line 271)
                      ; - sun.awt.GlobalCursorManager::_updateCursor@126 (line 193)
                      ; - sun.awt.GlobalCursorManager$NativeUpdater::run@39 (line 52)
                      ; - java.awt.event.InvocationEvent::dispatch@47 (line 323)
                      ; - java.awt.EventQueue::dispatchEventImpl@21 (line 723)
                      ; - java.awt.EventQueue::dispatchEvent@22 (line 702)
  0x000001c2903014fc: 0048 b2ff 

  0x000001c290301500: ;   {post_call_nop}
  0x000001c290301500: 0f1f 8400 | f808 0003 | 85c0 0f84 | d806 0000 | 488b d544 | 8b44 2424 | 448b 4c24 

  0x000001c29030151c: ;   {optimized virtual_call}
  0x000001c29030151c: 4033 ffe8 

  0x000001c290301520: ; ImmutableOopMap {[32]=NarrowOop [40]=Oop [48]=Oop [56]=Oop }
                      ;*invokevirtual findComponentAtImpl {reexecute=0 rethrow=0 return_oop=1}
                      ; - java.awt.Container::findComponentAt@19 (line 2682)
                      ; - java.awt.Container$1::findComponentAt@5 (line 271)
                      ; - sun.awt.GlobalCursorManager::_updateCursor@126 (line 193)
                      ; - sun.awt.GlobalCursorManager$NativeUpdater::run@39 (line 52)
                      ; - java.awt.event.InvocationEvent::dispatch@47 (line 323)
                      ; - java.awt.EventQueue::dispatchEventImpl@21 (line 723)
                      ; - java.awt.EventQueue::dispatchEvent@22 (line 702)
  0x000001c290301520: 6c42 feff 

  0x000001c290301524: ;   {post_call_nop}
  0x000001c290301524: 0f1f 8400 | 1c09 0004 | 4889 4424 

  0x000001c290301530: ;   {oop(a 'java/awt/Component$AWTTreeLock'{0x0000000711296538})}
  0x000001c290301530: 4049 bb38 | 6529 1107 | 0000 0048 | 8d44 2460 | 418b 87d8 | 0600 004d | 8b13 4d3b | 5c07 f80f 
  0x000001c290301550: 852e 0000 | 0041 83af | d806 0000 | 084d 3b5c | 07f0 0f84 | 5f00 0000 | 498b c248 | 83e0 fc49 
  0x000001c290301570: 83ca 01f0 | 4d0f b113 | 0f85 710c | 0000 e944 | 0000 0049 | 83ba 8600 | 0000 0075 | 3349 c742 
  0x000001c290301590: 3e00 0000 | 00f0 8344 | 24c0 0049 | 83ba 8e00 | 0000 0074 | 2249 83ba | 9e00 0000 | 0075 1849 
  0x000001c2903015b0: 83e2 fd4d | 8997 e805 | 0000 4183 | ca01 eb0a | 49ff 8a86 | 0000 0045 | 33d2 0f85 | 3a05 0000 
  0x000001c2903015d0: 4c8b 5424 | 4045 8b5a 

  0x000001c2903015d8: ;   {oop(a 'java/lang/Class'{0x00000007112967c8} = 'sun/awt/AWTAccessor')}
  0x000001c2903015d8: 5c49 bac8 | 6729 1107 | 0000 0041 | 8b6a 7c45 | 8b54 ec08 

  0x000001c2903015ec: ;   {metadata('java/awt/Component$1')}
  0x000001c2903015ec: 4181 fa10 | 2502 010f | 853d 0500 | 0045 85db | 7406 4f8d | 0cdc eb3b | 4c8b 5424 | 4041 8b6a 
  0x000001c29030160c: 4445 8b5c | ec5c 4585 | db74 064b | 8d04 dceb | 1f41 8b6c | ec44 85ed | 0f84 0a06 | 0000 498d 
  0x000001c29030162c: ;   {optimized virtual_call}
  0x000001c29030162c: 14ec 90e8 

  0x000001c290301630: ; ImmutableOopMap {[40]=Oop [56]=Oop [64]=Oop }
                      ;*invokevirtual getCursor_NoClientCode {reexecute=0 rethrow=0 return_oop=1}
                      ; - java.awt.Component::getCursor_NoClientCode@21 (line 3217)
                      ; - java.awt.Component::getCursor_NoClientCode@21 (line 3217)
                      ; - java.awt.Component$1::getCursor@1 (line 912)
                      ; - sun.awt.GlobalCursorManager::_updateCursor@150 (line 205)
                      ; - sun.awt.GlobalCursorManager$NativeUpdater::run@39 (line 52)
                      ; - java.awt.event.InvocationEvent::dispatch@47 (line 323)
                      ; - java.awt.EventQueue::dispatchEventImpl@21 (line 723)
                      ; - java.awt.EventQueue::dispatchEvent@22 (line 702)
  0x000001c290301630: dc2e ffff 

  0x000001c290301634: ;   {post_call_nop}
  0x000001c290301634: 0f1f 8400 | 2c0a 0005 | 4c8b c848 | 8b54 2428 | 4c8b 4424 

  0x000001c290301648: ;   {optimized virtual_call}
  0x000001c290301648: 4033 ffe8 

  0x000001c29030164c: ; ImmutableOopMap {[56]=Oop }
                      ;*invokevirtual setCursor {reexecute=0 rethrow=0 return_oop=0}
                      ; - sun.awt.GlobalCursorManager::_updateCursor@156 (line 205)
                      ; - sun.awt.GlobalCursorManager$NativeUpdater::run@39 (line 52)
                      ; - java.awt.event.InvocationEvent::dispatch@47 (line 323)
                      ; - java.awt.EventQueue::dispatchEventImpl@21 (line 723)
                      ; - java.awt.EventQueue::dispatchEvent@22 (line 702)
  0x000001c29030164c: c0df fcff 

  0x000001c290301650: ;   {post_call_nop}
  0x000001c290301650: 0f1f 8400 | 480a 0006 | 4c8b 5424 | 3841 c642 | 1c01 f083 | 4424 c000 | 418b 6a2c | 85ed 0f85 
  0x000001c290301670: 4c05 0000 | 418b 6a30 | 85ed 0f85 | 5405 0000 | 4883 c470 

  0x000001c290301684: ;   {poll_return}
  0x000001c290301684: 5d49 3b67 | 280f 874a | 0b00 00c3 

  0x000001c290301690: ;   {metadata('java/awt/event/InputMethodEvent')}
  0x000001c290301690: 4181 f900 | 0e0b 010f | 84ab 0500 

  0x000001c29030169c: ;   {metadata('java/awt/event/ActionEvent')}
  0x000001c29030169c: 0041 81f9 | 505a 0201 | 0f84 b605 | 0000 4c8b 

  0x000001c2903016ac: ;   {metadata('java/awt/event/InvocationEvent')}
  0x000001c2903016ac: 5648 49bb | 18e6 0a20 | 0000 0000 | 4d3b d30f | 85e5 0000 | 004c 8b54 | 2448 4d8b | 5220 e922 
  0x000001c2903016cc: f9ff ff47 | 8b5c c40c | 4585 db0f | 84a4 f9ff | ff43 8b44 | c40c 448b | d041 83e2 | fef0 470f 
  0x000001c2903016ec: b154 c40c | 400f 94c5 | 400f b6ed | 85ed 0f84 | 7805 0000 | 478b 5cc4 | 1845 85db | 0f84 73f9 
  0x000001c29030170c: ffff 478b | 4cdc 084f 

  0x000001c290301714: ;   {metadata('java/lang/BaseVirtualThread')}
  0x000001c290301714: 8d04 dc49 | ba80 361a | 1f00 0000 | 0041 bb00 | 0000 1f4d | 03d9 4d8b | 5b40 4d3b | da0f 857e 
  0x000001c290301734: ;   {oop(a 'java/lang/System$1'{0x0000000711402338})}
  0x000001c290301734: 0000 0048 | ba38 2340 | 1107 0000 

  0x000001c290301740: ;   {optimized virtual_call}
  0x000001c290301740: 0066 90e8 

  0x000001c290301744: ; ImmutableOopMap {[72]=Oop }
                      ;*invokeinterface unparkVirtualThread {reexecute=0 rethrow=0 return_oop=0}
                      ; - java.util.concurrent.locks.LockSupport::unpark@15 (line 181)
                      ; - java.util.concurrent.locks.AbstractQueuedSynchronizer::signalNext@30 (line 646)
                      ; - java.util.concurrent.locks.AbstractQueuedSynchronizer::release@12 (line 1100)
                      ; - java.util.concurrent.locks.ReentrantLock::unlock@5 (line 495)
                      ; - java.awt.EventQueue::setCurrentEventAndMostRecentTimeImpl@168 (line 1236)
                      ; - java.awt.EventQueue::dispatchEventImpl@14 (line 722)
                      ; - java.awt.EventQueue::dispatchEvent@22 (line 702)
  0x000001c290301744: 98d6 a4ff 

  0x000001c290301748: ;   {post_call_nop}
  0x000001c290301748: 0f1f 8400 | 400b 0007 | e92c f9ff | ff48 8bd7 | 488b 6c24 | 3848 b8a0 | 66f7 a7c2 

  0x000001c290301764: ;   {virtual_call}
  0x000001c290301764: 0100 00e8 

  0x000001c290301768: ; ImmutableOopMap {rbp=Oop [56]=Oop }
                      ;*invokeinterface run {reexecute=0 rethrow=0 return_oop=0}
                      ; - java.awt.event.InvocationEvent::dispatch@47 (line 323)
                      ; - java.awt.EventQueue::dispatchEventImpl@21 (line 723)
                      ; - java.awt.EventQueue::dispatchEvent@22 (line 702)
  0x000001c290301768: c43e b2ff 

  0x000001c29030176c: ;   {post_call_nop}
  0x000001c29030176c: 0f1f 8400 | 640b 0008 | e9df feff | ff45 8b54 | cc0c 49c1 | e203 4c3b | d375 4a41 | 8b6c cc18 
  0x000001c29030178c: ffc5 85ed | 0f8c fa04 | 0000 4189 | 6ccc 18f0 | 8344 24c0 | 00e9 4af7 | ffff 49ba | 0000 0000 
  0x000001c2903017ac: 0000 0080 | e93c f8ff 

  0x000001c2903017b4: ;   {oop(a 'jdk/internal/misc/Unsafe'{0x00000007114035b0})}
  0x000001c2903017b4: ff48 bab0 | 3540 1107 

  0x000001c2903017bc: ;   {optimized virtual_call}
  0x000001c2903017bc: 0000 00e8 

  0x000001c2903017c0: ; ImmutableOopMap {[72]=Oop }
                      ;*invokevirtual unpark {reexecute=0 rethrow=0 return_oop=0}
                      ; - java.util.concurrent.locks.LockSupport::unpark@27 (line 183)
                      ; - java.util.concurrent.locks.AbstractQueuedSynchronizer::signalNext@30 (line 646)
                      ; - java.util.concurrent.locks.AbstractQueuedSynchronizer::release@12 (line 1100)
                      ; - java.util.concurrent.locks.ReentrantLock::unlock@5 (line 495)
                      ; - java.awt.EventQueue::setCurrentEventAndMostRecentTimeImpl@168 (line 1236)
                      ; - java.awt.EventQueue::dispatchEventImpl@14 (line 722)
                      ; - java.awt.EventQueue::dispatchEvent@22 (line 702)
  0x000001c2903017c0: 1cd6 a4ff 

  0x000001c2903017c4: ;   {post_call_nop}
  0x000001c2903017c4: 0f1f 8400 | bc0b 0009 | e9b0 f8ff | ff48 895c | 2440 4c89 | 6c24 3848 | 8974 2430 | 4489 4c24 
  0x000001c2903017e4: 284c 8944 | 2420 488b | 6c24 484d | 8d14 cc4c | 8954 2448 | 498b d241 | b801 0000 

  0x000001c290301800: ;   {optimized virtual_call}
  0x000001c290301800: 0066 90e8 

  0x000001c290301804: ; ImmutableOopMap {rbp=Oop [32]=Oop [64]=Oop [72]=Oop }
                      ;*invokevirtual tryAcquire {reexecute=0 rethrow=0 return_oop=0}
                      ; - java.util.concurrent.locks.AbstractQueuedSynchronizer::acquire@2 (line 1029)
                      ; - java.util.concurrent.locks.ReentrantLock$Sync::lock@9 (line 154)
                      ; - java.util.concurrent.locks.ReentrantLock::lock@4 (line 323)
                      ; - java.awt.EventQueue::setCurrentEventAndMostRecentTimeImpl@4 (line 1201)
                      ; - java.awt.EventQueue::dispatchEventImpl@14 (line 722)
                      ; - java.awt.EventQueue::dispatchEvent@22 (line 702)
  0x000001c290301804: d8d5 a4ff 

  0x000001c290301808: ;   {post_call_nop}
  0x000001c290301808: 0f1f 8400 | 000c 000a | 85c0 7441 | 4889 6c24 | 484c 8b44 | 2420 448b | 4c24 2848 | 8b74 2430 
  0x000001c290301828: 4c8b 6c24 | 3848 8b5c | 2440 e9b9 | f6ff ff66 | 9048 b8c8 | 66f7 a7c2 

  0x000001c290301840: ;   {virtual_call}
  0x000001c290301840: 0100 00e8 

  0x000001c290301844: ; ImmutableOopMap {}
                      ;*invokeinterface dispatch {reexecute=0 rethrow=0 return_oop=0}
                      ; - java.awt.EventQueue::dispatchEventImpl@21 (line 723)
                      ; - java.awt.EventQueue::dispatchEvent@22 (line 702)
  0x000001c290301844: e83d b2ff 

  0x000001c290301848: ;   {post_call_nop}
  0x000001c290301848: 0f1f 8400 | 400c 000b | e92b feff | ff45 33c0 | 488b 5424 | 4841 b901 | 0000 0033 | ff33 f633 
  0x000001c290301868: c945 33d2 | 4c89 1424 

  0x000001c290301870: ;   {optimized virtual_call}
  0x000001c290301870: 6666 90e8 

  0x000001c290301874: ; ImmutableOopMap {rbp=Oop [32]=Oop [64]=Oop }
                      ;*invokevirtual acquire {reexecute=0 rethrow=0 return_oop=0}
                      ; - java.util.concurrent.locks.AbstractQueuedSynchronizer::acquire@15 (line 1030)
                      ; - java.util.concurrent.locks.ReentrantLock$Sync::lock@9 (line 154)
                      ; - java.util.concurrent.locks.ReentrantLock::lock@4 (line 323)
                      ; - java.awt.EventQueue::setCurrentEventAndMostRecentTimeImpl@4 (line 1201)
                      ; - java.awt.EventQueue::dispatchEventImpl@14 (line 722)
                      ; - java.awt.EventQueue::dispatchEvent@22 (line 702)
  0x000001c290301874: 68d5 a4ff 

  0x000001c290301878: ;   {post_call_nop}
  0x000001c290301878: 0f1f 8400 | 700c 000c | eb92 4889 | 5c24 404c | 896c 2438 | 4889 7424 | 3044 894c | 2428 4c89 
  0x000001c290301898: ;   {metadata('java/lang/ref/WeakReference')}
  0x000001c290301898: 4424 2048 | ba68 731b | 1f00 0000 

  0x000001c2903018a4: ;   {runtime_call C2 Runtime new_instance}
  0x000001c2903018a4: 0066 90e8 

  0x000001c2903018a8: ; ImmutableOopMap {[32]=Oop [64]=Oop [72]=Oop }
                      ;*new {reexecute=0 rethrow=0 return_oop=1}
                      ; - java.awt.EventQueue::setCurrentEventAndMostRecentTimeImpl@36 (line 1207)
                      ; - java.awt.EventQueue::dispatchEventImpl@14 (line 722)
                      ; - java.awt.EventQueue::dispatchEvent@22 (line 702)
  0x000001c2903018a8: b42d b2ff 

  0x000001c2903018ac: ;   {post_call_nop}
  0x000001c2903018ac: 0f1f 8400 | a40c 000d | 4c8b 4424 | 2044 8b4c | 2428 488b | 7424 304c | 8b6c 2438 | 488b 5c24 
  0x000001c2903018cc: 40e9 8cf6 | ffff 4489 | 5c24 4844 | 894c 2424 | 4889 4c24 | 404c 8944 

  0x000001c2903018e4: ;   {metadata('java/awt/Point')}
  0x000001c2903018e4: 2430 48ba | c8a3 0220 | 0000 0000 

  0x000001c2903018f0: ;   {runtime_call C2 Runtime new_instance}
  0x000001c2903018f0: 6666 90e8 

  0x000001c2903018f4: ; ImmutableOopMap {[32]=NarrowOop [40]=Oop [48]=Oop [56]=Oop }
                      ;*new {reexecute=0 rethrow=0 return_oop=1}
                      ; - sun.awt.GlobalCursorManager::_updateCursor@86 (line 190)
                      ; - sun.awt.GlobalCursorManager$NativeUpdater::run@39 (line 52)
                      ; - java.awt.event.InvocationEvent::dispatch@47 (line 323)
                      ; - java.awt.EventQueue::dispatchEventImpl@21 (line 723)
                      ; - java.awt.EventQueue::dispatchEvent@22 (line 702)
  0x000001c2903018f4: 682d b2ff 

  0x000001c2903018f8: ;   {post_call_nop}
  0x000001c2903018f8: 0f1f 8400 | f00c 000e | e9e2 faff | ffba ecff | ffff 4c89 | 4424 2044 | 8954 2430 

  0x000001c290301914: ;   {runtime_call UncommonTrapBlob}
  0x000001c290301914: 6666 90e8 

  0x000001c290301918: ; ImmutableOopMap {rbp=NarrowOop [32]=Oop [48]=NarrowOop [72]=Oop }
                      ;*ifnull {reexecute=1 rethrow=0 return_oop=0}
                      ; - (reexecute) java.awt.EventQueue::dispatchEvent@9 (line 701)
  0x000001c290301918: 44e2 b1ff 

  0x000001c29030191c: ;   {post_call_nop}
  0x000001c29030191c: 0f1f 8400 | 140d 000f | baf6 ffff | ff48 8b6c | 2448 4c89 

  0x000001c290301930: ;   {runtime_call UncommonTrapBlob}
  0x000001c290301930: 4424 20e8 

  0x000001c290301934: ; ImmutableOopMap {rbp=Oop [32]=Oop }
                      ;*invokevirtual lock {reexecute=0 rethrow=0 return_oop=0}
                      ; - java.util.concurrent.locks.ReentrantLock::lock@4 (line 323)
                      ; - java.awt.EventQueue::setCurrentEventAndMostRecentTimeImpl@4 (line 1201)
                      ; - java.awt.EventQueue::dispatchEventImpl@14 (line 722)
                      ; - java.awt.EventQueue::dispatchEvent@22 (line 702)
  0x000001c290301934: 28e2 b1ff 

  0x000001c290301938: ;   {post_call_nop}
  0x000001c290301938: 0f1f 8400 | 300d 0010 | bade ffff | ff48 ff74 | 2448 488f | 4424 204c | 8944 2428 

  0x000001c290301954: ;   {runtime_call UncommonTrapBlob}
  0x000001c290301954: 6666 90e8 

  0x000001c290301958: ; ImmutableOopMap {rbp=NarrowOop [32]=Oop [40]=Oop }
                      ;*invokeinterface lock {reexecute=0 rethrow=0 return_oop=0}
                      ; - java.awt.EventQueue::setCurrentEventAndMostRecentTimeImpl@4 (line 1201)
                      ; - java.awt.EventQueue::dispatchEventImpl@14 (line 722)
                      ; - java.awt.EventQueue::dispatchEvent@22 (line 702)
  0x000001c290301958: 04e2 b1ff 

  0x000001c29030195c: ;   {post_call_nop}
  0x000001c29030195c: 0f1f 8400 | 540d 0011 | bade ffff 

  0x000001c290301968: ;   {runtime_call UncommonTrapBlob}
  0x000001c290301968: ff66 90e8 

  0x000001c29030196c: ; ImmutableOopMap {rbp=NarrowOop [72]=Oop }
                      ;*invokeinterface unlock {reexecute=0 rethrow=0 return_oop=0}
                      ; - java.awt.EventQueue::setCurrentEventAndMostRecentTimeImpl@168 (line 1236)
                      ; - java.awt.EventQueue::dispatchEventImpl@14 (line 722)
                      ; - java.awt.EventQueue::dispatchEvent@22 (line 702)
  0x000001c29030196c: f0e1 b1ff 

  0x000001c290301970: ;   {post_call_nop}
  0x000001c290301970: 0f1f 8400 | 680d 0012 | baf6 ffff | ff48 8b6c | 2438 8974 

  0x000001c290301984: ;   {runtime_call UncommonTrapBlob}
  0x000001c290301984: 2420 90e8 

  0x000001c290301988: ; ImmutableOopMap {rbp=Oop [32]=NarrowOop }
                      ;*monitorenter {reexecute=0 rethrow=0 return_oop=0}
                      ; - sun.awt.GlobalCursorManager::_updateCursor@6 (line 170)
                      ; - sun.awt.GlobalCursorManager$NativeUpdater::run@39 (line 52)
                      ; - java.awt.event.InvocationEvent::dispatch@47 (line 323)
                      ; - java.awt.EventQueue::dispatchEventImpl@21 (line 723)
                      ; - java.awt.EventQueue::dispatchEvent@22 (line 702)
  0x000001c290301988: d4e1 b1ff 

  0x000001c29030198c: ;   {post_call_nop}
  0x000001c29030198c: 0f1f 8400 | 840d 0013 | 4889 7c24 | 2048 8bea | 488b d74c | 8d44 2460 

  0x000001c2903019a4: ;   {runtime_call C2 Runtime complete_monitor_locking}
  0x000001c2903019a4: 6666 90e8 

  0x000001c2903019a8: ; ImmutableOopMap {rbp=Oop [32]=Oop [56]=Oop }
                      ;*monitorenter {reexecute=0 rethrow=0 return_oop=0}
                      ; - sun.awt.GlobalCursorManager$NativeUpdater::run@5 (line 45)
                      ; - java.awt.event.InvocationEvent::dispatch@47 (line 323)
                      ; - java.awt.EventQueue::dispatchEventImpl@21 (line 723)
                      ; - java.awt.EventQueue::dispatchEvent@22 (line 702)
  0x000001c2903019a8: 3437 b2ff 

  0x000001c2903019ac: ;   {post_call_nop}
  0x000001c2903019ac: 0f1f 8400 | a40d 0014 | 488b 7c24 | 20e9 7af7 | ffff 488b | cf48 8d54 | 2460 4d8b 

  0x000001c2903019c8: ;   {runtime_call}
  0x000001c2903019c8: c749 ba20 | a916 6bfd | 7f00 0041 

  0x000001c2903019d4: ;   {post_call_nop}
  0x000001c2903019d4: ffd2 0f1f | 8400 0000 | 0000 e9f6 | f7ff ff48 | 896c 2430 | 4889 7c24 | 2889 7424 | 2048 8b6c 
  0x000001c2903019f4: 2438 488b | d74c 8d44 

  0x000001c2903019fc: ;   {runtime_call C2 Runtime complete_monitor_locking}
  0x000001c2903019fc: 2460 90e8 

  0x000001c290301a00: ; ImmutableOopMap {rbp=Oop [32]=NarrowOop [40]=Oop [48]=Oop }
                      ;*monitorenter {reexecute=0 rethrow=0 return_oop=0}
                      ; - sun.awt.GlobalCursorManager::_updateCursor@6 (line 170)
                      ; - sun.awt.GlobalCursorManager$NativeUpdater::run@39 (line 52)
                      ; - java.awt.event.InvocationEvent::dispatch@47 (line 323)
                      ; - java.awt.EventQueue::dispatchEventImpl@21 (line 723)
                      ; - java.awt.EventQueue::dispatchEvent@22 (line 702)
  0x000001c290301a00: dc36 b2ff 

  0x000001c290301a04: ;   {post_call_nop}
  0x000001c290301a04: 0f1f 8400 | fc0d 0015 | 4889 6c24 | 388b 7424 | 2048 8b7c | 2428 488b | 6c24 30e9 | 4cf8 ffff 
  0x000001c290301a24: 488b cf48 | 8d54 2460 

  0x000001c290301a2c: ;   {runtime_call}
  0x000001c290301a2c: 4d8b c749 | ba20 a916 | 6bfd 7f00 | 0041 ffd2 

  0x000001c290301a3c: ;   {post_call_nop}
  0x000001c290301a3c: 0f1f 8400 | 0000 0000 | e9d6 f8ff | ffba 45ff | ffff 4889 

  0x000001c290301a50: ;   {runtime_call UncommonTrapBlob}
  0x000001c290301a50: 4424 28e8 

  0x000001c290301a54: ; ImmutableOopMap {[32]=NarrowOop [40]=Oop [56]=Oop }
                      ;*ifeq {reexecute=1 rethrow=0 return_oop=0}
                      ; - (reexecute) sun.awt.GlobalCursorManager::_updateCursor@50 (line 184)
                      ; - sun.awt.GlobalCursorManager$NativeUpdater::run@39 (line 52)
                      ; - java.awt.event.InvocationEvent::dispatch@47 (line 323)
                      ; - java.awt.EventQueue::dispatchEventImpl@21 (line 723)
                      ; - java.awt.EventQueue::dispatchEvent@22 (line 702)
  0x000001c290301a54: 08e1 b1ff 

  0x000001c290301a58: ;   {post_call_nop}
  0x000001c290301a58: 0f1f 8400 | 500e 0016 | bade ffff | ff48 ff74 | 2438 488f | 4424 2848 | 8944 2438 

  0x000001c290301a74: ;   {runtime_call UncommonTrapBlob}
  0x000001c290301a74: 6666 90e8 

  0x000001c290301a78: ; ImmutableOopMap {rbp=NarrowOop [32]=NarrowOop [40]=Oop [56]=Oop }
                      ;*invokeinterface getLocation {reexecute=0 rethrow=0 return_oop=0}
                      ; - sun.awt.GlobalCursorManager::_updateCursor@58 (line 185)
                      ; - sun.awt.GlobalCursorManager$NativeUpdater::run@39 (line 52)
                      ; - java.awt.event.InvocationEvent::dispatch@47 (line 323)
                      ; - java.awt.EventQueue::dispatchEventImpl@21 (line 723)
                      ; - java.awt.EventQueue::dispatchEvent@22 (line 702)
  0x000001c290301a78: e4e0 b1ff 

  0x000001c290301a7c: ;   {post_call_nop}
  0x000001c290301a7c: 0f1f 8400 | 740e 0017 | bade ffff | ff48 ff74 | 2438 488f 

  0x000001c290301a90: ;   {runtime_call UncommonTrapBlob}
  0x000001c290301a90: 4424 28e8 

  0x000001c290301a94: ; ImmutableOopMap {rbp=NarrowOop [32]=NarrowOop [40]=Oop [48]=Oop [80]=Oop }
                      ;*checkcast {reexecute=0 rethrow=0 return_oop=0}
                      ; - sun.awt.GlobalCursorManager::_updateCursor@104 (line 192)
                      ; - sun.awt.GlobalCursorManager$NativeUpdater::run@39 (line 52)
                      ; - java.awt.event.InvocationEvent::dispatch@47 (line 323)
                      ; - java.awt.EventQueue::dispatchEventImpl@21 (line 723)
                      ; - java.awt.EventQueue::dispatchEvent@22 (line 702)
  0x000001c290301a94: c8e0 b1ff 

  0x000001c290301a98: ;   {post_call_nop}
  0x000001c290301a98: 0f1f 8400 | 900e 0018 | bade ffff | ff48 ff74 | 2438 488f | 4424 284c | 895c 2438 | 4489 4c24 
  0x000001c290301ab8: 2444 8954 

  0x000001c290301abc: ;   {runtime_call UncommonTrapBlob}
  0x000001c290301abc: 2440 90e8 

  0x000001c290301ac0: ; ImmutableOopMap {rbp=NarrowOop [32]=NarrowOop [40]=Oop [48]=Oop [56]=Oop }
                      ;*invokeinterface findComponentAt {reexecute=0 rethrow=0 return_oop=0}
                      ; - sun.awt.GlobalCursorManager::_updateCursor@126 (line 193)
                      ; - sun.awt.GlobalCursorManager$NativeUpdater::run@39 (line 52)
                      ; - java.awt.event.InvocationEvent::dispatch@47 (line 323)
                      ; - java.awt.EventQueue::dispatchEventImpl@21 (line 723)
                      ; - java.awt.EventQueue::dispatchEvent@22 (line 702)
  0x000001c290301ac0: 9ce0 b1ff 

  0x000001c290301ac4: ;   {post_call_nop}
  0x000001c290301ac4: 0f1f 8400 | bc0e 0019 | 4489 5424 | 4044 894c | 2424 498b 

  0x000001c290301ad8: ;   {oop(a 'java/awt/Component$AWTTreeLock'{0x0000000711296538})}
  0x000001c290301ad8: eb48 ba38 | 6529 1107 | 0000 004c | 8d44 2460 

  0x000001c290301ae8: ;   {runtime_call C2 Runtime complete_monitor_locking}
  0x000001c290301ae8: 6666 90e8 

  0x000001c290301aec: ; ImmutableOopMap {rbp=Oop [32]=NarrowOop [40]=Oop [48]=Oop [56]=Oop }
                      ;*monitorenter {reexecute=0 rethrow=0 return_oop=0}
                      ; - java.awt.Container::findComponentAt@7 (line 2680)
                      ; - java.awt.Container$1::findComponentAt@5 (line 271)
                      ; - sun.awt.GlobalCursorManager::_updateCursor@126 (line 193)
                      ; - sun.awt.GlobalCursorManager$NativeUpdater::run@39 (line 52)
                      ; - java.awt.event.InvocationEvent::dispatch@47 (line 323)
                      ; - java.awt.EventQueue::dispatchEventImpl@21 (line 723)
                      ; - java.awt.EventQueue::dispatchEvent@22 (line 702)
  0x000001c290301aec: f035 b2ff 

  0x000001c290301af0: ;   {post_call_nop}
  0x000001c290301af0: 0f1f 8400 | e80e 001a | 4c8b dd44 | 8b4c 2424 | 448b 5424 | 40e9 d5f9 

  0x000001c290301b08: ;   {oop(a 'java/awt/Component$AWTTreeLock'{0x0000000711296538})}
  0x000001c290301b08: ffff 48b9 | 3865 2911 | 0700 0000 | 488d 5424 | 604d 8bc7 

  0x000001c290301b1c: ;   {runtime_call}
  0x000001c290301b1c: 49ba 20a9 | 166b fd7f | 0000 41ff 

  0x000001c290301b28: ;   {post_call_nop}
  0x000001c290301b28: d20f 1f84 | 0000 0000 | 00e9 9afa | ffff bade | ffff ff48 | ff74 2438 | 488f 4424 | 2848 ff74 
  0x000001c290301b48: 2440 488f 

  0x000001c290301b4c: ;   {runtime_call UncommonTrapBlob}
  0x000001c290301b4c: 4424 30e8 

  0x000001c290301b50: ; ImmutableOopMap {rbp=NarrowOop [32]=NarrowOop [40]=Oop [48]=Oop }
                      ;*invokeinterface getCursor {reexecute=0 rethrow=0 return_oop=0}
                      ; - sun.awt.GlobalCursorManager::_updateCursor@150 (line 205)
                      ; - sun.awt.GlobalCursorManager$NativeUpdater::run@39 (line 52)
                      ; - java.awt.event.InvocationEvent::dispatch@47 (line 323)
                      ; - java.awt.EventQueue::dispatchEventImpl@21 (line 723)
                      ; - java.awt.EventQueue::dispatchEvent@22 (line 702)
  0x000001c290301b50: 0ce0 b1ff 

  0x000001c290301b54: ;   {post_call_nop}
  0x000001c290301b54: 0f1f 8400 | 4c0f 001b | ba45 ffff | ff4c 8944 

  0x000001c290301b64: ;   {runtime_call UncommonTrapBlob}
  0x000001c290301b64: 2428 90e8 

  0x000001c290301b68: ; ImmutableOopMap {[40]=Oop [72]=Oop }
                      ;*ifne {reexecute=1 rethrow=0 return_oop=0}
                      ; - (reexecute) java.awt.EventQueue::setCurrentEventAndMostRecentTimeImpl@12 (line 1203)
                      ; - java.awt.EventQueue::dispatchEventImpl@14 (line 722)
                      ; - java.awt.EventQueue::dispatchEvent@22 (line 702)
  0x000001c290301b68: f4df b1ff 

  0x000001c290301b6c: ;   {post_call_nop}
  0x000001c290301b6c: 0f1f 8400 | 640f 001c | ba45 ffff | ff4c 8944 | 2428 4889 

  0x000001c290301b80: ;   {runtime_call UncommonTrapBlob}
  0x000001c290301b80: 5c24 30e8 

  0x000001c290301b84: ; ImmutableOopMap {rbp=NarrowOop [40]=Oop [48]=Oop [72]=Oop }
                      ;*if_acmpeq {reexecute=1 rethrow=0 return_oop=0}
                      ; - (reexecute) java.awt.EventQueue::setCurrentEventAndMostRecentTimeImpl@22 (line 1203)
                      ; - java.awt.EventQueue::dispatchEventImpl@14 (line 722)
                      ; - java.awt.EventQueue::dispatchEvent@22 (line 702)
  0x000001c290301b84: d8df b1ff 

  0x000001c290301b88: ;   {post_call_nop}
  0x000001c290301b88: 0f1f 8400 | 800f 001d | ba45 ffff | ff89 4c24 | 2848 895c 

  0x000001c290301b9c: ;   {runtime_call UncommonTrapBlob}
  0x000001c290301b9c: 2430 90e8 

  0x000001c290301ba0: ; ImmutableOopMap {rbp=NarrowOop [40]=NarrowOop [48]=Oop [72]=Oop }
                      ;*if_acmpeq {reexecute=1 rethrow=0 return_oop=0}
                      ; - (reexecute) java.util.concurrent.locks.ReentrantLock$Sync::tryRelease@14 (line 175)
                      ; - java.util.concurrent.locks.AbstractQueuedSynchronizer::release@2 (line 1099)
                      ; - java.util.concurrent.locks.ReentrantLock::unlock@5 (line 495)
                      ; - java.awt.EventQueue::setCurrentEventAndMostRecentTimeImpl@168 (line 1236)
                      ; - java.awt.EventQueue::dispatchEventImpl@14 (line 722)
                      ; - java.awt.EventQueue::dispatchEvent@22 (line 702)
  0x000001c290301ba0: bcdf b1ff 

  0x000001c290301ba4: ;   {post_call_nop}
  0x000001c290301ba4: 0f1f 8400 | 9c0f 001e | ba45 ffff 

  0x000001c290301bb0: ;   {runtime_call UncommonTrapBlob}
  0x000001c290301bb0: ff66 90e8 

  0x000001c290301bb4: ; ImmutableOopMap {[56]=Oop }
                      ;*ifeq {reexecute=1 rethrow=0 return_oop=0}
                      ; - (reexecute) java.awt.event.InvocationEvent::dispatch@4 (line 311)
                      ; - java.awt.EventQueue::dispatchEventImpl@21 (line 723)
                      ; - java.awt.EventQueue::dispatchEvent@22 (line 702)
  0x000001c290301bb4: a8df b1ff 

  0x000001c290301bb8: ;   {post_call_nop}
  0x000001c290301bb8: 0f1f 8400 | b00f 001f | ba45 ffff 

  0x000001c290301bc4: ;   {runtime_call UncommonTrapBlob}
  0x000001c290301bc4: ff66 90e8 

  0x000001c290301bc8: ; ImmutableOopMap {rbp=NarrowOop [56]=Oop }
                      ;*ifnull {reexecute=1 rethrow=0 return_oop=0}
                      ; - (reexecute) java.awt.event.InvocationEvent::finishedDispatching@9 (line 407)
                      ; - java.awt.event.InvocationEvent::dispatch@54 (line 326)
                      ; - java.awt.EventQueue::dispatchEventImpl@21 (line 723)
                      ; - java.awt.EventQueue::dispatchEvent@22 (line 702)
  0x000001c290301bc8: 94df b1ff 

  0x000001c290301bcc: ;   {post_call_nop}
  0x000001c290301bcc: 0f1f 8400 | c40f 0020 | ba45 ffff 

  0x000001c290301bd8: ;   {runtime_call UncommonTrapBlob}
  0x000001c290301bd8: ff66 90e8 

  0x000001c290301bdc: ; ImmutableOopMap {rbp=NarrowOop [56]=Oop }
                      ;*ifnull {reexecute=1 rethrow=0 return_oop=0}
                      ; - (reexecute) java.awt.event.InvocationEvent::finishedDispatching@40 (line 413)
                      ; - java.awt.event.InvocationEvent::dispatch@54 (line 326)
                      ; - java.awt.EventQueue::dispatchEventImpl@21 (line 723)
                      ; - java.awt.EventQueue::dispatchEvent@22 (line 702)
  0x000001c290301bdc: 80df b1ff 

  0x000001c290301be0: ;   {post_call_nop}
  0x000001c290301be0: 0f1f 8400 | d80f 0021 | ba45 ffff | ff89 4424 

  0x000001c290301bf0: ;   {runtime_call UncommonTrapBlob}
  0x000001c290301bf0: 2466 90e8 

  0x000001c290301bf4: ; ImmutableOopMap {[32]=NarrowOop [48]=Oop [56]=Oop }
                      ;*ifeq {reexecute=1 rethrow=0 return_oop=0}
                      ; - (reexecute) java.awt.Container::findComponentAt@12 (line 2681)
                      ; - java.awt.Container$1::findComponentAt@5 (line 271)
                      ; - sun.awt.GlobalCursorManager::_updateCursor@126 (line 193)
                      ; - sun.awt.GlobalCursorManager$NativeUpdater::run@39 (line 52)
                      ; - java.awt.event.InvocationEvent::dispatch@47 (line 323)
                      ; - java.awt.EventQueue::dispatchEventImpl@21 (line 723)
                      ; - java.awt.EventQueue::dispatchEvent@22 (line 702)
  0x000001c290301bf4: 68df b1ff 

  0x000001c290301bf8: ;   {post_call_nop}
  0x000001c290301bf8: 0f1f 8400 | f00f 0022 | ba45 ffff | ff49 8be8 | 4489 5424 

  0x000001c290301c0c: ;   {runtime_call UncommonTrapBlob}
  0x000001c290301c0c: 2866 90e8 

  0x000001c290301c10: ; ImmutableOopMap {rbp=Oop [40]=NarrowOop [72]=Oop }
                      ;*ifeq {reexecute=1 rethrow=0 return_oop=0}
                      ; - (reexecute) java.awt.EventQueue::dispatchEventImpl@33 (line 724)
                      ; - java.awt.EventQueue::dispatchEvent@22 (line 702)
  0x000001c290301c10: 4cdf b1ff 

  0x000001c290301c14: ;   {post_call_nop}
  0x000001c290301c14: 0f1f 8400 | 0c10 0023 | bade ffff | ff44 8944 

  0x000001c290301c24: ;   {runtime_call UncommonTrapBlob}
  0x000001c290301c24: 2420 90e8 

  0x000001c290301c28: ; ImmutableOopMap {rbp=Oop [32]=NarrowOop }
                      ;*invokeinterface setCanAccessSystemClipboard {reexecute=0 rethrow=0 return_oop=0}
                      ; - java.awt.AWTEvent::dispatched@15 (line 572)
                      ; - java.awt.EventQueue::dispatchEventImpl@45 (line 726)
                      ; - java.awt.EventQueue::dispatchEvent@22 (line 702)
  0x000001c290301c28: 34df b1ff 

  0x000001c290301c2c: ;   {post_call_nop}
  0x000001c290301c2c: 0f1f 8400 | 2410 0024 | ba45 ffff 

  0x000001c290301c38: ;   {runtime_call UncommonTrapBlob}
  0x000001c290301c38: ff66 90e8 

  0x000001c290301c3c: ; ImmutableOopMap {rbp=NarrowOop [32]=NarrowOop [56]=Oop [64]=Oop }
                      ;*ifnull {reexecute=1 rethrow=0 return_oop=0}
                      ; - (reexecute) java.awt.Component::getCursor_NoClientCode@17 (line 3216)
                      ; - java.awt.Component::getCursor_NoClientCode@21 (line 3217)
                      ; - java.awt.Component$1::getCursor@1 (line 912)
                      ; - sun.awt.GlobalCursorManager::_updateCursor@150 (line 205)
                      ; - sun.awt.GlobalCursorManager$NativeUpdater::run@39 (line 52)
                      ; - java.awt.event.InvocationEvent::dispatch@47 (line 323)
                      ; - java.awt.EventQueue::dispatchEventImpl@21 (line 723)
                      ; - java.awt.EventQueue::dispatchEvent@22 (line 702)
  0x000001c290301c3c: 20df b1ff 

  0x000001c290301c40: ;   {post_call_nop}
  0x000001c290301c40: 0f1f 8400 | 3810 0025 | ba45 ffff | ff4c 8944 

  0x000001c290301c50: ;   {runtime_call UncommonTrapBlob}
  0x000001c290301c50: 2420 90e8 

  0x000001c290301c54: ; ImmutableOopMap {[32]=Oop [72]=Oop }
                      ;*ifeq {reexecute=1 rethrow=0 return_oop=0}
                      ; - (reexecute) java.awt.EventQueue::setCurrentEventAndMostRecentTimeImpl@93 (line 1224)
                      ; - java.awt.EventQueue::dispatchEventImpl@14 (line 722)
                      ; - java.awt.EventQueue::dispatchEvent@22 (line 702)
  0x000001c290301c54: 08df b1ff 

  0x000001c290301c58: ;   {post_call_nop}
  0x000001c290301c58: 0f1f 8400 | 5010 0026 | ba45 ffff | ff4c 8944 

  0x000001c290301c68: ;   {runtime_call UncommonTrapBlob}
  0x000001c290301c68: 2420 90e8 

  0x000001c290301c6c: ; ImmutableOopMap {[32]=Oop [72]=Oop }
                      ;*ifeq {reexecute=1 rethrow=0 return_oop=0}
                      ; - (reexecute) java.awt.EventQueue::setCurrentEventAndMostRecentTimeImpl@115 (line 1227)
                      ; - java.awt.EventQueue::dispatchEventImpl@14 (line 722)
                      ; - java.awt.EventQueue::dispatchEvent@22 (line 702)
  0x000001c290301c6c: f0de b1ff 

  0x000001c290301c70: ;   {post_call_nop}
  0x000001c290301c70: 0f1f 8400 | 6810 0027 | ba45 ffff | ff44 8944 

  0x000001c290301c80: ;   {runtime_call UncommonTrapBlob}
  0x000001c290301c80: 242c 90e8 

  0x000001c290301c84: ; ImmutableOopMap {[44]=NarrowOop [72]=Oop }
                      ;*ifeq {reexecute=1 rethrow=0 return_oop=0}
                      ; - (reexecute) jdk.internal.misc.Unsafe::getAndBitwiseAndInt@21 (line 3249)
                      ; - java.util.concurrent.locks.AbstractQueuedSynchronizer$Node::getAndUnsetStatus@10 (line 482)
                      ; - java.util.concurrent.locks.AbstractQueuedSynchronizer::signalNext@22 (line 645)
                      ; - java.util.concurrent.locks.AbstractQueuedSynchronizer::release@12 (line 1100)
                      ; - java.util.concurrent.locks.ReentrantLock::unlock@5 (line 495)
                      ; - java.awt.EventQueue::setCurrentEventAndMostRecentTimeImpl@168 (line 1236)
                      ; - java.awt.EventQueue::dispatchEventImpl@14 (line 722)
                      ; - java.awt.EventQueue::dispatchEvent@22 (line 702)
  0x000001c290301c84: d8de b1ff 

  0x000001c290301c88: ;   {post_call_nop}
  0x000001c290301c88: 0f1f 8400 | 8010 0028 | ba45 ffff | ff48 ff74 | 2448 488f | 4424 204c | 8944 2428 | 894c 2438 
  0x000001c290301ca8: ;   {runtime_call UncommonTrapBlob}
  0x000001c290301ca8: 6666 90e8 

  0x000001c290301cac: ; ImmutableOopMap {[32]=Oop [40]=Oop [56]=NarrowOop }
                      ;*ifge {reexecute=1 rethrow=0 return_oop=0}
                      ; - (reexecute) java.util.concurrent.locks.ReentrantLock$NonfairSync::initialTryLock@36 (line 231)
                      ; - java.util.concurrent.locks.ReentrantLock$Sync::lock@1 (line 153)
                      ; - java.util.concurrent.locks.ReentrantLock::lock@4 (line 323)
                      ; - java.awt.EventQueue::setCurrentEventAndMostRecentTimeImpl@4 (line 1201)
                      ; - java.awt.EventQueue::dispatchEventImpl@14 (line 722)
                      ; - java.awt.EventQueue::dispatchEvent@22 (line 702)
  0x000001c290301cac: b0de b1ff 

  0x000001c290301cb0: ;   {post_call_nop}
  0x000001c290301cb0: 0f1f 8400 | a810 0029 

  0x000001c290301cb8: ;   {runtime_call C2 Runtime rethrow}
  0x000001c290301cb8: 488b d0e8 

  0x000001c290301cbc: ; ImmutableOopMap {[40]=Oop [56]=Oop }
                      ;*invokevirtual findHeavyweightUnderCursor {reexecute=0 rethrow=0 return_oop=1}
                      ; - sun.awt.GlobalCursorManager::_updateCursor@30 (line 178)
                      ; - sun.awt.GlobalCursorManager$NativeUpdater::run@39 (line 52)
                      ; - java.awt.event.InvocationEvent::dispatch@47 (line 323)
                      ; - java.awt.EventQueue::dispatchEventImpl@21 (line 723)
                      ; - java.awt.EventQueue::dispatchEvent@22 (line 702)
  0x000001c290301cbc: 2087 b2ff 

  0x000001c290301cc0: ;   {post_call_nop}
  0x000001c290301cc0: 0f1f 8400 | b810 002a | 488b d044 | 8b5c 2424 | 4489 5c24 

  0x000001c290301cd4: ;   {runtime_call C2 Runtime rethrow}
  0x000001c290301cd4: 2066 90e8 

  0x000001c290301cd8: ; ImmutableOopMap {[40]=Oop [48]=Oop [56]=Oop [80]=Oop }
                      ;*invokevirtual getCursorPos {reexecute=0 rethrow=0 return_oop=1}
                      ; - sun.awt.GlobalCursorManager::_updateCursor@96 (line 191)
                      ; - sun.awt.GlobalCursorManager$NativeUpdater::run@39 (line 52)
                      ; - java.awt.event.InvocationEvent::dispatch@47 (line 323)
                      ; - java.awt.EventQueue::dispatchEventImpl@21 (line 723)
                      ; - java.awt.EventQueue::dispatchEvent@22 (line 702)
  0x000001c290301cd8: 0487 b2ff 

  0x000001c290301cdc: ;   {post_call_nop}
  0x000001c290301cdc: 0f1f 8400 | d410 002b | 488b e8eb | 0348 8be8 | ba95 ffff 

  0x000001c290301cf0: ;   {runtime_call UncommonTrapBlob}
  0x000001c290301cf0: ff66 90e8 

  0x000001c290301cf4: ; ImmutableOopMap {rbp=Oop [32]=NarrowOop [48]=Oop [56]=Oop }
                      ;*astore {reexecute=0 rethrow=0 return_oop=0}
                      ; - java.awt.Container::findComponentAt@32 (line 2684)
                      ; - java.awt.Container$1::findComponentAt@5 (line 271)
                      ; - sun.awt.GlobalCursorManager::_updateCursor@126 (line 193)
                      ; - sun.awt.GlobalCursorManager$NativeUpdater::run@39 (line 52)
                      ; - java.awt.event.InvocationEvent::dispatch@47 (line 323)
                      ; - java.awt.EventQueue::dispatchEventImpl@21 (line 723)
                      ; - java.awt.EventQueue::dispatchEvent@22 (line 702)
  0x000001c290301cf4: 68de b1ff 

  0x000001c290301cf8: ;   {post_call_nop}
  0x000001c290301cf8: 0f1f 8400 | f010 002c 

  0x000001c290301d00: ;   {runtime_call C2 Runtime rethrow}
  0x000001c290301d00: 488b d0e8 

  0x000001c290301d04: ; ImmutableOopMap {[56]=Oop }
                      ;*invokevirtual setCursor {reexecute=0 rethrow=0 return_oop=1}
                      ; - sun.awt.GlobalCursorManager::_updateCursor@156 (line 205)
                      ; - sun.awt.GlobalCursorManager$NativeUpdater::run@39 (line 52)
                      ; - java.awt.event.InvocationEvent::dispatch@47 (line 323)
                      ; - java.awt.EventQueue::dispatchEventImpl@21 (line 723)
                      ; - java.awt.EventQueue::dispatchEvent@22 (line 702)
  0x000001c290301d04: d886 b2ff 

  0x000001c290301d08: ;   {post_call_nop}
  0x000001c290301d08: 0f1f 8400 | 0011 002d | 488b d04c | 8b54 2428 | 4c89 5424 

  0x000001c290301d1c: ;   {runtime_call C2 Runtime rethrow}
  0x000001c290301d1c: 2066 90e8 

  0x000001c290301d20: ; ImmutableOopMap {[32]=Oop [56]=Oop [64]=Oop }
                      ;*invokeinterface getCursor {reexecute=0 rethrow=0 return_oop=1}
                      ; - sun.awt.GlobalCursorManager::_updateCursor@150 (line 205)
                      ; - sun.awt.GlobalCursorManager$NativeUpdater::run@39 (line 52)
                      ; - java.awt.event.InvocationEvent::dispatch@47 (line 323)
                      ; - java.awt.EventQueue::dispatchEventImpl@21 (line 723)
                      ; - java.awt.EventQueue::dispatchEvent@22 (line 702)
  0x000001c290301d20: bc86 b2ff 

  0x000001c290301d24: ;   {post_call_nop}
  0x000001c290301d24: 0f1f 8400 | 1c11 002e | baf6 ffff 

  0x000001c290301d30: ;   {runtime_call UncommonTrapBlob}
  0x000001c290301d30: ff66 90e8 

  0x000001c290301d34: ; ImmutableOopMap {}
                      ;*invokevirtual getSource {reexecute=0 rethrow=0 return_oop=0}
                      ; - java.awt.EventQueue::dispatchEvent@1 (line 697)
  0x000001c290301d34: 28de b1ff 

  0x000001c290301d38: ;   {post_call_nop}
  0x000001c290301d38: 0f1f 8400 | 3011 002f | baf6 ffff | ff48 8b6c | 2448 4c89 

  0x000001c290301d4c: ;   {runtime_call UncommonTrapBlob}
  0x000001c290301d4c: 4424 20e8 

  0x000001c290301d50: ; ImmutableOopMap {rbp=Oop [32]=Oop }
                      ;*invokeinterface lock {reexecute=0 rethrow=0 return_oop=0}
                      ; - java.awt.EventQueue::setCurrentEventAndMostRecentTimeImpl@4 (line 1201)
                      ; - java.awt.EventQueue::dispatchEventImpl@14 (line 722)
                      ; - java.awt.EventQueue::dispatchEvent@22 (line 702)
  0x000001c290301d50: 0cde b1ff 

  0x000001c290301d54: ;   {post_call_nop}
  0x000001c290301d54: 0f1f 8400 | 4c11 0030 | baf6 ffff 

  0x000001c290301d60: ;   {runtime_call UncommonTrapBlob}
  0x000001c290301d60: ff66 90e8 

  0x000001c290301d64: ; ImmutableOopMap {[72]=Oop }
                      ;*invokeinterface unlock {reexecute=0 rethrow=0 return_oop=0}
                      ; - java.awt.EventQueue::setCurrentEventAndMostRecentTimeImpl@168 (line 1236)
                      ; - java.awt.EventQueue::dispatchEventImpl@14 (line 722)
                      ; - java.awt.EventQueue::dispatchEvent@22 (line 702)
  0x000001c290301d64: f8dd b1ff 

  0x000001c290301d68: ;   {post_call_nop}
  0x000001c290301d68: 0f1f 8400 | 6011 0031 | baf6 ffff 

  0x000001c290301d74: ;   {runtime_call UncommonTrapBlob}
  0x000001c290301d74: ff66 90e8 

  0x000001c290301d78: ; ImmutableOopMap {[72]=Oop }
                      ;*invokevirtual release {reexecute=0 rethrow=0 return_oop=0}
                      ; - java.util.concurrent.locks.ReentrantLock::unlock@5 (line 495)
                      ; - java.awt.EventQueue::setCurrentEventAndMostRecentTimeImpl@168 (line 1236)
                      ; - java.awt.EventQueue::dispatchEventImpl@14 (line 722)
                      ; - java.awt.EventQueue::dispatchEvent@22 (line 702)
  0x000001c290301d78: e4dd b1ff 

  0x000001c290301d7c: ;   {post_call_nop}
  0x000001c290301d7c: 0f1f 8400 | 7411 0032 | baf6 ffff | ff48 8b6c 

  0x000001c290301d8c: ;   {runtime_call UncommonTrapBlob}
  0x000001c290301d8c: 2438 90e8 

  0x000001c290301d90: ; ImmutableOopMap {rbp=Oop }
                      ;*invokeinterface run {reexecute=0 rethrow=0 return_oop=0}
                      ; - java.awt.event.InvocationEvent::dispatch@47 (line 323)
                      ; - java.awt.EventQueue::dispatchEventImpl@21 (line 723)
                      ; - java.awt.EventQueue::dispatchEvent@22 (line 702)
  0x000001c290301d90: ccdd b1ff 

  0x000001c290301d94: ;   {post_call_nop}
  0x000001c290301d94: 0f1f 8400 | 8c11 0033 | baf6 ffff | ff48 8b6c 

  0x000001c290301da4: ;   {runtime_call UncommonTrapBlob}
  0x000001c290301da4: 2438 90e8 

  0x000001c290301da8: ; ImmutableOopMap {rbp=Oop }
                      ;*invokevirtual _updateCursor {reexecute=0 rethrow=0 return_oop=0}
                      ; - sun.awt.GlobalCursorManager$NativeUpdater::run@39 (line 52)
                      ; - java.awt.event.InvocationEvent::dispatch@47 (line 323)
                      ; - java.awt.EventQueue::dispatchEventImpl@21 (line 723)
                      ; - java.awt.EventQueue::dispatchEvent@22 (line 702)
  0x000001c290301da8: b4dd b1ff 

  0x000001c290301dac: ;   {post_call_nop}
  0x000001c290301dac: 0f1f 8400 | a411 0034 | ba45 ffff | ff48 8944 

  0x000001c290301dbc: ;   {runtime_call UncommonTrapBlob}
  0x000001c290301dbc: 2430 90e8 

  0x000001c290301dc0: ; ImmutableOopMap {rbp=NarrowOop [32]=NarrowOop [48]=Oop [56]=Oop }
                      ;*ifnonnull {reexecute=1 rethrow=0 return_oop=0}
                      ; - (reexecute) sun.awt.AWTAccessor::getComponentAccessor@5 (line 886)
                      ; - sun.awt.GlobalCursorManager::_updateCursor@53 (line 185)
                      ; - sun.awt.GlobalCursorManager$NativeUpdater::run@39 (line 52)
                      ; - java.awt.event.InvocationEvent::dispatch@47 (line 323)
                      ; - java.awt.EventQueue::dispatchEventImpl@21 (line 723)
                      ; - java.awt.EventQueue::dispatchEvent@22 (line 702)
  0x000001c290301dc0: 9cdd b1ff 

  0x000001c290301dc4: ;   {post_call_nop}
  0x000001c290301dc4: 0f1f 8400 | bc11 0035 | ba45 ffff | ff48 ff74 | 2438 488f 

  0x000001c290301dd8: ;   {runtime_call UncommonTrapBlob}
  0x000001c290301dd8: 4424 28e8 

  0x000001c290301ddc: ; ImmutableOopMap {rbp=NarrowOop [32]=NarrowOop [40]=Oop [48]=Oop [80]=Oop }
                      ;*ifnonnull {reexecute=1 rethrow=0 return_oop=0}
                      ; - (reexecute) sun.awt.AWTAccessor::getContainerAccessor@5 (line 905)
                      ; - sun.awt.GlobalCursorManager::_updateCursor@99 (line 192)
                      ; - sun.awt.GlobalCursorManager$NativeUpdater::run@39 (line 52)
                      ; - java.awt.event.InvocationEvent::dispatch@47 (line 323)
                      ; - java.awt.EventQueue::dispatchEventImpl@21 (line 723)
                      ; - java.awt.EventQueue::dispatchEvent@22 (line 702)
  0x000001c290301ddc: 80dd b1ff 

  0x000001c290301de0: ;   {post_call_nop}
  0x000001c290301de0: 0f1f 8400 | d811 0036 | ba45 ffff | ff48 8b6c | 2438 4c8b | 5424 304c | 8954 2428 | 48ff 7424 
  0x000001c290301e00: 4048 8f44 

  0x000001c290301e04: ;   {runtime_call UncommonTrapBlob}
  0x000001c290301e04: 2430 90e8 

  0x000001c290301e08: ; ImmutableOopMap {rbp=Oop [32]=NarrowOop [40]=Oop [48]=Oop }
                      ;*ifnull {reexecute=1 rethrow=0 return_oop=0}
                      ; - (reexecute) sun.awt.GlobalCursorManager::_updateCursor@135 (line 200)
                      ; - sun.awt.GlobalCursorManager$NativeUpdater::run@39 (line 52)
                      ; - java.awt.event.InvocationEvent::dispatch@47 (line 323)
                      ; - java.awt.EventQueue::dispatchEventImpl@21 (line 723)
                      ; - java.awt.EventQueue::dispatchEvent@22 (line 702)
  0x000001c290301e08: 54dd b1ff 

  0x000001c290301e0c: ;   {post_call_nop}
  0x000001c290301e0c: 0f1f 8400 | 0412 0037 | ba45 ffff | ff48 ff74 | 2438 488f | 4424 2848 | ff74 2440 | 488f 4424 
  0x000001c290301e2c: ;   {runtime_call UncommonTrapBlob}
  0x000001c290301e2c: 3066 90e8 

  0x000001c290301e30: ; ImmutableOopMap {rbp=NarrowOop [32]=NarrowOop [40]=Oop [48]=Oop }
                      ;*ifnonnull {reexecute=1 rethrow=0 return_oop=0}
                      ; - (reexecute) sun.awt.AWTAccessor::getComponentAccessor@5 (line 886)
                      ; - sun.awt.GlobalCursorManager::_updateCursor@145 (line 205)
                      ; - sun.awt.GlobalCursorManager$NativeUpdater::run@39 (line 52)
                      ; - java.awt.event.InvocationEvent::dispatch@47 (line 323)
                      ; - java.awt.EventQueue::dispatchEventImpl@21 (line 723)
                      ; - java.awt.EventQueue::dispatchEvent@22 (line 702)
  0x000001c290301e30: 2cdd b1ff 

  0x000001c290301e34: ;   {post_call_nop}
  0x000001c290301e34: 0f1f 8400 | 2c12 0038 | baf4 ffff | ff49 8be8 

  0x000001c290301e44: ;   {runtime_call UncommonTrapBlob}
  0x000001c290301e44: 6666 90e8 

  0x000001c290301e48: ; ImmutableOopMap {rbp=Oop [72]=Oop }
                      ;*instanceof {reexecute=0 rethrow=0 return_oop=0}
                      ; - java.awt.EventQueue::dispatchEventImpl@30 (line 724)
                      ; - java.awt.EventQueue::dispatchEvent@22 (line 702)
  0x000001c290301e48: 14dd b1ff 

  0x000001c290301e4c: ;   {post_call_nop}
  0x000001c290301e4c: 0f1f 8400 | 4412 0039 | ba45 ffff 

  0x000001c290301e58: ;   {runtime_call UncommonTrapBlob}
  0x000001c290301e58: ff66 90e8 

  0x000001c290301e5c: ; ImmutableOopMap {rbp=NarrowOop [32]=NarrowOop [56]=Oop [64]=Oop }
                      ;*ifnull {reexecute=1 rethrow=0 return_oop=0}
                      ; - (reexecute) java.awt.Component::getCursor_NoClientCode@17 (line 3216)
                      ; - java.awt.Component$1::getCursor@1 (line 912)
                      ; - sun.awt.GlobalCursorManager::_updateCursor@150 (line 205)
                      ; - sun.awt.GlobalCursorManager$NativeUpdater::run@39 (line 52)
                      ; - java.awt.event.InvocationEvent::dispatch@47 (line 323)
                      ; - java.awt.EventQueue::dispatchEventImpl@21 (line 723)
                      ; - java.awt.EventQueue::dispatchEvent@22 (line 702)
  0x000001c290301e5c: 00dd b1ff 

  0x000001c290301e60: ;   {post_call_nop}
  0x000001c290301e60: 0f1f 8400 | 5812 003a | ba45 ffff | ff48 8b6c | 2448 4489 

  0x000001c290301e74: ;   {runtime_call UncommonTrapBlob}
  0x000001c290301e74: 4424 24e8 

  0x000001c290301e78: ; ImmutableOopMap {rbp=Oop [36]=NarrowOop }
                      ;*ifnonnull {reexecute=1 rethrow=0 return_oop=0}
                      ; - (reexecute) sun.awt.AWTAccessor::getInputEventAccessor@5 (line 962)
                      ; - java.awt.AWTEvent::dispatched@7 (line 571)
                      ; - java.awt.EventQueue::dispatchEventImpl@45 (line 726)
                      ; - java.awt.EventQueue::dispatchEvent@22 (line 702)
  0x000001c290301e78: e4dc b1ff 

  0x000001c290301e7c: ;   {post_call_nop}
  0x000001c290301e7c: 0f1f 8400 | 7412 003b | eb05 488b | d0eb 0f48 | 8bd0 eb0a | eb00 488b | d0eb 0348 | 8bd0 4883 
  0x000001c290301e9c: ;   {runtime_call C2 Runtime rethrow}
  0x000001c290301e9c: c470 5de9 | 3c85 b2ff | ba95 ffff | ff48 8944 

  0x000001c290301eac: ;   {runtime_call UncommonTrapBlob}
  0x000001c290301eac: 2428 90e8 

  0x000001c290301eb0: ; ImmutableOopMap {[32]=Oop [40]=Oop [72]=Oop }
                      ;*astore {reexecute=0 rethrow=0 return_oop=0}
                      ; - java.awt.EventQueue::setCurrentEventAndMostRecentTimeImpl@176 (line 1236)
                      ; - java.awt.EventQueue::dispatchEventImpl@14 (line 722)
                      ; - java.awt.EventQueue::dispatchEvent@22 (line 702)
  0x000001c290301eb0: acdc b1ff 

  0x000001c290301eb4: ;   {post_call_nop}
  0x000001c290301eb4: 0f1f 8400 | ac12 003c | 488b d044 | 8b5c 2424 | 4489 5c24 

  0x000001c290301ec8: ;   {runtime_call C2 Runtime rethrow}
  0x000001c290301ec8: 2066 90e8 

  0x000001c290301ecc: ; ImmutableOopMap {[40]=Oop [48]=Oop [56]=Oop }
                      ;*new {reexecute=0 rethrow=0 return_oop=1}
                      ; - sun.awt.GlobalCursorManager::_updateCursor@86 (line 190)
                      ; - sun.awt.GlobalCursorManager$NativeUpdater::run@39 (line 52)
                      ; - java.awt.event.InvocationEvent::dispatch@47 (line 323)
                      ; - java.awt.EventQueue::dispatchEventImpl@21 (line 723)
                      ; - java.awt.EventQueue::dispatchEvent@22 (line 702)
  0x000001c290301ecc: 1085 b2ff 

  0x000001c290301ed0: ;   {post_call_nop}
  0x000001c290301ed0: 0f1f 8400 | c812 003d | baad ffff | ff48 8944 

  0x000001c290301ee0: ;   {runtime_call UncommonTrapBlob}
  0x000001c290301ee0: 2420 90e8 

  0x000001c290301ee4: ; ImmutableOopMap {[32]=Oop [56]=Oop }
                      ;*astore {reexecute=0 rethrow=0 return_oop=0}
                      ; - sun.awt.GlobalCursorManager::_updateCursor@162 (line 207)
                      ; - sun.awt.GlobalCursorManager$NativeUpdater::run@39 (line 52)
                      ; - java.awt.event.InvocationEvent::dispatch@47 (line 323)
                      ; - java.awt.EventQueue::dispatchEventImpl@21 (line 723)
                      ; - java.awt.EventQueue::dispatchEvent@22 (line 702)
  0x000001c290301ee4: 78dc b1ff 

  0x000001c290301ee8: ;   {post_call_nop}
  0x000001c290301ee8: 0f1f 8400 | e012 003e | baad ffff | ff48 8944 

  0x000001c290301ef8: ;   {runtime_call UncommonTrapBlob}
  0x000001c290301ef8: 2420 90e8 

  0x000001c290301efc: ; ImmutableOopMap {[32]=Oop [56]=Oop }
                      ;*astore {reexecute=0 rethrow=0 return_oop=0}
                      ; - sun.awt.GlobalCursorManager::_updateCursor@162 (line 207)
                      ; - sun.awt.GlobalCursorManager$NativeUpdater::run@39 (line 52)
                      ; - java.awt.event.InvocationEvent::dispatch@47 (line 323)
                      ; - java.awt.EventQueue::dispatchEventImpl@21 (line 723)
                      ; - java.awt.EventQueue::dispatchEvent@22 (line 702)
  0x000001c290301efc: 60dc b1ff 

  0x000001c290301f00: ;   {post_call_nop}
  0x000001c290301f00: 0f1f 8400 | f812 003f | baad ffff | ff48 8944 

  0x000001c290301f10: ;   {runtime_call UncommonTrapBlob}
  0x000001c290301f10: 2420 90e8 

  0x000001c290301f14: ; ImmutableOopMap {[32]=Oop [56]=Oop }
                      ;*astore {reexecute=0 rethrow=0 return_oop=0}
                      ; - sun.awt.GlobalCursorManager::_updateCursor@162 (line 207)
                      ; - sun.awt.GlobalCursorManager$NativeUpdater::run@39 (line 52)
                      ; - java.awt.event.InvocationEvent::dispatch@47 (line 323)
                      ; - java.awt.EventQueue::dispatchEventImpl@21 (line 723)
                      ; - java.awt.EventQueue::dispatchEvent@22 (line 702)
  0x000001c290301f14: 48dc b1ff 

  0x000001c290301f18: ;   {post_call_nop}
  0x000001c290301f18: 0f1f 8400 | 1013 0040 | baad ffff | ff48 8944 

  0x000001c290301f28: ;   {runtime_call UncommonTrapBlob}
  0x000001c290301f28: 2420 90e8 

  0x000001c290301f2c: ; ImmutableOopMap {[32]=Oop [56]=Oop }
                      ;*astore {reexecute=0 rethrow=0 return_oop=0}
                      ; - sun.awt.GlobalCursorManager::_updateCursor@162 (line 207)
                      ; - sun.awt.GlobalCursorManager$NativeUpdater::run@39 (line 52)
                      ; - java.awt.event.InvocationEvent::dispatch@47 (line 323)
                      ; - java.awt.EventQueue::dispatchEventImpl@21 (line 723)
                      ; - java.awt.EventQueue::dispatchEvent@22 (line 702)
  0x000001c290301f2c: 30dc b1ff 

  0x000001c290301f30: ;   {post_call_nop}
  0x000001c290301f30: 0f1f 8400 | 2813 0041 | baad ffff | ff48 8944 

  0x000001c290301f40: ;   {runtime_call UncommonTrapBlob}
  0x000001c290301f40: 2420 90e8 

  0x000001c290301f44: ; ImmutableOopMap {[32]=Oop [56]=Oop }
                      ;*astore {reexecute=0 rethrow=0 return_oop=0}
                      ; - sun.awt.GlobalCursorManager::_updateCursor@162 (line 207)
                      ; - sun.awt.GlobalCursorManager$NativeUpdater::run@39 (line 52)
                      ; - java.awt.event.InvocationEvent::dispatch@47 (line 323)
                      ; - java.awt.EventQueue::dispatchEventImpl@21 (line 723)
                      ; - java.awt.EventQueue::dispatchEvent@22 (line 702)
  0x000001c290301f44: 18dc b1ff 

  0x000001c290301f48: ;   {post_call_nop}
  0x000001c290301f48: 0f1f 8400 | 4013 0042 | eb06 eb04 | eb02 eb00 | 488b e8eb | 0348 8be8 | ba95 ffff 

  0x000001c290301f64: ;   {runtime_call UncommonTrapBlob}
  0x000001c290301f64: ff66 90e8 

  0x000001c290301f68: ; ImmutableOopMap {rbp=Oop [56]=Oop }
                      ;*astore_2 {reexecute=0 rethrow=0 return_oop=0}
                      ; - java.awt.event.InvocationEvent::dispatch@60 (line 326)
                      ; - java.awt.EventQueue::dispatchEventImpl@21 (line 723)
                      ; - java.awt.EventQueue::dispatchEvent@22 (line 702)
  0x000001c290301f68: f4db b1ff 

  0x000001c290301f6c: ;   {post_call_nop}
  0x000001c290301f6c: 0f1f 8400 | 6413 0043 | 448b 1749 | c1e2 0349 | 83fa 000f | 8433 efff | ff4d 8b5f | 384d 85db 
  0x000001c290301f8c: 0f84 1400 | 0000 4983 | eb08 4d89 | 5f38 4d03 | 5f40 4d89 | 13e9 12ef | ffff 4883 | ec40 4c89 
  0x000001c290301fac: 4424 384c | 894c 2430 | 4889 7c24 | 2848 8974 | 2420 498b | ca49 8bd7 

  0x000001c290301fc4: ;   {runtime_call}
  0x000001c290301fc4: 48b8 2077 | d06a fd7f | 0000 ffd0 | 488b 7424 | 2048 8b7c | 2428 4c8b | 4c24 304c | 8b44 2438 
  0x000001c290301fe4: c5f8 7748 | 83c4 40e9 | c8ee ffff | f083 4424 | c000 4180 | 3b00 0f84 | f0ee ffff | 41c6 0300 
  0x000001c290302004: 4d8b 5750 | 4d85 d20f | 8414 0000 | 0049 83ea | 084d 8957 | 504d 0357 | 584d 891a | e9cb eeff 
  0x000001c290302024: ff48 83ec | 404c 8944 | 2438 4c89 | 4c24 3048 | 8974 2428 | 498b cb49 

  0x000001c29030203c: ;   {runtime_call}
  0x000001c29030203c: 8bd7 48b8 | 0077 d06a | fd7f 0000 | ffd0 488b | 7424 284c | 8b4c 2430 | 4c8b 4424 | 38c5 f877 
  0x000001c29030205c: 4883 c440 | e98b eeff | ff41 8b0b | 48c1 e103 | 4883 f900 | 0f84 1aef | ffff 4d8b | 5738 4d85 
  0x000001c29030207c: d20f 8414 | 0000 0049 | 83ea 084d | 8957 384d | 0357 4049 | 890a e9f9 | eeff ff48 | 83ec 504c 
  0x000001c29030209c: 895c 2448 | 4c89 4424 | 404c 894c | 2438 4889 | 7424 3048 | 8944 2428 

  0x000001c2903020b4: ;   {runtime_call}
  0x000001c2903020b4: 498b d748 | b820 77d0 | 6afd 7f00 | 00ff d048 | 8b44 2428 | 488b 7424 | 304c 8b4c | 2438 4c8b 
  0x000001c2903020d4: 4424 404c | 8b5c 2448 | c5f8 7748 | 83c4 50e9 | a8ee ffff | f083 4424 | c000 4180 | 3a00 0f84 
  0x000001c2903020f4: d0ee ffff | 41c6 0200 | 498b 4f50 | 4885 c90f | 8414 0000 | 0048 83e9 | 0849 894f | 5049 034f 
  0x000001c290302114: 584c 8911 | e9ab eeff | ff48 83ec | 404c 8944 | 2438 4c89 | 4c24 3048 | 8974 2428 | 498b ca49 
  0x000001c290302134: ;   {runtime_call}
  0x000001c290302134: 8bd7 48b8 | 0077 d06a | fd7f 0000 | ffd0 488b | 7424 284c | 8b4c 2430 | 4c8b 4424 | 38c5 f877 
  0x000001c290302154: 4883 c440 | e96b eeff | ff41 8b19 | 48c1 e303 | 4883 fb00 | 0f84 e3ee | ffff 4d8b | 4738 4d85 
  0x000001c290302174: c00f 8414 | 0000 0049 | 83e8 084d | 8947 384d | 0347 4049 | 8918 e9c2 | eeff ff48 | 83ec 404c 
  0x000001c290302194: 8954 2438 | 4c89 5c24 | 304c 894c | 2428 4889 | 4c24 2048 | 8bcb 498b 

  0x000001c2903021ac: ;   {runtime_call}
  0x000001c2903021ac: d748 b820 | 77d0 6afd | 7f00 00ff | d048 8b4c | 2420 4c8b | 4c24 284c | 8b5c 2430 | 4c8b 5424 
  0x000001c2903021cc: 38c5 f877 | 4883 c440 | e978 eeff 

  0x000001c2903021d8: ;   {internal_word}
  0x000001c2903021d8: ff49 ba85 | 1630 90c2 | 0100 004d | 8997 e004 

  0x000001c2903021e8: ;   {runtime_call SafepointBlob}
  0x000001c2903021e8: 0000 e971 | eda4 ff41 | 8387 d806 | 0000 08e9 | cef3 ffff | 4183 87d8 | 0600 0008 | e910 f1ff 
  0x000001c290302208: ff41 8387 | d806 0000 | 08e9 bdef 

  0x000001c290302214: ;   {runtime_call Stub::method_entry_barrier}
  0x000001c290302214: ffff e825 | 20a3 ffe9 | 0aeb ffff 
[Stub Code]
  0x000001c290302220: ;   {static_stub}
  0x000001c290302220: 48bb 0000 | 0000 0000 

  0x000001c290302228: ;   {runtime_call nmethod}
  0x000001c290302228: 0000 e9fb 

  0x000001c29030222c: ;   {static_stub}
  0x000001c29030222c: ffff ff48 | bb00 0000 | 0000 0000 

  0x000001c290302238: ;   {runtime_call nmethod}
  0x000001c290302238: 00e9 fbff 

  0x000001c29030223c: ;   {static_stub}
  0x000001c29030223c: ffff 48bb | 0000 0000 | 0000 0000 

  0x000001c290302248: ;   {runtime_call nmethod}
  0x000001c290302248: e9fb ffff 

  0x000001c29030224c: ;   {static_stub}
  0x000001c29030224c: ff48 bb00 | 0000 0000 

  0x000001c290302254: ;   {runtime_call nmethod}
  0x000001c290302254: 0000 00e9 | fbff ffff 

  0x000001c29030225c: ;   {static_stub}
  0x000001c29030225c: 48bb 0000 | 0000 0000 

  0x000001c290302264: ;   {runtime_call nmethod}
  0x000001c290302264: 0000 e9fb 

  0x000001c290302268: ;   {static_stub}
  0x000001c290302268: ffff ff48 | bb00 0000 | 0000 0000 

  0x000001c290302274: ;   {runtime_call nmethod}
  0x000001c290302274: 00e9 fbff 

  0x000001c290302278: ;   {static_stub}
  0x000001c290302278: ffff 48bb | 0000 0000 | 0000 0000 

  0x000001c290302284: ;   {runtime_call nmethod}
  0x000001c290302284: e9fb ffff 

  0x000001c290302288: ;   {static_stub}
  0x000001c290302288: ff48 bb00 | 0000 0000 

  0x000001c290302290: ;   {runtime_call nmethod}
  0x000001c290302290: 0000 00e9 | fbff ffff 

  0x000001c290302298: ;   {static_stub}
  0x000001c290302298: 48bb 0000 | 0000 0000 

  0x000001c2903022a0: ;   {runtime_call nmethod}
  0x000001c2903022a0: 0000 e9fb 

  0x000001c2903022a4: ;   {runtime_call ExceptionBlob}
  0x000001c2903022a4: ffff ffe9 | b4db b1ff 
[Deopt Handler Code]
  0x000001c2903022ac: e800 0000 | 0048 832c 

  0x000001c2903022b4: ;   {runtime_call DeoptimizationBlob}
  0x000001c2903022b4: 2405 e9a5 | efa4 fff4 | f4f4 f4f4 
[/MachCode]


Compiled method (c2) 671871 1653   !   4       java.awt.EventDispatchThread::pumpOneEventForFilters (106 bytes)
 total in heap  [0x000001c29031d088,0x000001c290321640] = 17848
 main code      [0x000001c29031d180,0x000001c290321528] = 17320
 stub code      [0x000001c290321528,0x000001c290321620] = 248
 oops           [0x000001c290321620,0x000001c290321640] = 32
 mutable data [0x000001c2a7eccc20,0x000001c2a7ecd430] = 2064
 relocation     [0x000001c2a7eccc20,0x000001c2a7ecd050] = 1072
 metadata       [0x000001c2a7ecd050,0x000001c2a7ecd430] = 992
 immutable data [0x000001c29e078100,0x000001c29e07a478] = 9080
 dependencies   [0x000001c29e078100,0x000001c29e078218] = 280
 nul chk table  [0x000001c29e078218,0x000001c29e078318] = 256
 handler table  [0x000001c29e078318,0x000001c29e078618] = 768
 scopes pcs     [0x000001c29e078618,0x000001c29e078f88] = 2416
 scopes data    [0x000001c29e078f88,0x000001c29e07a478] = 5360

[Constant Pool (empty)]

[MachCode]
[Instructions begin]
  0x000001c29031d180: 6690 448b | 5208 443b 

  0x000001c29031d188: ;   {runtime_call Shared Runtime ic_miss_blob}
  0x000001c29031d188: 5008 0f85 | 5019 a3ff 
[Verified Entry Point]
  0x000001c29031d190: 8984 2400 | 80ff ff55 | 4881 ecd0 | 0000 0090 | 4181 7f20 | 0100 0000 | 0f85 6943 | 0000 4889 
  0x000001c29031d1b0: 5424 3041 | 83f8 ff0f | 851f 2100 | 004d 8b97 | 1004 0000 | 4d8b 1a4c | 8b4c 2430 | 488d 9c24 
  0x000001c29031d1d0: b000 0000 | 4d8b 1141 | 8b9f d806 | 0000 41f6 | c202 0f85 | 3700 0000 | 81fb 2707 | 0000 0f8f 
  0x000001c29031d1f0: 4b00 0000 | 4d3b 4c1f | f874 1649 | 8bc2 4883 | c801 4983 | e2fe f04d | 0fb1 110f | 852e 0000 
  0x000001c29031d210: 004d 890c | 1f41 8387 | d806 0000 | 08eb 1e48 | 33c0 498b | 9fc8 0400 | 00f0 490f | b15a 3e74 
  0x000001c29031d230: 0c48 3bd8 | 7509 49ff | 8286 0000 | 0033 c00f | 859f 1f00 | 0041 8b59 | 7048 8d84 | 24b0 0000 
  0x000001c29031d250: 0041 8b87 | d806 0000 | 4d8b 114d | 3b4c 07f8 | 0f85 2e00 | 0000 4183 | afd8 0600 | 0008 4d3b 
  0x000001c29031d270: 4c07 f00f | 845f 0000 | 0049 8bc2 | 4883 e0fc | 4983 ca01 | f04d 0fb1 

  0x000001c29031d288: ;   {other}
  0x000001c29031d288: 110f 857b | 4200 00e9 | 4400 0000 | 4983 ba86 | 0000 0000 | 7533 49c7 | 423e 0000 | 0000 f083 
  0x000001c29031d2a8: 4424 c000 | 4983 ba8e | 0000 0000 | 7422 4983 | ba9e 0000 | 0000 7518 | 4983 e2fd | 4d89 97e8 
  0x000001c29031d2c8: 0500 0041 | 83ca 01eb | 0a49 ff8a | 8600 0000 | 4533 d20f | 8539 1f00 | 0045 8b54 | dc44 4c89 
  0x000001c29031d2e8: 5c24 284c | 894c 2430 | 4489 4424 | 2049 8bd2 | 48c1 e203 | 4d8d 14dc | 4c89 5424 | 3889 5c24 
  0x000001c29031d308: 2449 8bea 

  0x000001c29031d30c: ;   {static_call}
  0x000001c29031d30c: 6666 90e8 

  0x000001c29031d310: ; ImmutableOopMap {rbp=Oop [36]=NarrowOop [40]=Oop [48]=Oop [56]=Oop }
                      ;*invokestatic flushPendingEvents {reexecute=0 rethrow=0 return_oop=0}
                      ; - java.awt.EventQueue::getNextEvent@4 (line 544)
                      ; - java.awt.EventDispatchThread::pumpOneEventForFilters@20 (line 190)
  0x000001c29031d310: 6c50 ffff 

  0x000001c29031d314: ;   {post_call_nop}
  0x000001c29031d314: 0f1f 8400 | 8c02 0000 | 448b 5424 | 2443 8b6c | d42c 458b 

  0x000001c29031d328: ;   {metadata('java/util/concurrent/locks/ReentrantLock')}
  0x000001c29031d328: 44ec 0841 | 81f8 0088 | 1d00 0f85 | 201f 0000 | 4d8d 1cec | 458b 430c | 4585 c00f | 8457 1e00 
  0x000001c29031d348: 0033 c041 | bb01 0000 | 00f0 470f | b15c c418 | 410f 94c1 | 450f b6c9 | 4585 c90f | 8467 1100 
  0x000001c29031d368: 004c 8b4c | 2428 4f8d | 5cc4 0c41 | 807f 4800 | 0f85 0e33 | 0000 498b | d948 c1eb | 0341 891b 
  0x000001c29031d388: 498b cb49 | 33c9 48c1 | e915 0f84 | 1d00 0000 | 498b cb48 | c1e9 0948 | bb00 508f | f6c2 0100 
  0x000001c29031d3a8: 0048 03cb | 8039 020f | 8549 3300 | 00e9 bb01 | 0000 438b | 6cc4 144c | 8bc5 49c1 | e003 4d3b 
  0x000001c29031d3c8: c20f 85c5 | 2600 0048 | 33c9 488d | 5358 4180 | 7f48 000f | 8583 3300 | 0089 0a45 | 8962 0c41 
  0x000001c29031d3e8: 8b6b 1485 | ed0f 8405 | 2000 0044 | 894c 2458 | 4c89 5424 | 504c 895c | 2448 4889 | 5c24 2849 
  0x000001c29031d408: 8d14 ec4d | 8bc2 33ff | 33f6 33c9 | 4533 d24c 

  0x000001c29031d418: ;   {optimized virtual_call}
  0x000001c29031d418: 8914 24e8 

  0x000001c29031d41c: ; ImmutableOopMap {rbp=NarrowOop [40]=Oop [48]=Oop [56]=Oop [64]=NarrowOop [72]=Oop [80]=Oop }
                      ;*invokevirtual acquire {reexecute=0 rethrow=0 return_oop=0}
                      ; - java.util.concurrent.locks.AbstractQueuedSynchronizer::reacquire@7 (line 668)
                      ; - java.util.concurrent.locks.AbstractQueuedSynchronizer$ConditionObject::await@148 (line 1763)
                      ; - java.awt.EventQueue::getNextEvent@52 (line 552)
                      ; - java.awt.EventDispatchThread::pumpOneEventForFilters@20 (line 190)
  0x000001c29031d41c: 80f5 5ff8 

  0x000001c29031d420: ;   {post_call_nop}
  0x000001c29031d420: 0f1f 8400 | 9803 0001 | 448b 4c24 | 4043 8b6c | cc2c 458b 

  0x000001c29031d434: ;   {metadata('java/util/concurrent/locks/ReentrantLock')}
  0x000001c29031d434: 54ec 0841 | 81fa 0088 | 1d00 0f85 | 8821 0000 | 4d8d 14ec | 418b 7a0c 

  0x000001c29031d44c: ; implicit exception: dispatches to 0x000001c290320198
  0x000001c29031d44c: 458b 54fc | 1841 8b6c | fc0c 4c8b | dd49 c1e3 | 0348 8b5c | 2428 4c3b | db0f 8549 | 2500 0041 
  0x000001c29031d46c: 83fa 0175 | 1648 33f6 | 4d8d 44fc | 0c41 807f | 4800 0f85 | 6533 0000 | 4189 3045 | 8d5a ff45 
  0x000001c29031d48c: 895c fc18 | f083 4424 | c000 4183 | fa01 751d | 458b 54fc | 1045 85d2 | 740e 478b | 44d4 1445 
  0x000001c29031d4ac: 85c0 0f85 | 7b0f 0000 | 4889 5c24 | 2847 8b5c | cc44 4489 | 4c24 2449 | 8bd3 48c1 | e203 488b 
  0x000001c29031d4cc: ;   {static_call}
  0x000001c29031d4cc: 6c24 38e8 

  0x000001c29031d4d0: ; ImmutableOopMap {rbp=Oop [36]=NarrowOop [40]=Oop [48]=Oop [56]=Oop }
                      ;*invokestatic flushPendingEvents {reexecute=0 rethrow=0 return_oop=0}
                      ; - java.awt.EventQueue::getNextEvent@4 (line 544)
                      ; - java.awt.EventDispatchThread::pumpOneEventForFilters@20 (line 190)
  0x000001c29031d4d0: ac4e ffff 

  0x000001c29031d4d4: ;   {post_call_nop}
  0x000001c29031d4d4: 0f1f 8400 | 4c04 0002 | 448b 5424 | 2443 8b6c | d42c 458b 

  0x000001c29031d4e8: ;   {metadata('java/util/concurrent/locks/ReentrantLock')}
  0x000001c29031d4e8: 44ec 0841 | 81f8 0088 | 1d00 0f85 | ec20 0000 | 4d8d 1cec | 458b 430c | 4585 c00f | 841f 1f00 
  0x000001c29031d508: 0033 c041 | b901 0000 | 00f0 470f | b14c c418 | 410f 94c1 | 450f b6c9 | 4585 c90f | 84ec 1100 
  0x000001c29031d528: 004c 8b4c | 2428 4b8d | 4cc4 0c41 | 807f 4800 | 0f85 3133 | 0000 4d8b | d949 c1eb | 0344 8919 
  0x000001c29031d548: 488b d949 | 33d9 48c1 | eb15 0f84 | 1d00 0000 | 488b d948 | c1eb 0949 | bb00 508f | f6c2 0100 
  0x000001c29031d568: 0049 03db | 803b 020f | 856c 3300 | 0043 8b7c | d420 418b | 4cfc 0c83 | f901 0f86 | 051b 0000 
  0x000001c29031d588: 83f9 030f | 86fc 1a00 | 0045 8b44 | fc1c 478b | 5cc4 0c45 | 85db 0f85 | 4909 0000 | 83f9 020f 
  0x000001c29031d5a8: 8603 1b00 | 0045 8b44 | fc18 478b | 5cc4 0c45 | 85db 0f85 | 3309 0000 | 458b 44fc | 1447 8b5c 
  0x000001c29031d5c8: c40c 4585 | db74 094b | 8d14 c4e9 | 1f09 0000 | 458b 44fc | 1047 8b5c | c40c 4585 | db74 094b 
  0x000001c29031d5e8: ;   {other}
  0x000001c29031d5e8: 8d14 c4e9 | 0709 0000 | 478b 44d4 | 3445 85c0 | 0f84 2623 

  0x000001c29031d5fc: ;   {oop(a 'sun/awt/AWTAutoShutdown'{0x0000000711135e18})}
  0x000001c29031d5fc: 0000 49bb | 185e 1311 | 0700 0000 | 458b 5b14 | 4585 db0f | 8473 1d00 | 004b 8d3c | dc4b 8d14 
  0x000001c29031d61c: c448 8d9c | 24b0 0000 | 0048 8b0f | 418b 9fd8 | 0600 00f6 | c102 0f85 | 3700 0000 | 81fb 2707 
  0x000001c29031d63c: 0000 0f8f | 4b00 0000 | 493b 7c1f | f874 1648 | 8bc1 4883 | c801 4883 | e1fe f048 | 0fb1 0f0f 
  0x000001c29031d65c: 852e 0000 | 0049 893c | 1f41 8387 | d806 0000 | 08eb 1e48 | 33c0 498b | 9fc8 0400 | 00f0 480f 
  0x000001c29031d67c: b159 3e74 | 0c48 3bd8 | 7509 48ff | 8186 0000 | 0033 c00f | 85ab 1d00 

  0x000001c29031d694: ;   {oop(a 'sun/awt/AWTAutoShutdown'{0x0000000711135e18})}
  0x000001c29031d694: 0048 b918 | 5e13 1107 | 0000 008b | 4910 85c9 | 0f84 021d | 0000 4889 | 5424 5848 | 897c 2450 
  0x000001c29031d6b4: 4489 5c24 | 4844 8944 | 2444 4489 | 5424 404c | 894c 2428 | 4d8d 14cc | 4c89 5424 | 6089 4c24 
  0x000001c29031d6d4: 4c4c 8b5c | 2460 488d | 9c24 b800 | 0000 4d8b | 1341 8b9f | d806 0000 | 41f6 c202 | 0f85 3700 
  0x000001c29031d6f4: 0000 81fb | 2707 0000 | 0f8f 4b00 | 0000 4d3b | 5c1f f874 | 1649 8bc2 | 4883 c801 | 4983 e2fe 
  0x000001c29031d714: f04d 0fb1 | 130f 852e | 0000 004d | 891c 1f41 | 8387 d806 | 0000 08eb | 1e48 33c0 | 498b 9fc8 
  0x000001c29031d734: 0400 00f0 | 490f b15a | 3e74 0c48 | 3bd8 7509 | 49ff 8286 | 0000 0033 | c00f 8542 

  0x000001c29031d750: ;   {oop(a 'sun/awt/AWTAutoShutdown'{0x0000000711135e18})}
  0x000001c29031d750: 1d00 0049 | ba18 5e13 | 1107 0000 | 0041 8b6a | 1845 8b54 

  0x000001c29031d764: ;   {metadata('java/util/HashSet')}
  0x000001c29031d764: ec08 4181 | fae8 5b23 | 000f 8546 | 1d00 004d | 8d14 ec45 | 8b52 0c44 | 8954 2468 

  0x000001c29031d780: ; implicit exception: dispatches to 0x000001c2903200d0
  0x000001c29031d780: 478b 5cd4 | 0844 895c | 2424 4c8b | 5424 584d | 8b12 448b | 4424 684b | 8d2c c44d | 8bda 4983 
  0x000001c29031d7a0: e303 4983 | fb02 0f84 | 1412 0000 | 49c1 ea0b | 418b c225 | ffff ff7f | 0f84 0212 | 0000 448b 
  0x000001c29031d7c0: 5424 6847 | 8b54 d414 | 4489 5424 | 6c47 8b5c | d40c 4585 | db0f 86c9 | 1f00 0041 | ffcb 49c1 
  0x000001c29031d7e0: e203 4c89 | 5424 7044 | 8bc0 41c1 | e810 4433 | c044 8944 | 2478 4523 | d844 895c | 247c 478b 
  0x000001c29031d800: 549a 1047 | 8b5c d40c | 478b 4cd4 | 084f 8d04 | d44c 8984 | 2480 0000 | 0044 3b5c | 2478 0f85 
  0x000001c29031d820: f912 0000 | 438b 6cd4 | 1044 8b44 | 2444 413b | e80f 85a9 

  0x000001c29031d834: ;   {metadata('java/util/HashMap$Node')}
  0x000001c29031d834: 2100 0041 | 81f9 20b6 | 2c00 0f85 | f025 0000 | 488b 8c24 | 8000 0000 | 4c8b 9424 | 8000 0000 
  0x000001c29031d854: 418b 6a18 | 4c3b d10f | 85f8 1200 | 0044 8b5c | 246c 478b 

  0x000001c29031d868: ;   {metadata('java/util/HashMap$Node'[])}
  0x000001c29031d868: 44dc 0841 | 81f8 18b4 | 2c00 0f85 | 841d 0000 | 488b 4c24 | 708b 7c24 | 7c4c 8d5c | b910 4180 
  0x000001c29031d888: 7f48 000f | 85b9 3000 | 0041 892b | 448b cd49 | c1e1 034d | 8bc3 4d33 | c149 c1e8 | 150f 8428 
  0x000001c29031d8a8: 0000 0049 | 83f9 000f | 841e 0000 | 004d 8bc3 | 49c1 e809 | 49b9 0050 | 8ff6 c201 | 0000 4d03 
  0x000001c29031d8c8: c141 8038 | 020f 85df | 3000 0044 | 8b5c 2468 | 478b 44dc | 1c41 ffc8 | 4789 44dc | 1c47 8b44 
  0x000001c29031d8e8: dc20 41ff | c047 8944 | dc20 448b 

  0x000001c29031d8f4: ;   {metadata('java/util/HashMap')}
  0x000001c29031d8f4: 5c24 2441 | 81fb 5807 | 2000 0f85 | f41b 0000 | 418b 6a14 

  0x000001c29031d908: ;   {oop(a 'java/lang/Object'{0x0000000711413d08})}
  0x000001c29031d908: 81fd a127 | 28e2 0f85 | cc1e 0000 

  0x000001c29031d914: ;   {oop(a 'sun/awt/AWTAutoShutdown'{0x0000000711135e18})}
  0x000001c29031d914: 49ba 185e | 1311 0700 | 0000 450f | b65a 0c45 | 85db 7526 | 418b 6a1c 

  0x000001c29031d92c: ; implicit exception: dispatches to 0x000001c2903201cc
  0x000001c29031d92c: 458b 5cec 

  0x000001c29031d930: ;   {metadata('java/util/IdentityHashMap')}
  0x000001c29031d930: 0841 81fb | 406c 2500 | 0f85 fe1c | 0000 4d8d | 14ec 418b | 6a1c 85ed | 0f84 d220 | 0000 4c8b 
  0x000001c29031d950: 5c24 6048 | 8d84 24b8 | 0000 0041 | 8b87 d806 | 0000 4d8b | 134d 3b5c | 07f8 0f85 | 2e00 0000 
  0x000001c29031d970: 4183 afd8 | 0600 0008 | 4d3b 5c07 | f00f 845f | 0000 0049 | 8bc2 4883 | e0fc 4983 | ca01 f04d 
  0x000001c29031d990: 0fb1 130f | 8564 3b00 | 00e9 4400 | 0000 4983 | ba86 0000 | 0000 7533 | 49c7 423e | 0000 0000 
  0x000001c29031d9b0: f083 4424 | c000 4983 | ba8e 0000 | 0000 7422 | 4983 ba9e | 0000 0000 | 7518 4983 | e2fd 4d89 
  0x000001c29031d9d0: 97e8 0500 | 0041 83ca | 01eb 0a49 | ff8a 8600 | 0000 4533 | d20f 8549 | 1b00 004c | 8b5c 2450 
  0x000001c29031d9f0: 488d 8424 | b000 0000 | 418b 87d8 | 0600 004d | 8b13 4d3b | 5c07 f80f | 852e 0000 | 0041 83af 
  0x000001c29031da10: d806 0000 | 084d 3b5c | 07f0 0f84 | 5f00 0000 | 498b c248 | 83e0 fc49 | 83ca 01f0 | 4d0f b113 
  0x000001c29031da30: ;   {other}
  0x000001c29031da30: 0f85 ba3a | 0000 e944 | 0000 0049 | 83ba 8600 | 0000 0075 | 3349 c742 | 3e00 0000 | 00f0 8344 
  0x000001c29031da50: 24c0 0049 | 83ba 8e00 | 0000 0074 | 2249 83ba | 9e00 0000 | 0075 1849 | 83e2 fd4d | 8997 e805 
  0x000001c29031da70: 0000 4183 | ca01 eb0a | 49ff 8a86 | 0000 0045 | 33d2 0f85 | d71a 0000 | 448b 5c24 | 4043 8b6c 
  0x000001c29031da90: dc30 458b 

  0x000001c29031da94: ;   {metadata('java/util/concurrent/locks/AbstractQueuedSynchronizer$ConditionObject')}
  0x000001c29031da94: 44ec 0841 | 81f8 f076 | 0201 0f85 | e31a 0000 | 4d8d 0cec | 488b 7c24 | 280f b66f | 3a85 ed0f 
  0x000001c29031dab4: 858f 1e00 | 0041 8b49 | 1485 c90f | 840f 1900 | 0033 d245 | 3b64 cc14 | 0f84 9a0f | 0000 498b 
  0x000001c29031dad4: 87c8 0100 | 004c 8bd0 | 4983 c220 | 4d3b 97d8 | 0100 000f | 831d 1400 | 004d 8997 | c801 0000 
  0x000001c29031daf4: 410f 1882 | 0001 0000 | 48c7 0001 

  0x000001c29031db00: ;   {metadata('java/util/concurrent/locks/AbstractQueuedSynchronizer$ConditionNode')}
  0x000001c29031db00: 0000 00c7 | 4008 c08a | 0d01 4489 | 600c 4c89 | 6010 4c89 | 6018 418b | 5114 418b | 6cd4 0c4c 
  0x000001c29031db20: 8bd5 49c1 | e203 4c3b | d70f 85f1 | 1c00 0044 | 895c 2440 | 4c8b c7c7 | 400c 0300 | 0000 418b 
  0x000001c29031db40: 6910 4d8b | d148 8d58 | 184c 8bcf | 49c1 e903 | 4489 0b85 | ed0f 85f5 | 1c00 0045 | 8b4c d418 
  0x000001c29031db60: 4d8b da4c | 8bd0 498d | 530c 4180 | 7f48 000f | 859e 2e00 | 0048 8bf8 | 48c1 ef03 | 893a 488b 
  0x000001c29031db80: da48 33d8 | 48c1 eb15 | 0f84 1d00 | 0000 488b | da48 c1eb | 0948 bf00 | 508f f6c2 | 0100 0048 
  0x000001c29031dba0: 03df 803b | 020f 85f7 | 2e00 0049 | 8d7b 1041 | 807f 4800 | 0f85 6f2f | 0000 488b | d848 c1eb 
  0x000001c29031dbc0: 0389 1f48 | 8bcf 4833 | c848 c1e9 | 150f 841d | 0000 0048 | 8bcf 48c1 | e909 48bb | 0050 8ff6 
  0x000001c29031dbe0: c201 0000 | 4803 cb80 | 3902 0f85 | c82f 0000 | 418b 4b14 

  0x000001c29031dbf4: ; implicit exception: dispatches to 0x000001c29032014c
  0x000001c29031dbf4: 418b 54cc | 1841 8b6c | cc0c 488b 

  0x000001c29031dc00: ;   {other}
  0x000001c29031dc00: fd48 c1e7 | 0349 8bd8 | 493b f80f | 8563 1d00 | 0041 3bd1 | 751b 4c8b | c048 33c0 | 498d 7ccc 
  0x000001c29031dc20: 0c41 807f | 4800 0f85 | 1030 0000 | 8907 4d8b | d08b fa41 | 2bf9 4189 | 7ccc 18f0 | 8344 24c0 
  0x000001c29031dc40: 0041 3bd1 | 0f85 5619 | 0000 418b | 4ccc 1085 | c974 0d41 | 8b7c cc14 | 85ff 0f85 | 2907 0000 
  0x000001c29031dc60: 488d 7b58 | 4180 7f48 | 000f 8566 | 3000 0049 | 8bcb 48c1 | e903 890f | 4c8b c74d | 33c3 49c1 
  0x000001c29031dc80: e815 0f84 | 1e00 0000 | 4c8b c749 | c1e8 0948 | b900 508f | f6c2 0100 | 004c 03c1 | 4180 3802 
  0x000001c29031dca0: 0f85 a730 | 0000 418b | 4a10 85c9 | 7452 418b | 6ccc 144c | 8bc5 49c1 | e003 4d3b | c20f 840c 
  0x000001c29031dcc0: f7ff ffba | 45ff ffff | 4c8b 4424 | 304c 8944 | 2420 448b | 4424 4044 | 8944 242c | 4489 4c24 
  0x000001c29031dce0: 404c 895c | 2448 4c89 | 5424 504c | 8954 2458 

  0x000001c29031dcf0: ;   {runtime_call UncommonTrapBlob}
  0x000001c29031dcf0: 6666 90e8 

  0x000001c29031dcf4: ; ImmutableOopMap {rbp=NarrowOop [32]=Oop [44]=NarrowOop [72]=Oop [80]=Oop [88]=Oop }
                      ;*if_acmpeq {reexecute=1 rethrow=0 return_oop=0}
                      ; - (reexecute) java.util.concurrent.locks.AbstractQueuedSynchronizer$ConditionObject::canReacquire@18 (line 1631)
                      ; - java.util.concurrent.locks.AbstractQueuedSynchronizer$ConditionObject::await@44 (line 1743)
                      ; - java.awt.EventQueue::getNextEvent@52 (line 552)
                      ; - java.awt.EventDispatchThread::pumpOneEventForFilters@20 (line 190)
  0x000001c29031dcf4: 681e b0ff 

  0x000001c29031dcf8: ;   {post_call_nop}
  0x000001c29031dcf8: 0f1f 8400 | 700c 0003 

  0x000001c29031dd00: ;   {metadata('java/util/concurrent/ForkJoinWorkerThread')}
  0x000001c29031dd00: 8b4b 0881 | f9e8 833f | 000f 8465 | 1a00 0041 | b800 0000 | 1f4c 03c1 | 498b 7840 | eb38 6690 
  0x000001c29031dd20: 4c8b 5c24 | 4844 8b4c | 2444 e98c | 0000 0048 | 8b5c 2458 | 4c8b 5c24 | 4844 8b4c | 2444 488b 
  0x000001c29031dd40: 7c24 6045 | 8b42 1049 

  0x000001c29031dd48: ; ImmutableOopMap {r10=Oop r11=Oop r8=NarrowOop rbx=Oop [48]=Oop [56]=Oop [64]=NarrowOop }
                      ;*goto {reexecute=1 rethrow=0 return_oop=0}
                      ; - (reexecute) java.util.concurrent.locks.AbstractQueuedSynchronizer$ConditionObject::await@110 (line 1757)
                      ; - java.awt.EventQueue::getNextEvent@52 (line 552)
                      ; - java.awt.EventDispatchThread::pumpOneEventForFilters@20 (line 190)
                      ;   {poll}
  0x000001c29031dd48: 8b4f 3085 | 0145 85c0 | 0f85 64f6 | ffff 0fb6 | 6b3a 85ed | 0f85 221b | 0000 418b | 6a0c 83e5 
  0x000001c29031dd68: 020f 844d | 1b00 0041 | 8b4a 0c83 | f901 0f8e | dc15 0000 | 0fb6 6b3a | 85ed 0f85 | 681b 0000 
  0x000001c29031dd88: 458b 420c | 4183 f801 | 7eb1 0fb6 | 6b3a 85ed | 0f85 be1c 

  0x000001c29031dd9c: ;   {metadata('java/lang/BaseVirtualThread')}
  0x000001c29031dd9c: 0000 49b8 | 8036 1a1f | 0000 0000 | 493b f80f | 8463 1900 | 0048 895c | 2458 4889 | 7c24 6044 
  0x000001c29031ddbc: 894c 2444 | 4c89 5424 | 504c 895c 

  0x000001c29031ddc8: ;   {oop(a 'jdk/internal/misc/Unsafe'{0x00000007114035b0})}
  0x000001c29031ddc8: 2448 48ba | b035 4011 | 0700 0000 | 4533 c045 | 33c9 498b 

  0x000001c29031dddc: ;   {optimized virtual_call}
  0x000001c29031dddc: ea66 90e8 

  0x000001c29031dde0: ; ImmutableOopMap {rbp=Oop [48]=Oop [56]=Oop [64]=NarrowOop [72]=Oop [80]=Oop [88]=Oop }
                      ;*invokevirtual park {reexecute=0 rethrow=0 return_oop=0}
                      ; - java.util.concurrent.locks.LockSupport::park@25 (line 369)
                      ; - java.util.concurrent.locks.AbstractQueuedSynchronizer$ConditionNode::block@7 (line 520)
                      ; - java.util.concurrent.ForkJoinPool::unmanagedBlock@15 (line 4364)
                      ; - java.util.concurrent.ForkJoinPool::managedBlock@32 (line 4310)
                      ; - java.util.concurrent.locks.AbstractQueuedSynchronizer$ConditionObject::await@107 (line 1752)
                      ; - java.awt.EventQueue::getNextEvent@52 (line 552)
                      ; - java.awt.EventDispatchThread::pumpOneEventForFilters@20 (line 190)
  0x000001c29031dde0: ac34 fbff 

  0x000001c29031dde4: ;   {post_call_nop}
  0x000001c29031dde4: 0f1f 8400 | 5c0d 0005 | 4c8b d545 | 8b4a 0c49 

  0x000001c29031ddf4: ; ImmutableOopMap {r10=Oop [48]=Oop [56]=Oop [64]=NarrowOop [72]=Oop [80]=Oop [88]=Oop }
                      ;*goto {reexecute=1 rethrow=0 return_oop=0}
                      ; - (reexecute) java.util.concurrent.locks.AbstractQueuedSynchronizer$ConditionNode::block@10 (line 520)
                      ; - java.util.concurrent.ForkJoinPool::unmanagedBlock@15 (line 4364)
                      ; - java.util.concurrent.ForkJoinPool::managedBlock@32 (line 4310)
                      ; - java.util.concurrent.locks.AbstractQueuedSynchronizer$ConditionObject::await@107 (line 1752)
                      ; - java.awt.EventQueue::getNextEvent@52 (line 552)
                      ; - java.awt.EventDispatchThread::pumpOneEventForFilters@20 (line 190)
                      ;   {poll}
  0x000001c29031ddf4: 8b4f 3085 | 0141 83f9 | 010f 8e2c | ffff ff4c | 8b5c 2458 | 410f b66b | 3a85 ed0f | 840b ffff 
  0x000001c29031de14: ffba 45ff | ffff 4c8b | 5c24 304c | 895c 2420 | 448b 5c24 | 4044 895c | 242c 4c8b | 5c24 484c 
  0x000001c29031de34: 895c 2430 | 4c89 5424 

  0x000001c29031de3c: ;   {runtime_call UncommonTrapBlob}
  0x000001c29031de3c: 4866 90e8 

  0x000001c29031de40: ; ImmutableOopMap {[32]=Oop [44]=NarrowOop [48]=Oop [72]=Oop [80]=Oop }
                      ;*ifeq {reexecute=1 rethrow=0 return_oop=0}
                      ; - (reexecute) java.util.concurrent.locks.AbstractQueuedSynchronizer$ConditionNode::isReleasable@14 (line 516)
                      ; - java.util.concurrent.locks.AbstractQueuedSynchronizer$ConditionNode::block@1 (line 520)
                      ; - java.util.concurrent.ForkJoinPool::unmanagedBlock@15 (line 4364)
                      ; - java.util.concurrent.ForkJoinPool::managedBlock@32 (line 4310)
                      ; - java.util.concurrent.locks.AbstractQueuedSynchronizer$ConditionObject::await@107 (line 1752)
                      ; - java.awt.EventQueue::getNextEvent@52 (line 552)
                      ; - java.awt.EventDispatchThread::pumpOneEventForFilters@20 (line 190)
  0x000001c29031de40: 1c1d b0ff 

  0x000001c29031de44: ;   {post_call_nop}
  0x000001c29031de44: 0f1f 8400 | bc0d 0007 | 4c8b 5424 | 3045 8b4a | 7445 8bd3 

  0x000001c29031de58: ; implicit exception: dispatches to 0x000001c29031fef0
  0x000001c29031de58: 478b 5ccc | 1045 85db | 0f8c f612 | 0000 453b | d30f 8369 | 1200 0047 | 8b5c cc14 | 458b ca44 
  0x000001c29031de78: 894c 2460 

  0x000001c29031de7c: ; implicit exception: dispatches to 0x000001c29031ff2c
  0x000001c29031de7c: 478b 4cdc | 0c44 8b44 | 2460 453b | c10f 8389 | 1200 004f | 8d14 dc47 | 8b54 8210 

  0x000001c29031de98: ; implicit exception: dispatches to 0x000001c29031ff6c
  0x000001c29031de98: 478b 5cd4 

  0x000001c29031de9c: ;   {metadata('java/awt/EventDispatchThread$HierarchyEventFilter')}
  0x000001c29031de9c: 0841 81fb | c8fb 0a01 | 0f85 ae07 | 0000 4f8d | 0cd4 458b 

  0x000001c29031deb0: ;   {metadata('java/awt/EventDispatchThread$HierarchyEventFilter')}
  0x000001c29031deb0: 5108 4181 | fac8 fb0a | 010f 8547 | 0600 0041 | 8b69 0c85 | ed0f 85f9 | 1700 0044 | 8b5c 2460 
  0x000001c29031ded0: 41ff cb4d 

  0x000001c29031ded4: ; ImmutableOopMap {[40]=NarrowOop [48]=Oop [56]=Oop [64]=Oop [72]=NarrowOop [76]=NarrowOop [80]=Oop [88]=Oop }
                      ;*goto {reexecute=1 rethrow=0 return_oop=0}
                      ; - (reexecute) java.awt.EventDispatchThread::filterAndCheckEvent@76 (line 167)
                      ; - java.awt.EventDispatchThread::pumpOneEventForFilters@35 (line 192)
                      ;   {poll}
  0x000001c29031ded4: 8b57 3041 | 8502 4585 | db0f 8d69 | ffff ffbb | 0100 0000 | e99a 0200 | 004b 8d14 | c4eb 044b 
  0x000001c29031def4: 8d14 c447 | 8b44 dc10 | 4585 c00f | 8503 0800 | 0041 8bca | 4c89 4c24 | 404d 33d2 | 488d 5a10 
  0x000001c29031df14: 4180 7f48 | 000f 85a3 | 2e00 0044 | 8913 478b | 54dc 0c4c | 8d4a 0c41 | 807f 4800 | 0f85 122f 
  0x000001c29031df34: 0000 4589 | 0141 8bf8 | 48c1 e703 | 498b d948 | 33df 48c1 | eb15 0f84 | 2700 0000 | 4883 ff00 
  0x000001c29031df54: 0f84 1d00 | 0000 498b | d948 c1eb | 0948 bf00 | 508f f6c2 | 0100 0048 | 03df 803b | 020f 8557 
  0x000001c29031df74: 2f00 0043 | 8b7c d408 | 438b 6cd4 | 1481 fdf7 | 0100 0074 | 3044 8d85 | 0000 0080 | 4181 f8f9 
  0x000001c29031df94: 0100 8076 | 0c81 fd22 | 0300 000f | 8cac 0800 

  0x000001c29031dfa4: ;   {metadata('sun/awt/PeerEvent')}
  0x000001c29031dfa4: 0081 ffb8 | f00a 010f | 8514 0500 | 0041 b904 | 0000 00eb | 0641 b902 | 0000 0041 | 83f9 ff74 
  0x000001c29031dfc4: 6044 8bc7 | 438b 54d4 | 0c41 8b5c | d408 bf00 | 0000 1f48 | 03fb 488b 

  0x000001c29031dfdc: ;   {metadata('java/awt/Component')}
  0x000001c29031dfdc: 5f38 48bf | 78cb 0020 | 0000 0000 | 483b df0f | 8590 0300 | 0049 8d1c | d48b abc0 | 0000 0041 
  0x000001c29031dffc: 8b5c ec0c | 443b cb0f | 833f 1700 | 004d 8d1c | ec48 33f6 | 4b8d 7c8b | 1041 807f | 4800 0f85 
  0x000001c29031e01c: 212f 0000 | 8937 418b | f841 8b6c | cc2c 458b 

  0x000001c29031e02c: ;   {metadata('java/util/concurrent/locks/ReentrantLock')}
  0x000001c29031e02c: 44ec 0841 | 81f8 0088 | 1d00 0f85 | 3412 0000 | 4d8d 1cec | 458b 4b0c 

  0x000001c29031e044: ; implicit exception: dispatches to 0x000001c290320010
  0x000001c29031e044: 478b 5ccc | 1889 7c24 | 2444 8954 | 2448 894c | 2428 438b | 6ccc 0c45 | 8bd1 4c8b | c549 c1e0 
  0x000001c29031e064: 034c 8b4c | 2440 4d3b | c10f 852d | 1600 0041 | 83fb 0175 | 1648 33db | 4f8d 44d4 | 0c41 807f 
  0x000001c29031e084: 4800 0f85 | 3a2f 0000 | 4189 1844 | 8b4c 2448 | 4f8d 04cc | 4c89 4424 | 5045 8d43 | ff47 8944 
  0x000001c29031e0a4: d418 f083 | 4424 c000 | 4183 fb01 | 7518 478b | 54d4 1045 | 85d2 740e | 478b 54d4 | 1445 85d2 
  0x000001c29031e0c4: 0f85 2d02 | 0000 4c8b | 5424 3045 | 8b42 7445 | 85c0 0f84 | dc10 0000 | 4f8d 14c4 | 4c89 5424 
  0x000001c29031e0e4: 5844 8944 | 244c 4c8b | 5c24 5848 | 8d9c 24b0 | 0000 004d | 8b13 418b | 9fd8 0600 | 0041 f6c2 
  0x000001c29031e104: 020f 8537 | 0000 0081 | fb27 0700 | 000f 8f4b | 0000 004d | 3b5c 1ff8 | 7416 498b | c248 83c8 
  0x000001c29031e124: 0149 83e2 | fef0 4d0f 

  0x000001c29031e12c: ;   {other}
  0x000001c29031e12c: b113 0f85 | 2e00 0000 | 4d89 1c1f | 4183 87d8 | 0600 0008 | eb1e 4833 | c049 8b9f | c804 0000 
  0x000001c29031e14c: f049 0fb1 | 5a3e 740c | 483b d875 | 0949 ff82 | 8600 0000 | 33c0 0f85 | 2411 0000 | 4c8b 5424 
  0x000001c29031e16c: 3045 8b4a | 7447 8b54 | cc10 41ff | ca45 85d2 | 0f8d d6fc | ffff bb01 | 0000 004c | 8b5c 2458 
  0x000001c29031e18c: 488d 8424 | b000 0000 | 418b 87d8 | 0600 004d | 8b13 4d3b | 5c07 f80f | 852e 0000 | 0041 83af 
  0x000001c29031e1ac: d806 0000 | 084d 3b5c | 07f0 0f84 | 5f00 0000 | 498b c248 | 83e0 fc49 | 83ca 01f0 | 4d0f b113 
  0x000001c29031e1cc: 0f85 1133 | 0000 e944 | 0000 0049 | 83ba 8600 | 0000 0075 | 3349 c742 | 3e00 0000 | 00f0 8344 
  0x000001c29031e1ec: 24c0 0049 | 83ba 8e00 | 0000 0074 | 2249 83ba | 9e00 0000 | 0075 1849 | 83e2 fd4d | 8997 e805 
  0x000001c29031e20c: 0000 4183 | ca01 eb0a | 49ff 8a86 | 0000 0045 | 33d2 0f85 | 8d10 0000 | 85db 0f84 | 1c08 0000 
  0x000001c29031e22c: ;   {oop(a 'java/lang/Class'{0x0000000710defe90} = 'sun/awt/dnd/SunDragSourceContextPeer')}
  0x000001c29031e22c: 49ba 90fe | de10 0700 | 0000 410f | b6aa 9100 | 0000 85ed | 0f85 a214 | 0000 41ba | 0100 0000 
  0x000001c29031e24c: ; ImmutableOopMap {[40]=NarrowOop [48]=Oop [56]=Oop [64]=Oop [72]=NarrowOop }
                      ;*ifeq {reexecute=1 rethrow=0 return_oop=0}
                      ; - (reexecute) java.awt.EventDispatchThread::pumpOneEventForFilters@48 (line 197)
  0x000001c29031e24c: 4d8b 5f30 

  0x000001c29031e250: ;   {poll}
  0x000001c29031e250: 4185 0345 | 85d2 0f84 | dd07 0000 

  0x000001c29031e25c: ;   {oop(a 'sun/util/logging/PlatformLogger'{0x00000007111ff6b8})}
  0x000001c29031e25c: 49ba b8f6 | 1f11 0700 | 0000 418b | 6a0c 458b 

  0x000001c29031e26c: ;   {metadata('jdk/internal/logger/LazyLoggers$JdkLazyLogger')}
  0x000001c29031e26c: 5cec 0841 | 81fb 60bc | 0101 0f85 | 7c10 0000 | 498d 34ec | 8b6e 0c45 | 8b5c ec08 

  0x000001c29031e288: ;   {metadata('jdk/internal/logger/LazyLoggers$LazyLoggerAccessor')}
  0x000001c29031e288: 4181 fb80 | c201 010f | 8577 1000 | 0049 8d3c | ec44 8b57 | 2045 85d2 | 0f84 de05 | 0000 4f8d 
  0x000001c29031e2a8: 1cd4 458b 

  0x000001c29031e2ac: ;   {metadata('jdk/internal/logger/SurrogateLogger')}
  0x000001c29031e2ac: 5308 4181 | fa98 cd03 | 010f 8575 | 1000 0041 | 8b6b 1485 | ed0f 85b5 | 1300 0044 | 8b5c 2448 
  0x000001c29031e2cc: 4f8d 04dc | 488b 5424 

  0x000001c29031e2d4: ;   {optimized virtual_call}
  0x000001c29031e2d4: 3866 90e8 

  0x000001c29031e2d8: ; ImmutableOopMap {[48]=Oop }
                      ;*invokevirtual dispatchEvent {reexecute=0 rethrow=0 return_oop=0}
                      ; - java.awt.EventDispatchThread::pumpOneEventForFilters@81 (line 203)
  0x000001c29031e2d8: 342a feff 

  0x000001c29031e2dc: ;   {post_call_nop}
  0x000001c29031e2dc: 0f1f 8400 | 5412 000a | 4881 c4d0 | 0000 005d 

  0x000001c29031e2ec: ;   {poll_return}
  0x000001c29031e2ec: 493b 6728 | 0f87 d731 | 0000 c347 | 8b5c d40c | 4585 db0f | 84c5 fdff | ff43 8b44 | d40c 448b 
  0x000001c29031e30c: d841 83e3 | fef0 470f | b15c d40c | 400f 94c5 | 400f b6ed | 85ed 0f84 | ef17 0000 | 478b 5cd4 
  0x000001c29031e32c: 1845 85db | 0f84 94fd | ffff 478b | 4cdc 084f | 8d04 dc41 | ba00 0000 | 1f4d 03d1 | 4d8b 5240 
  0x000001c29031e34c: ;   {metadata('java/lang/BaseVirtualThread')}
  0x000001c29031e34c: 49bb 8036 | 1a1f 0000 | 0000 4d3b | d30f 85ec 

  0x000001c29031e35c: ;   {oop(a 'java/lang/System$1'{0x0000000711402338})}
  0x000001c29031e35c: 0300 0048 | ba38 2340 | 1107 0000 | 0048 8b6c 

  0x000001c29031e36c: ;   {optimized virtual_call}
  0x000001c29031e36c: 2430 90e8 

  0x000001c29031e370: ; ImmutableOopMap {rbp=Oop [40]=NarrowOop [48]=Oop [56]=Oop [64]=Oop [72]=NarrowOop [80]=Oop }
                      ;*invokeinterface unparkVirtualThread {reexecute=0 rethrow=0 return_oop=0}
                      ; - java.util.concurrent.locks.LockSupport::unpark@15 (line 181)
                      ; - java.util.concurrent.locks.AbstractQueuedSynchronizer::signalNext@30 (line 646)
                      ; - java.util.concurrent.locks.AbstractQueuedSynchronizer::release@12 (line 1100)
                      ; - java.util.concurrent.locks.ReentrantLock::unlock@5 (line 495)
                      ; - java.awt.EventQueue::getNextEvent@31 (line 554)
                      ; - java.awt.EventDispatchThread::pumpOneEventForFilters@20 (line 190)
  0x000001c29031e370: 6c0a a3ff 

  0x000001c29031e374: ;   {post_call_nop}
  0x000001c29031e374: 0f1f 8400 | ec12 000b | e949 fdff | ff41 8bf8 | e99c fcff | ff45 8b44 | fc0c 4585 | c00f 84c9 
  0x000001c29031e394: f8ff ff41 | 8b44 fc0c | 8bc8 83e1 | fef0 410f | b14c fc0c | 400f 94c5 | 400f b6ed | 85ed 0f84 
  0x000001c29031e3b4: bc17 0000 | 418b 4cfc | 1885 c90f | 849b f8ff | ff4d 8d04 | cc41 8b7c | cc08 b900 | 0000 1f48 
  0x000001c29031e3d4: 03cf 488b 

  0x000001c29031e3d8: ;   {metadata('java/lang/BaseVirtualThread')}
  0x000001c29031e3d8: 4940 48bf | 8036 1a1f | 0000 0000 | 483b cf0f | 8580 0300 | 0044 894c | 2424 4c89 | 5424 484c 
  0x000001c29031e3f8: 895c 2428 

  0x000001c29031e3fc: ;   {oop(a 'java/lang/System$1'{0x0000000711402338})}
  0x000001c29031e3fc: 488b eb48 | ba38 2340 | 1107 0000 

  0x000001c29031e408: ;   {optimized virtual_call}
  0x000001c29031e408: 0066 90e8 

  0x000001c29031e40c: ; ImmutableOopMap {rbp=Oop [40]=Oop [48]=Oop [56]=Oop [64]=NarrowOop [72]=Oop }
                      ;*invokeinterface unparkVirtualThread {reexecute=0 rethrow=0 return_oop=0}
                      ; - java.util.concurrent.locks.LockSupport::unpark@15 (line 181)
                      ; - java.util.concurrent.locks.AbstractQueuedSynchronizer::signalNext@30 (line 646)
                      ; - java.util.concurrent.locks.AbstractQueuedSynchronizer::release@12 (line 1100)
                      ; - java.util.concurrent.locks.AbstractQueuedSynchronizer$ConditionObject::enableWait@62 (line 1615)
                      ; - java.util.concurrent.locks.AbstractQueuedSynchronizer$ConditionObject::await@26 (line 1740)
                      ; - java.awt.EventQueue::getNextEvent@52 (line 552)
                      ; - java.awt.EventDispatchThread::pumpOneEventForFilters@20 (line 190)
  0x000001c29031e40c: d009 a3ff 

  0x000001c29031e410: ;   {post_call_nop}
  0x000001c29031e410: 0f1f 8400 | 8813 000c | 488b dd4c | 8b5c 2428 | 4c8b 5424 | 4844 8b4c | 2424 e931 | f8ff ff47 
  0x000001c29031e430: 8b5c c40c | 4585 db0f | 8477 f0ff | ff43 8b44 | c40c 448b | d041 83e2 | fef0 470f | b154 c40c 
  0x000001c29031e450: 400f 94c5 | 400f b6ed | 85ed 0f84 | 4c17 0000 | 478b 5cc4 | 1845 85db | 0f84 46f0 | ffff 4f8d 
  0x000001c29031e470: 04dc 478b | 54dc 0841 | bb00 0000 | 1f4d 03da | 4d8b 5340 

  0x000001c29031e484: ;   {metadata('java/lang/BaseVirtualThread')}
  0x000001c29031e484: 49bb 8036 | 1a1f 0000 | 0000 4d3b | d30f 8518 | 0300 0044 | 894c 2424 

  0x000001c29031e49c: ;   {oop(a 'java/lang/System$1'{0x0000000711402338})}
  0x000001c29031e49c: 488b eb48 | ba38 2340 | 1107 0000 

  0x000001c29031e4a8: ;   {optimized virtual_call}
  0x000001c29031e4a8: 0066 90e8 

  0x000001c29031e4ac: ; ImmutableOopMap {rbp=Oop [36]=NarrowOop [48]=Oop [56]=Oop }
                      ;*invokeinterface unparkVirtualThread {reexecute=0 rethrow=0 return_oop=0}
                      ; - java.util.concurrent.locks.LockSupport::unpark@15 (line 181)
                      ; - java.util.concurrent.locks.AbstractQueuedSynchronizer::signalNext@30 (line 646)
                      ; - java.util.concurrent.locks.AbstractQueuedSynchronizer::release@12 (line 1100)
                      ; - java.util.concurrent.locks.ReentrantLock::unlock@5 (line 495)
                      ; - java.awt.EventQueue::getNextEvent@61 (line 554)
                      ; - java.awt.EventDispatchThread::pumpOneEventForFilters@20 (line 190)
  0x000001c29031e4ac: 3009 a3ff 

  0x000001c29031e4b0: ;   {post_call_nop}
  0x000001c29031e4b0: 0f1f 8400 | 2814 000d | 488b dd44 | 8b4c 2424 | e9ef efff | ff41 b9ff | ffff ffe9 | effa ffff 
  0x000001c29031e4d0: 478b 5cc4 | 0c49 c1e3 | 034c 8b4c | 2428 4d3b | d90f 85f6 | 0200 0043 | 8b6c c418 | ffc5 85ed 
  0x000001c29031e4f0: 0f8c de16 | 0000 4389 | 6cc4 18f0 | 8344 24c0 | 00e9 6ff0 

  0x000001c29031e504: ;   {metadata('java/awt/ModalEventFilter$ApplicationModalEventFilter')}
  0x000001c29031e504: ffff 4181 | fa10 d315 | 010f 8525 | 1600 0045 | 0fb6 510c | 4585 d20f | 85aa f9ff | ff45 8b51 
  0x000001c29031e524: 1047 0fb6 | 5cd4 3145 | 85db 0f84 | 97f9 ffff | 448b 5424 | 4847 8b5c | d414 458d | 930c feff 
  0x000001c29031e544: ff41 83fa | 0872 1641 | 81fb e903 | 0000 740d | 4181 fbc9 | 0000 000f | 856a f9ff | ff44 8b5c 
  0x000001c29031e564: 2448 478b | 54dc 0c47 | 8b44 d408 

  0x000001c29031e570: ;   {metadata('sun/awt/ModalExclude')}
  0x000001c29031e570: 48b8 8042 | 0f20 0000 | 0000 be00 | 0000 1f49 | 03f0 4c8b | 5e20 4c3b | d80f 843c | f9ff ff48 
  0x000001c29031e590: 33ff 4c8b | 9ea8 0000 | 0049 8bd3 | 48c1 e20d | 0f89 2100 | 0000 f348 | 0fb8 d248 | 8b5e 2848 
  0x000001c29031e5b0: 3b04 d374 | 1549 0fba | e333 730b | 49c1 cb32 

  0x000001c29031e5c0: ;   {runtime_call Stub::lookup_secondary_supers_table_slow_path}
  0x000001c29031e5c0: e83e 5ea1 | ffeb 0348 | ffc7 4885 | ff0f 84f8 | f8ff ff4c 

  0x000001c29031e5d4: ;   {metadata('java/awt/Component')}
  0x000001c29031e5d4: 8b5e 3849 | b878 cb00 | 2000 0000 | 004d 3bd8 | 0f85 e1f8 | ffff 4f8d 

  0x000001c29031e5ec: ;   {metadata('java/awt/Window')}
  0x000001c29031e5ec: 04d4 49bb | a0e3 0020 | 0000 0000 | 458b 5008 | b900 0000 | 1f49 03ca | 4c8b 5148 | 4d3b d30f 
  0x000001c29031e60c: 8531 0900 | 0048 8b6c | 2430 498b 

  0x000001c29031e618: ;   {optimized virtual_call}
  0x000001c29031e618: d166 90e8 

  0x000001c29031e61c: ; ImmutableOopMap {rbp=Oop [40]=NarrowOop [48]=Oop [56]=Oop [64]=Oop [72]=NarrowOop [76]=NarrowOop [80]=Oop [88]=Oop }
                      ;*invokevirtual acceptWindow {reexecute=0 rethrow=0 return_oop=1}
                      ; - java.awt.ModalEventFilter::acceptEvent@123 (line 66)
                      ; - java.awt.EventDispatchThread::filterAndCheckEvent@42 (line 169)
                      ; - java.awt.EventDispatchThread::pumpOneEventForFilters@35 (line 192)
  0x000001c29031e61c: 007b 79f8 

  0x000001c29031e620: ;   {post_call_nop}
  0x000001c29031e620: 0f1f 8400 | 9815 000e 

  0x000001c29031e628: ;   {oop(a 'java/awt/EventFilter$FilterAction'{0x0000000710defcd0})}
  0x000001c29031e628: 49ba d0fc | de10 0700 | 0000 493b | c20f 84d5 

  0x000001c29031e638: ;   {oop(a 'java/awt/EventFilter$FilterAction'{0x0000000710defd18})}
  0x000001c29031e638: 1400 0049 | ba18 fdde | 1007 0000 | 0049 3bc2 | 0f85 7df8 | ffff bb01 | 0000 00e9 | 2ffb ffff 
  0x000001c29031e658: ;   {metadata('java/awt/ModalEventFilter$ApplicationModalEventFilter')}
  0x000001c29031e658: 4181 fb10 | d315 010f | 8445 f8ff 

  0x000001c29031e664: ;   {metadata('java/awt/EventFilter')}
  0x000001c29031e664: ff48 b8c0 | f90a 2000 | 0000 00be | 0000 001f | 4903 f34c | 8b5e 204c | 3bd8 0f84 | 26f8 ffff 
  0x000001c29031e684: 4833 ff4c | 8b9e a800 | 0000 498b | d348 c1e2 | 040f 8921 | 0000 00f3 | 480f b8d2 | 488b 5e28 
  0x000001c29031e6a4: 483b 04d3 | 7415 490f | bae3 3c73 | 0b49 c1cb 

  0x000001c29031e6b4: ;   {runtime_call Stub::lookup_secondary_supers_table_slow_path}
  0x000001c29031e6b4: 3be8 495d | a1ff eb03 | 48ff c748 | 85ff 0f84 | e2f7 ffff | bade ffff | ff48 8b6c | 2430 448b 
  0x000001c29031e6d4: 4424 2844 | 8944 2420 | 4489 5424 | 3044 8b5c | 2448 458b | d344 8954 | 2438 448b | 5c24 4c44 
  0x000001c29031e6f4: 895c 2440 

  0x000001c29031e6f8: ;   {runtime_call UncommonTrapBlob}
  0x000001c29031e6f8: 6666 90e8 

  0x000001c29031e6fc: ; ImmutableOopMap {rbp=Oop [32]=NarrowOop [48]=NarrowOop [56]=NarrowOop [64]=NarrowOop [72]=NarrowOop [76]=NarrowOop }
                      ;*checkcast {reexecute=0 rethrow=0 return_oop=0}
                      ; - java.awt.EventDispatchThread::filterAndCheckEvent@34 (line 168)
                      ; - java.awt.EventDispatchThread::pumpOneEventForFilters@35 (line 192)
  0x000001c29031e6fc: 6014 b0ff 

  0x000001c29031e700: ;   {post_call_nop}
  0x000001c29031e700: 0f1f 8400 | 7816 000f | 4c89 4c24 | 4041 8bca | e90d f8ff | ff47 8b5c | c40c 49c1 | e303 4c8b 
  0x000001c29031e720: 4c24 284d | 3bd9 0f85 | e900 0000 | 438b 6cc4 | 18ff c585 | ed0f 8cc1 | 1400 0043 | 896c c418 
  0x000001c29031e740: f083 4424 | c000 e92a 

  0x000001c29031e748: ;   {oop(a 'jdk/internal/misc/Unsafe'{0x00000007114035b0})}
  0x000001c29031e748: eeff ff48 | bab0 3540 | 1107 0000 | 0048 8b6c 

  0x000001c29031e758: ;   {optimized virtual_call}
  0x000001c29031e758: 2430 90e8 

  0x000001c29031e75c: ; ImmutableOopMap {rbp=Oop [40]=NarrowOop [48]=Oop [56]=Oop [64]=Oop [72]=NarrowOop [80]=Oop }
                      ;*invokevirtual unpark {reexecute=0 rethrow=0 return_oop=0}
                      ; - java.util.concurrent.locks.LockSupport::unpark@27 (line 183)
                      ; - java.util.concurrent.locks.AbstractQueuedSynchronizer::signalNext@30 (line 646)
                      ; - java.util.concurrent.locks.AbstractQueuedSynchronizer::release@12 (line 1100)
                      ; - java.util.concurrent.locks.ReentrantLock::unlock@5 (line 495)
                      ; - java.awt.EventQueue::getNextEvent@31 (line 554)
                      ; - java.awt.EventDispatchThread::pumpOneEventForFilters@20 (line 190)
  0x000001c29031e75c: 8006 a3ff 

  0x000001c29031e760: ;   {post_call_nop}
  0x000001c29031e760: 0f1f 8400 | d816 0010 | e95d f9ff | ff44 894c | 2424 4c89 | 5424 484c | 895c 2428 

  0x000001c29031e77c: ;   {oop(a 'jdk/internal/misc/Unsafe'{0x00000007114035b0})}
  0x000001c29031e77c: 488b eb48 | bab0 3540 | 1107 0000 

  0x000001c29031e788: ;   {optimized virtual_call}
  0x000001c29031e788: 0066 90e8 

  0x000001c29031e78c: ; ImmutableOopMap {rbp=Oop [40]=Oop [48]=Oop [56]=Oop [64]=NarrowOop [72]=Oop }
                      ;*invokevirtual unpark {reexecute=0 rethrow=0 return_oop=0}
                      ; - java.util.concurrent.locks.LockSupport::unpark@27 (line 183)
                      ; - java.util.concurrent.locks.AbstractQueuedSynchronizer::signalNext@30 (line 646)
                      ; - java.util.concurrent.locks.AbstractQueuedSynchronizer::release@12 (line 1100)
                      ; - java.util.concurrent.locks.AbstractQueuedSynchronizer$ConditionObject::enableWait@62 (line 1615)
                      ; - java.util.concurrent.locks.AbstractQueuedSynchronizer$ConditionObject::await@26 (line 1740)
                      ; - java.awt.EventQueue::getNextEvent@52 (line 552)
                      ; - java.awt.EventDispatchThread::pumpOneEventForFilters@20 (line 190)
  0x000001c29031e78c: 5006 a3ff 

  0x000001c29031e790: ;   {post_call_nop}
  0x000001c29031e790: 0f1f 8400 | 0817 0011 | 488b dd4c | 8b5c 2428 | 4c8b 5424 | 4844 8b4c | 2424 e9b1 | f4ff ff44 
  0x000001c29031e7b0: 894c 2424 

  0x000001c29031e7b4: ;   {oop(a 'jdk/internal/misc/Unsafe'{0x00000007114035b0})}
  0x000001c29031e7b4: 488b eb48 | bab0 3540 | 1107 0000 

  0x000001c29031e7c0: ;   {optimized virtual_call}
  0x000001c29031e7c0: 0066 90e8 

  0x000001c29031e7c4: ; ImmutableOopMap {rbp=Oop [36]=NarrowOop [48]=Oop [56]=Oop }
                      ;*invokevirtual unpark {reexecute=0 rethrow=0 return_oop=0}
                      ; - java.util.concurrent.locks.LockSupport::unpark@27 (line 183)
                      ; - java.util.concurrent.locks.AbstractQueuedSynchronizer::signalNext@30 (line 646)
                      ; - java.util.concurrent.locks.AbstractQueuedSynchronizer::release@12 (line 1100)
                      ; - java.util.concurrent.locks.ReentrantLock::unlock@5 (line 495)
                      ; - java.awt.EventQueue::getNextEvent@61 (line 554)
                      ; - java.awt.EventDispatchThread::pumpOneEventForFilters@20 (line 190)
  0x000001c29031e7c4: 1806 a3ff 

  0x000001c29031e7c8: ;   {post_call_nop}
  0x000001c29031e7c8: 0f1f 8400 | 4017 0012 | 488b dd44 | 8b4c 2424 | e9d7 ecff | ff49 8be9 | 4f8d 14c4 | 4c89 5424 
  0x000001c29031e7e8: 2849 8bd2 | 41b8 0100 

  0x000001c29031e7f0: ;   {optimized virtual_call}
  0x000001c29031e7f0: 0000 90e8 

  0x000001c29031e7f4: ; ImmutableOopMap {rbp=Oop [36]=NarrowOop [40]=Oop [48]=Oop [56]=Oop }
                      ;*invokevirtual tryAcquire {reexecute=0 rethrow=0 return_oop=0}
                      ; - java.util.concurrent.locks.AbstractQueuedSynchronizer::acquire@2 (line 1029)
                      ; - java.util.concurrent.locks.ReentrantLock$Sync::lock@9 (line 154)
                      ; - java.util.concurrent.locks.ReentrantLock::lock@4 (line 323)
                      ; - java.awt.EventQueue::getNextEvent@11 (line 545)
                      ; - java.awt.EventDispatchThread::pumpOneEventForFilters@20 (line 190)
  0x000001c29031e7f4: e805 a3ff 

  0x000001c29031e7f8: ;   {post_call_nop}
  0x000001c29031e7f8: 0f1f 8400 | 7017 0013 | 85c0 0f84 | d101 0000 | 4c8b cd44 | 8b54 2424 | e960 edff | ff48 8b6c 
  0x000001c29031e818: 2428 4f8d | 14c4 4c89 | 5424 2849 | 8bd2 41b8 | 0100 0000 

  0x000001c29031e82c: ;   {optimized virtual_call}
  0x000001c29031e82c: 6666 90e8 

  0x000001c29031e830: ; ImmutableOopMap {rbp=Oop [36]=NarrowOop [40]=Oop [48]=Oop [56]=Oop }
                      ;*invokevirtual tryAcquire {reexecute=0 rethrow=0 return_oop=0}
                      ; - java.util.concurrent.locks.AbstractQueuedSynchronizer::acquire@2 (line 1029)
                      ; - java.util.concurrent.locks.ReentrantLock$Sync::lock@9 (line 154)
                      ; - java.util.concurrent.locks.ReentrantLock::lock@4 (line 323)
                      ; - java.awt.EventQueue::getNextEvent@11 (line 545)
                      ; - java.awt.EventDispatchThread::pumpOneEventForFilters@20 (line 190)
  0x000001c29031e830: ac05 a3ff 

  0x000001c29031e834: ;   {post_call_nop}
  0x000001c29031e834: 0f1f 8400 | ac17 0014 | 85c0 0f84 | c501 0000 | 4c8b cd44 | 8b54 2424 | e924 edff | ff81 fdfb 
  0x000001c29031e854: 0100 007d 

  0x000001c29031e858: ;   {metadata('java/awt/event/MouseEvent')}
  0x000001c29031e858: 1781 ff90 | 670d 010f | 8517 1600 | 0041 b903 | 0000 00e9 | 4ff7 ffff | 81fd 2003 | 0000 0f85 
  0x000001c29031e878: 5e12 0000 | 4533 c9e9 | 3bf7 ffff | 488d 9c24 | b000 0000 | 4c8b 1741 | 8b9f d806 | 0000 41f6 
  0x000001c29031e898: c202 0f85 | 3700 0000 | 81fb 2707 | 0000 0f8f | 4b00 0000 | 493b 7c1f | f874 1649 | 8bc2 4883 
  0x000001c29031e8b8: c801 4983 | e2fe f04c | 0fb1 170f | 852e 0000 | 0049 893c | 1f41 8387 | d806 0000 | 08eb 1e48 
  0x000001c29031e8d8: 33c0 498b | 9fc8 0400 | 00f0 490f | b15a 3e74 | 0c48 3bd8 | 7509 49ff | 8286 0000 | 0033 c00f 
  0x000001c29031e8f8: 85a6 1300 | 0044 3b67 | 1c0f 8457 | 0300 0044 | 3b67 200f | 846a 0500 | 008b 6f20 | 488d 8424 
  0x000001c29031e918: b000 0000 | 418b 87d8 | 0600 004c | 8b17 493b | 7c07 f80f | 852e 0000 | 0041 83af | d806 0000 
  0x000001c29031e938: 0849 3b7c | 07f0 0f84 | 5f00 0000 | 498b c248 | 83e0 fc49 | 83ca 01f0 | 4c0f b117 | 0f85 662b 
  0x000001c29031e958: ;   {other}
  0x000001c29031e958: 0000 e944 | 0000 0049 | 83ba 8600 | 0000 0075 | 3349 c742 | 3e00 0000 | 00f0 8344 | 24c0 0049 
  0x000001c29031e978: 83ba 8e00 | 0000 0074 | 2249 83ba | 9e00 0000 | 0075 1849 | 83e2 fd4d | 8997 e805 | 0000 4183 
  0x000001c29031e998: ca01 eb0a | 49ff 8a86 | 0000 0045 | 33d2 0f85 | 2513 0000 | 85ed 0f84 | 4a13 0000 | 4c8b dd49 
  0x000001c29031e9b8: c1e3 03e9 | eaf8 ffff | 488b 5424 

  0x000001c29031e9c4: ;   {optimized virtual_call}
  0x000001c29031e9c4: 5866 90e8 

  0x000001c29031e9c8: ; ImmutableOopMap {rbp=Oop [40]=Oop [48]=Oop [56]=Oop [64]=NarrowOop [68]=NarrowOop [72]=NarrowOop [76]=NarrowOop [80]=Oop [88]=Oop [96]=Oop [104]=NarrowOop }
                      ;*invokevirtual hashCode {reexecute=0 rethrow=0 return_oop=0}
                      ; - java.util.HashMap::hash@9 (line 338)
                      ; - java.util.HashMap::remove@2 (line 806)
                      ; - java.util.HashSet::remove@5 (line 246)
                      ; - sun.awt.AWTAutoShutdown::notifyThreadFree@24 (line 198)
                      ; - java.awt.EventQueue::getNextEvent@45 (line 551)
                      ; - java.awt.EventDispatchThread::pumpOneEventForFilters@20 (line 190)
  0x000001c29031e9c8: 1404 a3ff 

  0x000001c29031e9cc: ;   {post_call_nop}
  0x000001c29031e9cc: 0f1f 8400 | 4419 0015 | e9e5 edff | ff48 8b54 | 2428 4533 | c041 b901 | 0000 0033 | ff33 f633 
  0x000001c29031e9ec: c945 33d2 | 4c89 1424 

  0x000001c29031e9f4: ;   {optimized virtual_call}
  0x000001c29031e9f4: 6666 90e8 

  0x000001c29031e9f8: ; ImmutableOopMap {rbp=Oop [36]=NarrowOop [48]=Oop [56]=Oop }
                      ;*invokevirtual acquire {reexecute=0 rethrow=0 return_oop=0}
                      ; - java.util.concurrent.locks.AbstractQueuedSynchronizer::acquire@15 (line 1030)
                      ; - java.util.concurrent.locks.ReentrantLock$Sync::lock@9 (line 154)
                      ; - java.util.concurrent.locks.ReentrantLock::lock@4 (line 323)
                      ; - java.awt.EventQueue::getNextEvent@11 (line 545)
                      ; - java.awt.EventDispatchThread::pumpOneEventForFilters@20 (line 190)
  0x000001c29031e9f8: e403 a3ff 

  0x000001c29031e9fc: ;   {post_call_nop}
  0x000001c29031e9fc: 0f1f 8400 | 7419 0016 | e9ff fdff | ff48 8b54 | 2428 4533 | c041 b901 | 0000 0033 | ff33 f633 
  0x000001c29031ea1c: c945 33d2 | 4c89 1424 

  0x000001c29031ea24: ;   {optimized virtual_call}
  0x000001c29031ea24: 6666 90e8 

  0x000001c29031ea28: ; ImmutableOopMap {rbp=Oop [36]=NarrowOop [48]=Oop [56]=Oop }
                      ;*invokevirtual acquire {reexecute=0 rethrow=0 return_oop=0}
                      ; - java.util.concurrent.locks.AbstractQueuedSynchronizer::acquire@15 (line 1030)
                      ; - java.util.concurrent.locks.ReentrantLock$Sync::lock@9 (line 154)
                      ; - java.util.concurrent.locks.ReentrantLock::lock@4 (line 323)
                      ; - java.awt.EventQueue::getNextEvent@11 (line 545)
                      ; - java.awt.EventDispatchThread::pumpOneEventForFilters@20 (line 190)
  0x000001c29031ea28: b403 a3ff 

  0x000001c29031ea2c: ;   {post_call_nop}
  0x000001c29031ea2c: 0f1f 8400 | a419 0017 | e90b feff | ff44 8b44 | 2420 4c8b | 5c24 40e9 | 7fe7 ffff | 448b 5c24 
  0x000001c29031ea4c: ;   {metadata('java/awt/event/MouseEvent')}
  0x000001c29031ea4c: 2441 81fb | 9067 0d01 | 0f85 c612 | 0000 4c8b | 5424 5041 | c642 1801 | 4533 d2e9 | e0f7 ffff 
  0x000001c29031ea6c: 498d 2ccc | 453b 64cc | 100f 85e2 | 0400 0048 | 85d2 0f84 | 3e05 0000 | 488b df41 | 8bf3 448b 
  0x000001c29031ea8c: d14c 8bda | 49c1 eb03 | 4c8b c24b | 8d4c d410 | 4833 c041 | 807f 4800 | 0f85 8b25 | 0000 458b 
  0x000001c29031eaac: ebf0 440f | b129 400f | 94c7 400f | b6ff 49c1 | e503 488b | d149 33d5 | 48c1 ea15 | 0f84 2700 
  0x000001c29031eacc: 0000 4983 | fd00 0f84 | 1d00 0000 | 488b d148 | c1ea 0949 | be00 508f | f6c2 0100 | 0049 03d6 
  0x000001c29031eaec: 803a 020f | 85d9 2500 | 004d 8b5f 

  0x000001c29031eaf8: ; ImmutableOopMap {r10=NarrowOop r8=Oop r9=Oop rbx=Oop rsi=NarrowOop rbp=Oop [48]=Oop [56]=Oop }
                      ;*ifeq {reexecute=1 rethrow=0 return_oop=0}
                      ; - (reexecute) java.util.concurrent.locks.AbstractQueuedSynchronizer::tryInitializeHead@56 (line 597)
                      ; - java.util.concurrent.locks.AbstractQueuedSynchronizer$ConditionObject::newConditionNode@4 (line 1665)
                      ; - java.util.concurrent.locks.AbstractQueuedSynchronizer$ConditionObject::await@15 (line 1737)
                      ; - java.awt.EventQueue::getNextEvent@52 (line 552)
                      ; - java.awt.EventDispatchThread::pumpOneEventForFilters@20 (line 190)
                      ;   {poll}
  0x000001c29031eaf8: 3041 8503 | 85ff 0f85 | 6604 0000 | 418b ca47 | 3b64 d414 | 0f84 ba0f | 0000 488b | fb44 8bde 
  0x000001c29031eb18: e9b5 efff | ff47 8b44 | d418 4585 | c00f 84f9 

  0x000001c29031eb28: ;   {metadata('java/util/HashMap$Node')}
  0x000001c29031eb28: 1000 0041 | 81f9 20b6 | 2c00 0f85 | b012 0000 | 4c8b 9424 | 8000 0000 | 4c89 9424 | 8000 0000 
  0x000001c29031eb48: 4f8d 14c4 | 4c89 9424 | 8800 0000 | e98f 0000 | 004c 8d59 | 1841 807f | 4800 0f85 | ed25 0000 
  0x000001c29031eb68: 4189 2b44 | 8bcd 49c1 | e103 4d8b | c34d 33c1 | 49c1 e815 | 0f84 2800 | 0000 4983 | f900 0f84 
  0x000001c29031eb88: 1e00 0000 | 4d8b c349 | c1e8 0949 | b900 508f | f6c2 0100 | 004d 03c1 | 4180 3802 | 0f85 1326 
  0x000001c29031eba8: 0000 e924 | edff ff90 | 4d8b 5730 | 4c8b 9c24 | 8800 0000 

  0x000001c29031ebbc: ; ImmutableOopMap {r11=NarrowOop rbp=Oop [40]=Oop [48]=Oop [56]=Oop [64]=NarrowOop [68]=NarrowOop [72]=NarrowOop [76]=NarrowOop [80]=Oop [88]=Oop [96]=Oop [104]=NarrowOop [108]=NarrowOop [112]=Oop [136]=Oop }
                      ;*ifnonnull {reexecute=1 rethrow=0 return_oop=0}
                      ; - (reexecute) java.util.HashMap::removeNode@168 (line 841)
                      ; - java.util.HashMap::remove@9 (line 806)
                      ; - java.util.HashSet::remove@5 (line 246)
                      ; - sun.awt.AWTAutoShutdown::notifyThreadFree@24 (line 198)
                      ; - java.awt.EventQueue::getNextEvent@45 (line 551)
                      ; - java.awt.EventDispatchThread::pumpOneEventForFilters@20 (line 190)
  0x000001c29031ebbc: 458b 5b18 

  0x000001c29031ebc0: ;   {poll}
  0x000001c29031ebc0: 4185 0245 | 85db 0f84 | 5810 0000 | 4f8d 14dc | 4c8b 9c24 | 8800 0000 | 4c89 9c24 | 8000 0000 
  0x000001c29031ebe0: 4c89 9424 | 8800 0000 | 4c8b 9424 | 8800 0000 | 458b 5a0c | 443b 5c24 | 7875 b545 | 8b5a 1044 
  0x000001c29031ec00: 8b44 2444 | 453b d874 | 1f4d 8bc3 | 49c1 e003 | 488b 5424 

  0x000001c29031ec14: ;   {optimized virtual_call}
  0x000001c29031ec14: 5866 90e8 

  0x000001c29031ec18: ; ImmutableOopMap {rbp=Oop [40]=Oop [48]=Oop [56]=Oop [64]=NarrowOop [68]=NarrowOop [72]=NarrowOop [76]=NarrowOop [80]=Oop [88]=Oop [96]=Oop [104]=NarrowOop [108]=NarrowOop [112]=Oop [128]=Oop [136]=Oop }
                      ;*invokevirtual equals {reexecute=0 rethrow=0 return_oop=0}
                      ; - java.util.HashMap::removeNode@143 (line 836)
                      ; - java.util.HashMap::remove@9 (line 806)
                      ; - java.util.HashSet::remove@5 (line 246)
                      ; - sun.awt.AWTAutoShutdown::notifyThreadFree@24 (line 198)
                      ; - java.awt.EventQueue::getNextEvent@45 (line 551)
                      ; - java.awt.EventDispatchThread::pumpOneEventForFilters@20 (line 190)
  0x000001c29031ec18: c401 a3ff 

  0x000001c29031ec1c: ;   {post_call_nop}
  0x000001c29031ec1c: 0f1f 8400 | 941b 001a | 85c0 7488 | 4c8b 9424 | 8800 0000 | 458b 5208 

  0x000001c29031ec34: ;   {metadata('java/util/HashMap$Node')}
  0x000001c29031ec34: 4181 fa20 | b62c 000f | 8503 1200 | 0048 8b8c | 2480 0000 | 004c 8b94 | 2488 0000 | 004c 8994 
  0x000001c29031ec54: 2480 0000 | 00e9 eeeb | ffff 488d | 8424 b000 | 0000 418b | 87d8 0600 | 004c 8b17 | 493b 7c07 
  0x000001c29031ec74: f80f 852e | 0000 0041 | 83af d806 | 0000 0849 | 3b7c 07f0 | 0f84 5f00 | 0000 498b | c248 83e0 
  0x000001c29031ec94: fc49 83ca | 01f0 4c0f | b117 0f85 | 0f28 0000 | e944 0000 | 0049 83ba | 8600 0000 | 0075 3349 
  0x000001c29031ecb4: c742 3e00 | 0000 00f0 | 8344 24c0 | 0049 83ba | 8e00 0000 | 0074 2249 | 83ba 9e00 | 0000 0075 
  0x000001c29031ecd4: 1849 83e2 | fd4d 8997 | e805 0000 | 4183 ca01 | eb0a 49ff | 8a86 0000 | 0045 33d2 | 0f85 8210 
  0x000001c29031ecf4: 0000 8b6f | 1485 ed0f | 854f 1000 | 0048 8bef | 4889 7424 | 4048 8bd7 

  0x000001c29031ed0c: ;   {static_call}
  0x000001c29031ed0c: 4533 c0e8 

  0x000001c29031ed10: ; ImmutableOopMap {rbp=Oop [40]=NarrowOop [48]=Oop [56]=Oop [64]=Oop [72]=NarrowOop }
                      ;*invokestatic getLogger {reexecute=0 rethrow=0 return_oop=1}
                      ; - jdk.internal.logger.LazyLoggers$LazyLoggerAccessor::platform@62 (line 206)
                      ; - jdk.internal.logger.LazyLoggers$LazyLoggerWrapper::platformProxy@4 (line 332)
                      ; - jdk.internal.logger.AbstractLoggerWrapper::isLoggable@1 (line 122)
                      ; - sun.util.logging.PlatformLogger::isLoggable@17 (line 340)
                      ; - java.awt.EventDispatchThread::pumpOneEventForFilters@57 (line 199)
  0x000001c29031ed10: cc06 a3ff 

  0x000001c29031ed14: ;   {post_call_nop}
  0x000001c29031ed14: 0f1f 8400 | 8c1c 001b | 4889 4424 | 204c 8bdd | 488d 9c24 | b000 0000 | 4d8b 1341 | 8b9f d806 
  0x000001c29031ed34: 0000 41f6 | c202 0f85 | 3700 0000 | 81fb 2707 | 0000 0f8f | 4b00 0000 | 4d3b 5c1f | f874 1649 
  0x000001c29031ed54: 8bc2 4883 | c801 4983 | e2fe f04d | 0fb1 130f | 852e 0000 | 004d 891c | 1f41 8387 | d806 0000 
  0x000001c29031ed74: 08eb 1e48 | 33c0 498b | 9fc8 0400 | 00f0 490f | b15a 3e74 | 0c48 3bd8 | 7509 49ff | 8286 0000 
  0x000001c29031ed94: 0033 c00f | 8503 1000 | 004c 895c | 2450 498b | d34c 8b44 | 2420 488b 

  0x000001c29031edac: ;   {optimized virtual_call}
  0x000001c29031edac: 6c24 30e8 

  0x000001c29031edb0: ; ImmutableOopMap {rbp=Oop [40]=NarrowOop [48]=Oop [56]=Oop [64]=Oop [72]=NarrowOop [80]=Oop }
                      ;*invokevirtual setWrappedIfNotSet {reexecute=0 rethrow=0 return_oop=0}
                      ; - jdk.internal.logger.LazyLoggers$LazyLoggerAccessor::platform@72 (line 209)
                      ; - jdk.internal.logger.LazyLoggers$LazyLoggerWrapper::platformProxy@4 (line 332)
                      ; - jdk.internal.logger.AbstractLoggerWrapper::isLoggable@1 (line 122)
                      ; - sun.util.logging.PlatformLogger::isLoggable@17 (line 340)
                      ; - java.awt.EventDispatchThread::pumpOneEventForFilters@57 (line 199)
  0x000001c29031edb0: 2c00 a3ff 

  0x000001c29031edb4: ;   {post_call_nop}
  0x000001c29031edb4: 0f1f 8400 | 2c1d 001c | 4c8b 4c24 | 5045 3b61 | 200f 8449 | 0200 0041 | 8b69 2048 | 8d84 24b0 
  0x000001c29031edd4: 0000 0041 | 8b87 d806 | 0000 4d8b | 114d 3b4c | 07f8 0f85 | 2e00 0000 | 4183 afd8 | 0600 0008 
  0x000001c29031edf4: 4d3b 4c07 | f00f 845f | 0000 0049 | 8bc2 4883 | e0fc 4983 | ca01 f04d | 0fb1 110f | 8591 2600 
  0x000001c29031ee14: 00e9 4400 | 0000 4983 | ba86 0000 | 0000 7533 | 49c7 423e | 0000 0000 | f083 4424 | c000 4983 
  0x000001c29031ee34: ba8e 0000 | 0000 7422 | 4983 ba9e | 0000 0000 | 7518 4983 | e2fd 4d89 | 97e8 0500 | 0041 83ca 
  0x000001c29031ee54: 01eb 0a49 | ff8a 8600 | 0000 4533 | d20f 8559 | 0f00 0085 | ed0f 848a | 0e00 004c | 8bdd 49c1 
  0x000001c29031ee74: e303 e92f | f4ff ff48 | 8974 2440 | 448b 571c | 4889 7c24 | 5049 8bd2 | 48c1 e203 | 488b 6c24 
  0x000001c29031ee94: ;   {static_call}
  0x000001c29031ee94: 3066 90e8 

  0x000001c29031ee98: ; ImmutableOopMap {rbp=Oop [40]=NarrowOop [48]=Oop [56]=Oop [64]=Oop [72]=NarrowOop [80]=Oop }
                      ;*invokestatic convert {reexecute=0 rethrow=0 return_oop=1}
                      ; - jdk.internal.logger.LazyLoggers$LazyLoggerAccessor::platform@34 (line 197)
                      ; - jdk.internal.logger.LazyLoggers$LazyLoggerWrapper::platformProxy@4 (line 332)
                      ; - jdk.internal.logger.AbstractLoggerWrapper::isLoggable@1 (line 122)
                      ; - sun.util.logging.PlatformLogger::isLoggable@17 (line 340)
                      ; - java.awt.EventDispatchThread::pumpOneEventForFilters@57 (line 199)
  0x000001c29031ee98: 4405 a3ff 

  0x000001c29031ee9c: ;   {post_call_nop}
  0x000001c29031ee9c: 0f1f 8400 | 141e 001d | 488b 7c24 | 504c 8d47 | 2041 807f | 4800 0f85 | 6623 0000 | 4c8b d849 
  0x000001c29031eebc: c1eb 0345 | 8918 4d8b | d04c 33d0 | 49c1 ea15 | 0f84 2800 | 0000 4883 | f800 0f84 | 1e00 0000 
  0x000001c29031eedc: 4d8b d049 | c1ea 0949 | bb00 508f | f6c2 0100 | 004d 03d3 | 4180 3a02 | 0f85 9623 | 0000 f083 
  0x000001c29031eefc: 4424 c000 | 488b 7424 | 40e9 07fa | ffff 4c89 | 4c24 4844 | 895c 2440 

  0x000001c29031ef14: ;   {metadata('java/util/concurrent/locks/AbstractQueuedSynchronizer$ConditionNode')}
  0x000001c29031ef14: 488b ef48 | bac0 8a0d | 2000 0000 

  0x000001c29031ef20: ;   {runtime_call C2 Runtime new_instance}
  0x000001c29031ef20: 0066 90e8 

  0x000001c29031ef24: ; ImmutableOopMap {rbp=Oop [48]=Oop [56]=Oop [64]=NarrowOop [72]=Oop }
                      ;*new {reexecute=0 rethrow=0 return_oop=1}
                      ; - java.util.concurrent.locks.AbstractQueuedSynchronizer$ConditionObject::newConditionNode@10 (line 1667)
                      ; - java.util.concurrent.locks.AbstractQueuedSynchronizer$ConditionObject::await@15 (line 1737)
                      ; - java.awt.EventQueue::getNextEvent@52 (line 552)
                      ; - java.awt.EventDispatchThread::pumpOneEventForFilters@20 (line 190)
  0x000001c29031ef24: 3857 b0ff 

  0x000001c29031ef28: ;   {post_call_nop}
  0x000001c29031ef28: 0f1f 8400 | a01e 001e | 488b fd44 | 8b5c 2440 | 4c8b 4c24 | 48e9 d4eb | ffff 498b | 4f30 418b 
  0x000001c29031ef48: ; ImmutableOopMap {r9=Oop rbx=NarrowOop [40]=NarrowOop [48]=Oop [56]=Oop [64]=Oop [72]=NarrowOop [76]=NarrowOop [80]=Oop [88]=Oop }
                      ;*goto {reexecute=1 rethrow=0 return_oop=0}
                      ; - (reexecute) java.awt.ModalEventFilter::acceptEvent@109 (line 63)
                      ; - java.awt.EventDispatchThread::filterAndCheckEvent@42 (line 169)
                      ; - java.awt.EventDispatchThread::pumpOneEventForFilters@35 (line 192)
                      ;   {poll}
  0x000001c29031ef48: 5844 8501 | 85db 0f84 | 77ef ffff | 4d8d 04dc | e99b f6ff | fff3 9049 

  0x000001c29031ef60: ; ImmutableOopMap {r11=NarrowOop r9=Oop rcx=NarrowOop rdi=Oop rdx=Oop rbp=Oop [48]=Oop [56]=Oop }
                      ;*goto {reexecute=1 rethrow=0 return_oop=0}
                      ; - (reexecute) java.util.concurrent.locks.AbstractQueuedSynchronizer::tryInitializeHead@23 (line 588)
                      ; - java.util.concurrent.locks.AbstractQueuedSynchronizer$ConditionObject::newConditionNode@4 (line 1665)
                      ; - java.util.concurrent.locks.AbstractQueuedSynchronizer$ConditionObject::await@15 (line 1737)
                      ; - java.awt.EventQueue::getNextEvent@52 (line 552)
                      ; - java.awt.EventDispatchThread::pumpOneEventForFilters@20 (line 190)
                      ;   {poll}
  0x000001c29031ef60: 8b77 3085 | 06e9 5deb | ffff 4f8d | 5cd4 1441 | 807f 4800 | 0f85 7723 | 0000 498b | f848 c1ef 
  0x000001c29031ef80: 0341 893b | 498b cb49 | 33c8 48c1 | e915 0f84 | 1d00 0000 | 498b cb48 | c1e9 0948 | bf00 508f 
  0x000001c29031efa0: f6c2 0100 | 0048 03cf | 8039 020f | 85bc 2300 | 00f0 8344 | 24c0 0048 | 8bfb 448b | dee9 10eb 
  0x000001c29031efc0: ffff 498b | 97c8 0100 | 004c 8bd2 | 4983 c220 | 4d3b 97d8 | 0100 000f | 837f 0c00 | 004d 8997 
  0x000001c29031efe0: c801 0000 | 410f 1882 | 0001 0000 | 48c7 0201 

  0x000001c29031eff0: ;   {metadata('java/util/concurrent/locks/AbstractQueuedSynchronizer$ExclusiveNode')}
  0x000001c29031eff0: 0000 00c7 | 4208 5082 | 0d01 4489 | 620c 4c89 | 6210 4c89 | 6218 488b | df41 8bf3 | 448b d1e9 
  0x000001c29031f010: 79fa ffff | 458b 591c | 498b d348 

  0x000001c29031f01c: ;   {static_call}
  0x000001c29031f01c: c1e2 03e8 

  0x000001c29031f020: ; ImmutableOopMap {rbp=Oop [40]=NarrowOop [48]=Oop [56]=Oop [64]=Oop [72]=NarrowOop [80]=Oop }
                      ;*invokestatic convert {reexecute=0 rethrow=0 return_oop=1}
                      ; - jdk.internal.logger.LazyLoggers$LazyLoggerAccessor::platform@87 (line 210)
                      ; - jdk.internal.logger.LazyLoggers$LazyLoggerWrapper::platformProxy@4 (line 332)
                      ; - jdk.internal.logger.AbstractLoggerWrapper::isLoggable@1 (line 122)
                      ; - sun.util.logging.PlatformLogger::isLoggable@17 (line 340)
                      ; - java.awt.EventDispatchThread::pumpOneEventForFilters@57 (line 199)
  0x000001c29031f020: bc03 a3ff 

  0x000001c29031f024: ;   {post_call_nop}
  0x000001c29031f024: 0f1f 8400 | 9c1f 0021 | 4c8b 4c24 | 504d 8d41 | 2041 807f | 4800 0f85 | 9323 0000 | 4c8b d849 
  0x000001c29031f044: c1eb 0345 | 8918 4d8b | d04c 33d0 | 49c1 ea15 | 0f84 2800 | 0000 4883 | f800 0f84 | 1e00 0000 
  0x000001c29031f064: 4d8b d049 | c1ea 0949 | bb00 508f | f6c2 0100 | 004d 03d3 | 4180 3a02 | 0f85 c323 | 0000 f083 
  0x000001c29031f084: 4424 c000 | e93e fdff | ffba 6eff | ffff 488b | 6c24 3044 | 8954 2424 | 4489 5424 

  0x000001c29031f0a0: ;   {runtime_call UncommonTrapBlob}
  0x000001c29031f0a0: 2866 90e8 

  0x000001c29031f0a4: ; ImmutableOopMap {rbp=Oop [36]=NarrowOop [40]=NarrowOop }
                      ;*iflt {reexecute=1 rethrow=0 return_oop=0}
                      ; - (reexecute) java.awt.EventQueue::getNextEventPrivate@3 (line 563)
                      ; - java.awt.EventQueue::getNextEvent@17 (line 547)
                      ; - java.awt.EventDispatchThread::pumpOneEventForFilters@20 (line 190)
  0x000001c29031f0a4: b80a b0ff 

  0x000001c29031f0a8: ;   {post_call_nop}
  0x000001c29031f0a8: 0f1f 8400 | 2020 0022 | bae4 ffff | ff48 8b6c | 2430 4489 | 5424 2444 | 8954 2428 | 897c 242c 
  0x000001c29031f0c8: ;   {runtime_call UncommonTrapBlob}
  0x000001c29031f0c8: 6666 90e8 

  0x000001c29031f0cc: ; ImmutableOopMap {rbp=Oop [36]=NarrowOop [40]=NarrowOop [44]=NarrowOop }
                      ;*aaload {reexecute=0 rethrow=0 return_oop=0}
                      ; - java.awt.EventQueue::getNextEventPrivate@11 (line 564)
                      ; - java.awt.EventQueue::getNextEvent@17 (line 547)
                      ; - java.awt.EventDispatchThread::pumpOneEventForFilters@20 (line 190)
  0x000001c29031f0cc: 900a b0ff 

  0x000001c29031f0d0: ;   {post_call_nop}
  0x000001c29031f0d0: 0f1f 8400 | 4820 0023 | bae4 ffff | ff48 8b6c | 2430 8b4c | 2428 894c | 2420 4489 | 4c24 3044 
  0x000001c29031f0f0: 8954 2434 | 4489 5424 | 3844 895c | 243c 448b | 5424 4844 | 8954 2444 

  0x000001c29031f108: ;   {runtime_call UncommonTrapBlob}
  0x000001c29031f108: 6666 90e8 

  0x000001c29031f10c: ; ImmutableOopMap {rbp=Oop [32]=NarrowOop [48]=NarrowOop [68]=NarrowOop [76]=NarrowOop }
                      ;*invokestatic checkIndex {reexecute=0 rethrow=0 return_oop=0}
                      ; - java.util.Objects::checkIndex@3 (line 365)
                      ; - java.util.ArrayList::get@5 (line 428)
                      ; - java.awt.EventDispatchThread::filterAndCheckEvent@31 (line 168)
                      ; - java.awt.EventDispatchThread::pumpOneEventForFilters@35 (line 192)
  0x000001c29031f10c: 500a b0ff 

  0x000001c29031f110: ;   {post_call_nop}
  0x000001c29031f110: 0f1f 8400 | 8820 0024 | bae4 ffff | ff48 8b6c | 2430 448b | 4c24 2844 | 894c 2420 | 4489 5424 
  0x000001c29031f130: 2444 895c | 2430 448b | 5c24 4845 | 8bd3 4489 | 5424 3c44 | 8b5c 244c | 4489 5c24 

  0x000001c29031f14c: ;   {runtime_call UncommonTrapBlob}
  0x000001c29031f14c: 4466 90e8 

  0x000001c29031f150: ; ImmutableOopMap {rbp=Oop [32]=NarrowOop [48]=NarrowOop [60]=NarrowOop [68]=NarrowOop [72]=NarrowOop [76]=NarrowOop }
                      ;*aaload {reexecute=0 rethrow=0 return_oop=0}
                      ; - java.util.ArrayList::elementData@5 (line 412)
                      ; - java.util.ArrayList::get@11 (line 429)
                      ; - java.awt.EventDispatchThread::filterAndCheckEvent@31 (line 168)
                      ; - java.awt.EventDispatchThread::pumpOneEventForFilters@35 (line 192)
  0x000001c29031f150: 0c0a b0ff 

  0x000001c29031f154: ;   {post_call_nop}
  0x000001c29031f154: 0f1f 8400 | cc20 0025 | bacc ffff | ff48 8b6c | 2430 448b | 4424 2844 | 8944 2420 | 4489 4c24 
  0x000001c29031f174: 3044 8954 | 2434 4489 | 5424 3844 | 895c 243c | 448b 5c24 | 4845 8bd3 | 4489 5424 

  0x000001c29031f190: ;   {runtime_call UncommonTrapBlob}
  0x000001c29031f190: 4466 90e8 

  0x000001c29031f194: ; ImmutableOopMap {rbp=Oop [32]=NarrowOop [48]=NarrowOop [68]=NarrowOop [76]=NarrowOop }
                      ;*invokestatic checkIndex {reexecute=0 rethrow=0 return_oop=0}
                      ; - java.util.Objects::checkIndex@3 (line 365)
                      ; - java.util.ArrayList::get@5 (line 428)
                      ; - java.awt.EventDispatchThread::filterAndCheckEvent@31 (line 168)
                      ; - java.awt.EventDispatchThread::pumpOneEventForFilters@35 (line 192)
  0x000001c29031f194: c809 b0ff 

  0x000001c29031f198: ;   {post_call_nop}
  0x000001c29031f198: 0f1f 8400 | 1021 0026 | baf6 ffff | ff48 8b6c 

  0x000001c29031f1a8: ;   {runtime_call UncommonTrapBlob}
  0x000001c29031f1a8: 2430 90e8 

  0x000001c29031f1ac: ; ImmutableOopMap {rbp=Oop [36]=NarrowOop }
                      ;*invokevirtual lock {reexecute=0 rethrow=0 return_oop=0}
                      ; - java.util.concurrent.locks.ReentrantLock::lock@4 (line 323)
                      ; - java.awt.EventQueue::getNextEvent@11 (line 545)
                      ; - java.awt.EventDispatchThread::pumpOneEventForFilters@20 (line 190)
  0x000001c29031f1ac: b009 b0ff 

  0x000001c29031f1b0: ;   {post_call_nop}
  0x000001c29031f1b0: 0f1f 8400 | 2821 0027 | baf6 ffff | ff44 8b44 | 2428 4489 | 4424 204c | 8954 2428 | 448b 5424 
  0x000001c29031f1d0: 4844 8954 

  0x000001c29031f1d4: ;   {runtime_call UncommonTrapBlob}
  0x000001c29031f1d4: 2430 90e8 

  0x000001c29031f1d8: ; ImmutableOopMap {[32]=NarrowOop [40]=Oop [48]=NarrowOop [72]=NarrowOop }
                      ;*monitorenter {reexecute=0 rethrow=0 return_oop=0}
                      ; - java.awt.EventDispatchThread::filterAndCheckEvent@8 (line 166)
                      ; - java.awt.EventDispatchThread::pumpOneEventForFilters@35 (line 192)
  0x000001c29031f1d8: 8409 b0ff 

  0x000001c29031f1dc: ;   {post_call_nop}
  0x000001c29031f1dc: 0f1f 8400 | 5421 0028 | 4c89 5c24 | 2841 8be8 | 488b 5424 | 304c 8d84 | 24b0 0000 

  0x000001c29031f1f8: ;   {runtime_call C2 Runtime complete_monitor_locking}
  0x000001c29031f1f8: 0066 90e8 

  0x000001c29031f1fc: ; ImmutableOopMap {[40]=Oop [48]=Oop }
                      ;*synchronization entry
                      ; - java.awt.EventDispatchThread::getEventQueue@-1 (line 222)
                      ; - java.awt.EventDispatchThread::pumpOneEventForFilters@8 (line 188)
  0x000001c29031f1fc: e05e b0ff 

  0x000001c29031f200: ;   {post_call_nop}
  0x000001c29031f200: 0f1f 8400 | 7821 0029 | 448b c54c | 8b4c 2430 | 4c8b 5c24 | 28e9 2be0 | ffff 8beb | 498b f349 
  0x000001c29031f220: 8bd9 418b | f849 8bc9 | 488d 9424 | b000 0000 

  0x000001c29031f230: ;   {runtime_call}
  0x000001c29031f230: 4d8b c749 | ba20 a916 | 6bfd 7f00 | 0041 ffd2 

  0x000001c29031f240: ;   {post_call_nop}
  0x000001c29031f240: 0f1f 8400 | 0000 0000 | 448b c74c | 8bcb 4c8b | de8b dde9 | 89e0 ffff | bade ffff | ff44 8954 
  0x000001c29031f260: ;   {runtime_call UncommonTrapBlob}
  0x000001c29031f260: 242c 90e8 

  0x000001c29031f264: ; ImmutableOopMap {rbp=NarrowOop [44]=NarrowOop [48]=Oop }
                      ;*invokeinterface lock {reexecute=0 rethrow=0 return_oop=0}
                      ; - java.awt.EventQueue::getNextEvent@11 (line 545)
                      ; - java.awt.EventDispatchThread::pumpOneEventForFilters@20 (line 190)
  0x000001c29031f264: f808 b0ff 

  0x000001c29031f268: ;   {post_call_nop}
  0x000001c29031f268: 0f1f 8400 | e021 002a | bade ffff | ff89 4c24 | 2844 8954 

  0x000001c29031f27c: ;   {runtime_call UncommonTrapBlob}
  0x000001c29031f27c: 242c 90e8 

  0x000001c29031f280: ; ImmutableOopMap {rbp=NarrowOop [40]=NarrowOop [44]=NarrowOop [48]=Oop }
                      ;*invokeinterface unlock {reexecute=0 rethrow=0 return_oop=0}
                      ; - java.awt.EventQueue::getNextEvent@31 (line 554)
                      ; - java.awt.EventDispatchThread::pumpOneEventForFilters@20 (line 190)
  0x000001c29031f280: dc08 b0ff 

  0x000001c29031f284: ;   {post_call_nop}
  0x000001c29031f284: 0f1f 8400 | fc21 002b | 498b d34c | 8d84 24b0 | 0000 0048 | 8b6c 2430 

  0x000001c29031f29c: ;   {runtime_call C2 Runtime complete_monitor_locking}
  0x000001c29031f29c: 6666 90e8 

  0x000001c29031f2a0: ; ImmutableOopMap {rbp=Oop [40]=NarrowOop [48]=Oop [56]=Oop [64]=Oop [72]=NarrowOop [76]=NarrowOop [80]=Oop [88]=Oop }
                      ;*monitorenter {reexecute=0 rethrow=0 return_oop=0}
                      ; - java.awt.EventDispatchThread::filterAndCheckEvent@8 (line 166)
                      ; - java.awt.EventDispatchThread::pumpOneEventForFilters@35 (line 192)
  0x000001c29031f2a0: 3c5e b0ff 

  0x000001c29031f2a4: ;   {post_call_nop}
  0x000001c29031f2a4: 0f1f 8400 | 1c22 002c | e9b7 eeff | ff4d 8bd3 | 498b ca48 | 8d94 24b0 | 0000 004d 

  0x000001c29031f2c0: ;   {runtime_call}
  0x000001c29031f2c0: 8bc7 49ba | 20a9 166b | fd7f 0000 

  0x000001c29031f2cc: ;   {post_call_nop}
  0x000001c29031f2cc: 41ff d20f | 1f84 0000 | 0000 00e9 | 48ef ffff | ba6e ffff | ff48 8b6c | 2430 4489 

  0x000001c29031f2e8: ;   {runtime_call UncommonTrapBlob}
  0x000001c29031f2e8: 4424 20e8 

  0x000001c29031f2ec: ; ImmutableOopMap {rbp=Oop }
                      ;*aload_0 {reexecute=0 rethrow=0 return_oop=0}
                      ; - java.awt.EventDispatchThread::pumpOneEventForFilters@7 (line 188)
  0x000001c29031f2ec: 7008 b0ff 

  0x000001c29031f2f0: ;   {post_call_nop}
  0x000001c29031f2f0: 0f1f 8400 | 6822 002d | bade ffff 

  0x000001c29031f2fc: ;   {runtime_call UncommonTrapBlob}
  0x000001c29031f2fc: ff66 90e8 

  0x000001c29031f300: ; ImmutableOopMap {rbp=NarrowOop [40]=NarrowOop [48]=Oop [72]=NarrowOop }
                      ;*invokeinterface isLoggable {reexecute=0 rethrow=0 return_oop=0}
                      ; - sun.util.logging.PlatformLogger::isLoggable@17 (line 340)
                      ; - java.awt.EventDispatchThread::pumpOneEventForFilters@57 (line 199)
  0x000001c29031f300: 5c08 b0ff 

  0x000001c29031f304: ;   {post_call_nop}
  0x000001c29031f304: 0f1f 8400 | 7c22 002e | bade ffff | ff4c 8b54 | 2430 4c89 | 5424 2048 | 8974 2430 

  0x000001c29031f320: ;   {runtime_call UncommonTrapBlob}
  0x000001c29031f320: 6666 90e8 

  0x000001c29031f324: ; ImmutableOopMap {rbp=NarrowOop [32]=Oop [40]=NarrowOop [48]=Oop [72]=NarrowOop }
                      ;*invokeinterface platform {reexecute=0 rethrow=0 return_oop=0}
                      ; - jdk.internal.logger.LazyLoggers$LazyLoggerWrapper::platformProxy@4 (line 332)
                      ; - jdk.internal.logger.AbstractLoggerWrapper::isLoggable@1 (line 122)
                      ; - sun.util.logging.PlatformLogger::isLoggable@17 (line 340)
                      ; - java.awt.EventDispatchThread::pumpOneEventForFilters@57 (line 199)
  0x000001c29031f324: 3808 b0ff 

  0x000001c29031f328: ;   {post_call_nop}
  0x000001c29031f328: 0f1f 8400 | a022 002f | bade ffff | ff48 8b6c | 2430 448b | 5424 2844 | 8954 2420 | 4c89 5c24 
  0x000001c29031f348: ;   {runtime_call UncommonTrapBlob}
  0x000001c29031f348: 2866 90e8 

  0x000001c29031f34c: ; ImmutableOopMap {rbp=Oop [32]=NarrowOop [40]=Oop [72]=NarrowOop }
                      ;*invokeinterface isLoggable {reexecute=0 rethrow=0 return_oop=0}
                      ; - jdk.internal.logger.AbstractLoggerWrapper::isLoggable@20 (line 124)
                      ; - sun.util.logging.PlatformLogger::isLoggable@17 (line 340)
                      ; - java.awt.EventDispatchThread::pumpOneEventForFilters@57 (line 199)
  0x000001c29031f34c: 1008 b0ff 

  0x000001c29031f350: ;   {post_call_nop}
  0x000001c29031f350: 0f1f 8400 | c822 0030 | ba45 ffff | ff48 8b6c | 2430 8b4c | 2440 894c | 2424 4c89 | 5c24 284c 
  0x000001c29031f370: 8954 2430 | 4489 4c24 

  0x000001c29031f378: ;   {runtime_call UncommonTrapBlob}
  0x000001c29031f378: 3866 90e8 

  0x000001c29031f37c: ; ImmutableOopMap {rbp=Oop [36]=NarrowOop [40]=Oop [48]=Oop [64]=NarrowOop }
                      ;*ifne {reexecute=1 rethrow=0 return_oop=0}
                      ; - (reexecute) java.util.concurrent.ForkJoinPool::unmanagedBlock@11 (line 4364)
                      ; - java.util.concurrent.ForkJoinPool::managedBlock@32 (line 4310)
                      ; - java.util.concurrent.locks.AbstractQueuedSynchronizer$ConditionObject::await@107 (line 1752)
                      ; - java.awt.EventQueue::getNextEvent@52 (line 552)
                      ; - java.awt.EventDispatchThread::pumpOneEventForFilters@20 (line 190)
  0x000001c29031f37c: e007 b0ff 

  0x000001c29031f380: ;   {post_call_nop}
  0x000001c29031f380: 0f1f 8400 | f822 0031 | baf6 ffff | ff48 8b6c | 2430 4489 | 5424 2444 | 8944 2428 

  0x000001c29031f39c: ;   {runtime_call UncommonTrapBlob}
  0x000001c29031f39c: 6666 90e8 

  0x000001c29031f3a0: ; ImmutableOopMap {rbp=Oop [36]=NarrowOop [40]=NarrowOop }
                      ;*monitorenter {reexecute=0 rethrow=0 return_oop=0}
                      ; - sun.awt.AWTAutoShutdown::notifyThreadFree@11 (line 196)
                      ; - java.awt.EventQueue::getNextEvent@45 (line 551)
                      ; - java.awt.EventDispatchThread::pumpOneEventForFilters@20 (line 190)
  0x000001c29031f3a0: bc07 b0ff 

  0x000001c29031f3a4: ;   {post_call_nop}
  0x000001c29031f3a4: 0f1f 8400 | 1c23 0032 | baf6 ffff | ff48 8b6c | 2430 4489 | 5424 2444 | 8944 2428 | 4489 5c24 
  0x000001c29031f3c4: ;   {runtime_call UncommonTrapBlob}
  0x000001c29031f3c4: 3066 90e8 

  0x000001c29031f3c8: ; ImmutableOopMap {rbp=Oop [36]=NarrowOop [40]=NarrowOop [48]=NarrowOop }
                      ;*monitorenter {reexecute=0 rethrow=0 return_oop=0}
                      ; - sun.awt.AWTAutoShutdown::notifyThreadFree@18 (line 197)
                      ; - java.awt.EventQueue::getNextEvent@45 (line 551)
                      ; - java.awt.EventDispatchThread::pumpOneEventForFilters@20 (line 190)
  0x000001c29031f3c8: 9407 b0ff 

  0x000001c29031f3cc: ;   {post_call_nop}
  0x000001c29031f3cc: 0f1f 8400 | 4423 0033 | baf6 ffff | ff48 8b6c | 2430 4489 | 5c24 244c | 894c 2430 

  0x000001c29031f3e8: ;   {runtime_call UncommonTrapBlob}
  0x000001c29031f3e8: 6666 90e8 

  0x000001c29031f3ec: ; ImmutableOopMap {rbp=Oop [36]=NarrowOop [48]=Oop [64]=NarrowOop }
                      ;*invokevirtual tryInitializeHead {reexecute=0 rethrow=0 return_oop=0}
                      ; - java.util.concurrent.locks.AbstractQueuedSynchronizer$ConditionObject::newConditionNode@4 (line 1665)
                      ; - java.util.concurrent.locks.AbstractQueuedSynchronizer$ConditionObject::await@15 (line 1737)
                      ; - java.awt.EventQueue::getNextEvent@52 (line 552)
                      ; - java.awt.EventDispatchThread::pumpOneEventForFilters@20 (line 190)
  0x000001c29031f3ec: 7007 b0ff 

  0x000001c29031f3f0: ;   {post_call_nop}
  0x000001c29031f3f0: 0f1f 8400 | 6823 0034 | baf6 ffff | ff48 8b6c | 2430 448b | 4424 4044 | 8944 2424 | 4c89 5c24 
  0x000001c29031f410: 284c 8954 | 2438 4489 

  0x000001c29031f418: ;   {runtime_call UncommonTrapBlob}
  0x000001c29031f418: 4c24 40e8 

  0x000001c29031f41c: ; ImmutableOopMap {rbp=Oop [36]=NarrowOop [40]=Oop [56]=Oop }
                      ;*invokevirtual reacquire {reexecute=0 rethrow=0 return_oop=0}
                      ; - java.util.concurrent.locks.AbstractQueuedSynchronizer$ConditionObject::await@148 (line 1763)
                      ; - java.awt.EventQueue::getNextEvent@52 (line 552)
                      ; - java.awt.EventDispatchThread::pumpOneEventForFilters@20 (line 190)
  0x000001c29031f41c: 4007 b0ff 

  0x000001c29031f420: ;   {post_call_nop}
  0x000001c29031f420: 0f1f 8400 | 9823 0035 | baf6 ffff | ff48 8b6c 

  0x000001c29031f430: ;   {runtime_call UncommonTrapBlob}
  0x000001c29031f430: 2430 90e8 

  0x000001c29031f434: ; ImmutableOopMap {rbp=Oop [36]=NarrowOop }
                      ;*invokevirtual lock {reexecute=0 rethrow=0 return_oop=0}
                      ; - java.util.concurrent.locks.ReentrantLock::lock@4 (line 323)
                      ; - java.awt.EventQueue::getNextEvent@11 (line 545)
                      ; - java.awt.EventDispatchThread::pumpOneEventForFilters@20 (line 190)
  0x000001c29031f434: 2807 b0ff 

  0x000001c29031f438: ;   {post_call_nop}
  0x000001c29031f438: 0f1f 8400 | b023 0036 | 4889 5424 | 4848 897c | 2440 4489 | 5c24 2c44 | 8944 2428 | 4489 5424 
  0x000001c29031f458: 2449 8be9 | 488b d74c | 8d84 24b0 

  0x000001c29031f464: ;   {runtime_call C2 Runtime complete_monitor_locking}
  0x000001c29031f464: 0000 00e8 

  0x000001c29031f468: ; ImmutableOopMap {rbp=Oop [36]=NarrowOop [40]=NarrowOop [44]=NarrowOop [48]=Oop [56]=Oop [64]=Oop [72]=Oop }
                      ;*monitorenter {reexecute=0 rethrow=0 return_oop=0}
                      ; - sun.awt.AWTAutoShutdown::notifyThreadFree@11 (line 196)
                      ; - java.awt.EventQueue::getNextEvent@45 (line 551)
                      ; - java.awt.EventDispatchThread::pumpOneEventForFilters@20 (line 190)
  0x000001c29031f468: 745c b0ff 

  0x000001c29031f46c: ;   {post_call_nop}
  0x000001c29031f46c: 0f1f 8400 | e423 0037 | 4c8b cd44 | 8b54 2424 | 448b 4424 | 2844 8b5c | 242c 488b | 7c24 4048 
  0x000001c29031f48c: 8b54 2448 | e900 e2ff | ff49 8bd3 | 4c8d 8424 | b800 0000 | 488b 6c24 

  0x000001c29031f4a4: ;   {runtime_call C2 Runtime complete_monitor_locking}
  0x000001c29031f4a4: 3066 90e8 

  0x000001c29031f4a8: ; ImmutableOopMap {rbp=Oop [40]=Oop [48]=Oop [56]=Oop [64]=NarrowOop [68]=NarrowOop [72]=NarrowOop [76]=NarrowOop [80]=Oop [88]=Oop [96]=Oop }
                      ;*monitorenter {reexecute=0 rethrow=0 return_oop=0}
                      ; - sun.awt.AWTAutoShutdown::notifyThreadFree@18 (line 197)
                      ; - java.awt.EventQueue::getNextEvent@45 (line 551)
                      ; - java.awt.EventDispatchThread::pumpOneEventForFilters@20 (line 190)
  0x000001c29031f4a8: 345c b0ff 

  0x000001c29031f4ac: ;   {post_call_nop}
  0x000001c29031f4ac: 0f1f 8400 | 2424 0038 | e99a e2ff | ffba deff | ffff 4c8b | 5424 304c | 8954 2420 | 448b 5c24 
  0x000001c29031f4cc: 4045 8bd3 | 4489 5424 | 2c44 8b5c | 2448 4489 | 5c24 3044 | 8b54 244c | 4489 5424 

  0x000001c29031f4e8: ;   {runtime_call UncommonTrapBlob}
  0x000001c29031f4e8: 3466 90e8 

  0x000001c29031f4ec: ; ImmutableOopMap {rbp=NarrowOop [32]=Oop [44]=NarrowOop [48]=NarrowOop [52]=NarrowOop [68]=NarrowOop }
                      ;*invokeinterface remove {reexecute=0 rethrow=0 return_oop=0}
                      ; - sun.awt.AWTAutoShutdown::notifyThreadFree@24 (line 198)
                      ; - java.awt.EventQueue::getNextEvent@45 (line 551)
                      ; - java.awt.EventDispatchThread::pumpOneEventForFilters@20 (line 190)
  0x000001c29031f4ec: 7006 b0ff 

  0x000001c29031f4f0: ;   {post_call_nop}
  0x000001c29031f4f0: 0f1f 8400 | 6824 0039 | ba5e ffff | ff48 8b6c | 2430 448b | 4424 4044 | 8944 2424 | 448b 4424 
  0x000001c29031f510: 4844 8b5c | 244c 4489 | 4424 3044 | 895c 2434 | 4c89 5424 

  0x000001c29031f524: ;   {runtime_call UncommonTrapBlob}
  0x000001c29031f524: 4866 90e8 

  0x000001c29031f528: ; ImmutableOopMap {rbp=Oop [36]=NarrowOop [48]=NarrowOop [52]=NarrowOop [72]=Oop [104]=NarrowOop }
                      ;*invokevirtual afterNodeRemoval {reexecute=0 rethrow=0 return_oop=0}
                      ; - java.util.HashMap::removeNode@283 (line 854)
                      ; - java.util.HashMap::remove@9 (line 806)
                      ; - java.util.HashSet::remove@5 (line 246)
                      ; - sun.awt.AWTAutoShutdown::notifyThreadFree@24 (line 198)
                      ; - java.awt.EventQueue::getNextEvent@45 (line 551)
                      ; - java.awt.EventDispatchThread::pumpOneEventForFilters@20 (line 190)
  0x000001c29031f528: 3406 b0ff 

  0x000001c29031f52c: ;   {post_call_nop}
  0x000001c29031f52c: 0f1f 8400 | a424 003a | 4d8b d349 | 8bca 488d | 9424 b800 | 0000 4d8b 

  0x000001c29031f544: ;   {runtime_call}
  0x000001c29031f544: c749 ba20 | a916 6bfd | 7f00 0041 

  0x000001c29031f550: ;   {post_call_nop}
  0x000001c29031f550: ffd2 0f1f | 8400 0000 | 0000 e98c | e4ff ff49 | 8bcb 488d | 9424 b000 | 0000 4d8b 

  0x000001c29031f56c: ;   {runtime_call}
  0x000001c29031f56c: c749 ba20 | a916 6bfd | 7f00 0041 

  0x000001c29031f578: ;   {post_call_nop}
  0x000001c29031f578: ffd2 0f1f | 8400 0000 | 0000 e901 | e5ff ffba | deff ffff | 4489 5c24 

  0x000001c29031f590: ;   {runtime_call UncommonTrapBlob}
  0x000001c29031f590: 2c66 90e8 

  0x000001c29031f594: ; ImmutableOopMap {rbp=NarrowOop [44]=NarrowOop [48]=Oop [64]=NarrowOop }
                      ;*invokeinterface await {reexecute=0 rethrow=0 return_oop=0}
                      ; - java.awt.EventQueue::getNextEvent@52 (line 552)
                      ; - java.awt.EventDispatchThread::pumpOneEventForFilters@20 (line 190)
  0x000001c29031f594: c805 b0ff 

  0x000001c29031f598: ;   {post_call_nop}
  0x000001c29031f598: 0f1f 8400 | 1025 003b | ba45 ffff | ff48 8b6c | 2430 448b | 4424 4044 | 8944 2424 | 4c89 5c24 
  0x000001c29031f5b8: 284c 8954 

  0x000001c29031f5bc: ;   {runtime_call UncommonTrapBlob}
  0x000001c29031f5bc: 2438 90e8 

  0x000001c29031f5c0: ; ImmutableOopMap {rbp=Oop [36]=NarrowOop [40]=Oop [56]=Oop [64]=NarrowOop }
                      ;*ifeq {reexecute=1 rethrow=0 return_oop=0}
                      ; - (reexecute) java.util.concurrent.locks.AbstractQueuedSynchronizer$ConditionObject::enableWait@65 (line 1615)
                      ; - java.util.concurrent.locks.AbstractQueuedSynchronizer$ConditionObject::await@26 (line 1740)
                      ; - java.awt.EventQueue::getNextEvent@52 (line 552)
                      ; - java.awt.EventDispatchThread::pumpOneEventForFilters@20 (line 190)
  0x000001c29031f5c0: 9c05 b0ff 

  0x000001c29031f5c4: ;   {post_call_nop}
  0x000001c29031f5c4: 0f1f 8400 | 3c25 003c | bade ffff | ff44 894c 

  0x000001c29031f5d4: ;   {runtime_call UncommonTrapBlob}
  0x000001c29031f5d4: 242c 90e8 

  0x000001c29031f5d8: ; ImmutableOopMap {rbp=NarrowOop [44]=NarrowOop [48]=Oop [64]=NarrowOop }
                      ;*invokeinterface unlock {reexecute=0 rethrow=0 return_oop=0}
                      ; - java.awt.EventQueue::getNextEvent@61 (line 554)
                      ; - java.awt.EventDispatchThread::pumpOneEventForFilters@20 (line 190)
  0x000001c29031f5d8: 8405 b0ff 

  0x000001c29031f5dc: ;   {post_call_nop}
  0x000001c29031f5dc: 0f1f 8400 | 5425 003d | bade ffff | ff44 8954 

  0x000001c29031f5ec: ;   {runtime_call UncommonTrapBlob}
  0x000001c29031f5ec: 242c 90e8 

  0x000001c29031f5f0: ; ImmutableOopMap {rbp=NarrowOop [44]=NarrowOop [48]=Oop }
                      ;*invokeinterface lock {reexecute=0 rethrow=0 return_oop=0}
                      ; - java.awt.EventQueue::getNextEvent@11 (line 545)
                      ; - java.awt.EventDispatchThread::pumpOneEventForFilters@20 (line 190)
  0x000001c29031f5f0: 6c05 b0ff 

  0x000001c29031f5f4: ;   {post_call_nop}
  0x000001c29031f5f4: 0f1f 8400 | 6c25 003e | bad6 ffff | ff4c 8b5c | 2430 4c89 | 5c24 2044 | 8b5c 2440 | 4489 5c24 
  0x000001c29031f614: 2c44 8b5c | 2448 448b | 4424 4c44 | 895c 2438 | 4489 4424 | 3c4c 8954 

  0x000001c29031f62c: ;   {runtime_call UncommonTrapBlob}
  0x000001c29031f62c: 2448 90e8 

  0x000001c29031f630: ; ImmutableOopMap {rbp=NarrowOop [32]=Oop [44]=NarrowOop [56]=NarrowOop [60]=NarrowOop [72]=Oop [104]=NarrowOop [108]=NarrowOop }
                      ;*aastore {reexecute=1 rethrow=0 return_oop=0}
                      ; - (reexecute) java.util.HashMap::removeNode@246 (line 849)
                      ; - java.util.HashMap::remove@9 (line 806)
                      ; - java.util.HashSet::remove@5 (line 246)
                      ; - sun.awt.AWTAutoShutdown::notifyThreadFree@24 (line 198)
                      ; - java.awt.EventQueue::getNextEvent@45 (line 551)
                      ; - java.awt.EventDispatchThread::pumpOneEventForFilters@20 (line 190)
  0x000001c29031f630: 2c05 b0ff 

  0x000001c29031f634: ;   {post_call_nop}
  0x000001c29031f634: 0f1f 8400 | ac25 003f | bade ffff | ff4c 8b54 | 2430 4c89 | 5424 2044 | 8b5c 2440 | 458b d344 
  0x000001c29031f654: 8954 242c | 448b 5c24 | 4844 8b54 | 244c 4489 | 5c24 3844 | 8954 243c 

  0x000001c29031f66c: ;   {runtime_call UncommonTrapBlob}
  0x000001c29031f66c: 6666 90e8 

  0x000001c29031f670: ; ImmutableOopMap {rbp=NarrowOop [32]=Oop [44]=NarrowOop [56]=NarrowOop [60]=NarrowOop [64]=NarrowOop [72]=NarrowOop [76]=NarrowOop }
                      ;*invokeinterface isEmpty {reexecute=0 rethrow=0 return_oop=0}
                      ; - sun.awt.AWTAutoShutdown::isReadyToShutdown@11 (line 236)
                      ; - sun.awt.AWTAutoShutdown::notifyThreadFree@31 (line 199)
                      ; - java.awt.EventQueue::getNextEvent@45 (line 551)
                      ; - java.awt.EventDispatchThread::pumpOneEventForFilters@20 (line 190)
  0x000001c29031f670: ec04 b0ff 

  0x000001c29031f674: ;   {post_call_nop}
  0x000001c29031f674: 0f1f 8400 | ec25 0040 | ba45 ffff | ff4c 8b54 | 2430 4c89 | 5424 204c | 895c 2430 

  0x000001c29031f690: ;   {runtime_call UncommonTrapBlob}
  0x000001c29031f690: 6666 90e8 

  0x000001c29031f694: ; ImmutableOopMap {rbp=NarrowOop [32]=Oop [40]=NarrowOop [48]=Oop [72]=NarrowOop }
                      ;*ifnonnull {reexecute=1 rethrow=0 return_oop=0}
                      ; - (reexecute) jdk.internal.logger.SimpleConsoleLogger::effectiveLevel@4 (line 160)
                      ; - jdk.internal.logger.SimpleConsoleLogger::isLoggable@1 (line 128)
                      ; - jdk.internal.logger.AbstractLoggerWrapper::isLoggable@20 (line 124)
                      ; - sun.util.logging.PlatformLogger::isLoggable@17 (line 340)
                      ; - java.awt.EventDispatchThread::pumpOneEventForFilters@57 (line 199)
  0x000001c29031f694: c804 b0ff 

  0x000001c29031f698: ;   {post_call_nop}
  0x000001c29031f698: 0f1f 8400 | 1026 0041 | ba45 ffff | ff4c 8b5c | 2430 4c89 | 5c24 2044 | 8954 2430 

  0x000001c29031f6b4: ;   {runtime_call UncommonTrapBlob}
  0x000001c29031f6b4: 6666 90e8 

  0x000001c29031f6b8: ; ImmutableOopMap {rbp=NarrowOop [32]=Oop [40]=NarrowOop [48]=NarrowOop [64]=Oop [72]=NarrowOop }
                      ;*if_acmpeq {reexecute=1 rethrow=0 return_oop=0}
                      ; - (reexecute) java.util.concurrent.locks.ReentrantLock$Sync::tryRelease@14 (line 175)
                      ; - java.util.concurrent.locks.AbstractQueuedSynchronizer::release@2 (line 1099)
                      ; - java.util.concurrent.locks.ReentrantLock::unlock@5 (line 495)
                      ; - java.awt.EventQueue::getNextEvent@31 (line 554)
                      ; - java.awt.EventDispatchThread::pumpOneEventForFilters@20 (line 190)
  0x000001c29031f6b8: a404 b0ff 

  0x000001c29031f6bc: ;   {post_call_nop}
  0x000001c29031f6bc: 0f1f 8400 | 3426 0042 | 4c89 4c24 | 3844 8b54 | 2448 4489 | 5424 44ba | 45ff ffff 

  0x000001c29031f6d8: ;   {runtime_call UncommonTrapBlob}
  0x000001c29031f6d8: 6666 90e8 

  0x000001c29031f6dc: ; ImmutableOopMap {rbp=NarrowOop [40]=NarrowOop [48]=Oop [56]=Oop [68]=NarrowOop [72]=NarrowOop [76]=NarrowOop }
                      ;*ifnull {reexecute=1 rethrow=0 return_oop=0}
                      ; - (reexecute) java.awt.EventDispatchThread$HierarchyEventFilter::acceptEvent@4 (line 234)
                      ; - java.awt.EventDispatchThread::filterAndCheckEvent@42 (line 169)
                      ; - java.awt.EventDispatchThread::pumpOneEventForFilters@35 (line 192)
  0x000001c29031f6dc: 8004 b0ff 

  0x000001c29031f6e0: ;   {post_call_nop}
  0x000001c29031f6e0: 0f1f 8400 | 5826 0043 | ba45 ffff | ff4c 8b54 | 2430 4c89 | 5424 2044 | 8b5c 2448 | 458b d344 
  0x000001c29031f700: 8954 2430 

  0x000001c29031f704: ;   {runtime_call UncommonTrapBlob}
  0x000001c29031f704: 6666 90e8 

  0x000001c29031f708: ; ImmutableOopMap {[32]=Oop [40]=NarrowOop [48]=NarrowOop [72]=NarrowOop }
                      ;*ifeq {reexecute=1 rethrow=0 return_oop=0}
                      ; - (reexecute) sun.awt.dnd.SunDragSourceContextPeer::checkEvent@3 (line 368)
                      ; - java.awt.EventDispatchThread::filterAndCheckEvent@96 (line 178)
                      ; - java.awt.EventDispatchThread::pumpOneEventForFilters@35 (line 192)
  0x000001c29031f708: 5404 b0ff 

  0x000001c29031f70c: ;   {post_call_nop}
  0x000001c29031f70c: 0f1f 8400 | 8426 0044 | ba6e ffff | ff48 8b6c | 2430 8b4c | 2440 894c | 2424 4c89 | 5c24 2844 
  0x000001c29031f72c: 894c 2438 | 4c89 5424 | 404c 8954 

  0x000001c29031f738: ;   {runtime_call UncommonTrapBlob}
  0x000001c29031f738: 2448 90e8 

  0x000001c29031f73c: ; ImmutableOopMap {rbp=Oop [36]=NarrowOop [40]=Oop [64]=Oop [72]=Oop }
                      ;*ifne {reexecute=1 rethrow=0 return_oop=0}
                      ; - (reexecute) java.util.concurrent.locks.AbstractQueuedSynchronizer$ConditionNode::block@4 (line 520)
                      ; - java.util.concurrent.ForkJoinPool::unmanagedBlock@15 (line 4364)
                      ; - java.util.concurrent.ForkJoinPool::managedBlock@32 (line 4310)
                      ; - java.util.concurrent.locks.AbstractQueuedSynchronizer$ConditionObject::await@107 (line 1752)
                      ; - java.awt.EventQueue::getNextEvent@52 (line 552)
                      ; - java.awt.EventDispatchThread::pumpOneEventForFilters@20 (line 190)
  0x000001c29031f73c: 2004 b0ff 

  0x000001c29031f740: ;   {post_call_nop}
  0x000001c29031f740: 0f1f 8400 | b826 0045 | bae4 ffff | ff4c 8b54 | 2430 4c89 | 5424 2089 | 4c24 2c44 | 895c 2430 
  0x000001c29031f760: 4489 4c24 

  0x000001c29031f764: ;   {runtime_call UncommonTrapBlob}
  0x000001c29031f764: 3466 90e8 

  0x000001c29031f768: ; ImmutableOopMap {rbp=NarrowOop [32]=Oop [44]=NarrowOop [48]=NarrowOop }
                      ;*aastore {reexecute=1 rethrow=0 return_oop=0}
                      ; - (reexecute) java.awt.EventQueue::uncacheEQItem@51 (line 486)
                      ; - java.awt.EventQueue::getNextEventPrivate@60 (line 570)
                      ; - java.awt.EventQueue::getNextEvent@17 (line 547)
                      ; - java.awt.EventDispatchThread::pumpOneEventForFilters@20 (line 190)
  0x000001c29031f768: f403 b0ff 

  0x000001c29031f76c: ;   {post_call_nop}
  0x000001c29031f76c: 0f1f 8400 | e426 0046 | ba6e ffff | ff48 8b6c | 2430 8b4c | 2440 894c | 2424 4c89 | 5c24 284c 
  0x000001c29031f78c: 8954 2430 | 4489 4c24 

  0x000001c29031f794: ;   {runtime_call UncommonTrapBlob}
  0x000001c29031f794: 3866 90e8 

  0x000001c29031f798: ; ImmutableOopMap {rbp=Oop [36]=NarrowOop [40]=Oop [48]=Oop [64]=NarrowOop }
                      ;*ifne {reexecute=1 rethrow=0 return_oop=0}
                      ; - (reexecute) java.util.concurrent.locks.AbstractQueuedSynchronizer$ConditionObject::await@47 (line 1743)
                      ; - java.awt.EventQueue::getNextEvent@52 (line 552)
                      ; - java.awt.EventDispatchThread::pumpOneEventForFilters@20 (line 190)
  0x000001c29031f798: c403 b0ff 

  0x000001c29031f79c: ;   {post_call_nop}
  0x000001c29031f79c: 0f1f 8400 | 1427 0047 | ba45 ffff | ff48 8b6c | 2430 448b | 5424 4044 | 8954 2424 | 448b 5424 
  0x000001c29031f7bc: 4844 8b44 | 244c 4489 | 5424 3044 | 8944 2434 | 4489 5c24 

  0x000001c29031f7d0: ;   {runtime_call UncommonTrapBlob}
  0x000001c29031f7d0: 3866 90e8 

  0x000001c29031f7d4: ; ImmutableOopMap {rbp=Oop [36]=NarrowOop [48]=NarrowOop [52]=NarrowOop [64]=NarrowOop [72]=NarrowOop [76]=NarrowOop }
                      ;*ifle {reexecute=1 rethrow=0 return_oop=0}
                      ; - (reexecute) java.util.HashMap::removeNode@16 (line 823)
                      ; - java.util.HashMap::remove@9 (line 806)
                      ; - java.util.HashSet::remove@5 (line 246)
                      ; - sun.awt.AWTAutoShutdown::notifyThreadFree@24 (line 198)
                      ; - java.awt.EventQueue::getNextEvent@45 (line 551)
                      ; - java.awt.EventDispatchThread::pumpOneEventForFilters@20 (line 190)
  0x000001c29031f7d4: 8803 b0ff 

  0x000001c29031f7d8: ;   {post_call_nop}
  0x000001c29031f7d8: 0f1f 8400 | 5027 0048 | ba45 ffff | ff4c 8b54 | 2430 4c89 | 5424 2044 | 8b5c 2440 | 458b d344 
  0x000001c29031f7f8: 8954 242c | 448b 5c24 | 4844 8b54 | 244c 4489 | 5c24 3844 | 8954 243c 

  0x000001c29031f810: ;   {runtime_call UncommonTrapBlob}
  0x000001c29031f810: 6666 90e8 

  0x000001c29031f814: ; ImmutableOopMap {rbp=NarrowOop [32]=Oop [44]=NarrowOop [56]=NarrowOop [60]=NarrowOop [64]=NarrowOop [72]=NarrowOop [76]=NarrowOop }
                      ;*if_acmpne {reexecute=1 rethrow=0 return_oop=0}
                      ; - (reexecute) java.util.HashSet::remove@11 (line 246)
                      ; - sun.awt.AWTAutoShutdown::notifyThreadFree@24 (line 198)
                      ; - java.awt.EventQueue::getNextEvent@45 (line 551)
                      ; - java.awt.EventDispatchThread::pumpOneEventForFilters@20 (line 190)
  0x000001c29031f814: 4803 b0ff 

  0x000001c29031f818: ;   {post_call_nop}
  0x000001c29031f818: 0f1f 8400 | 9027 0049 | ba45 ffff | ff4c 8b54 | 2430 4c89 | 5424 2044 | 895c 242c | 4c89 4c24 
  0x000001c29031f838: 4048 8944 | 2448 4889 

  0x000001c29031f840: ;   {runtime_call UncommonTrapBlob}
  0x000001c29031f840: 7c24 50e8 

  0x000001c29031f844: ; ImmutableOopMap {rbp=NarrowOop [32]=Oop [44]=NarrowOop [64]=Oop [72]=Oop [80]=Oop }
                      ;*if_acmpne {reexecute=1 rethrow=0 return_oop=0}
                      ; - (reexecute) java.util.concurrent.locks.ReentrantLock$Sync::isHeldExclusively@7 (line 187)
                      ; - java.util.concurrent.locks.AbstractQueuedSynchronizer$ConditionObject::enableWait@4 (line 1605)
                      ; - java.util.concurrent.locks.AbstractQueuedSynchronizer$ConditionObject::await@26 (line 1740)
                      ; - java.awt.EventQueue::getNextEvent@52 (line 552)
                      ; - java.awt.EventDispatchThread::pumpOneEventForFilters@20 (line 190)
  0x000001c29031f844: 1803 b0ff 

  0x000001c29031f848: ;   {post_call_nop}
  0x000001c29031f848: 0f1f 8400 | c027 004a | ba45 ffff | ff4c 8b5c | 2430 4c89 | 5c24 2044 | 8b44 2440 | 458b d844 
  0x000001c29031f868: 895c 242c | 4c89 5424 | 4048 8944 

  0x000001c29031f874: ;   {runtime_call UncommonTrapBlob}
  0x000001c29031f874: 2448 90e8 

  0x000001c29031f878: ; ImmutableOopMap {rbp=NarrowOop [32]=Oop [44]=NarrowOop [64]=Oop [72]=Oop }
                      ;*ifnonnull {reexecute=1 rethrow=0 return_oop=0}
                      ; - (reexecute) java.util.concurrent.locks.AbstractQueuedSynchronizer$ConditionObject::enableWait@28 (line 1609)
                      ; - java.util.concurrent.locks.AbstractQueuedSynchronizer$ConditionObject::await@26 (line 1740)
                      ; - java.awt.EventQueue::getNextEvent@52 (line 552)
                      ; - java.awt.EventDispatchThread::pumpOneEventForFilters@20 (line 190)
  0x000001c29031f878: e402 b0ff 

  0x000001c29031f87c: ;   {post_call_nop}
  0x000001c29031f87c: 0f1f 8400 | f427 004b | ba45 ffff | ff4c 8b44 | 2430 4c89 | 4424 208b | 4c24 4089 | 4c24 2c4c 
  0x000001c29031f89c: 895c 2430 | 4c89 5424 | 3844 894c | 2440 4889 

  0x000001c29031f8ac: ;   {runtime_call UncommonTrapBlob}
  0x000001c29031f8ac: 5c24 48e8 

  0x000001c29031f8b0: ; ImmutableOopMap {[32]=Oop [44]=NarrowOop [48]=Oop [56]=Oop [72]=Oop }
                      ;*ifeq {reexecute=1 rethrow=0 return_oop=0}
                      ; - (reexecute) java.lang.Thread::getAndClearInterrupt@6 (line 1661)
                      ; - java.lang.Thread::interrupted@3 (line 1625)
                      ; - java.util.concurrent.locks.AbstractQueuedSynchronizer$ConditionObject::await@51 (line 1744)
                      ; - java.awt.EventQueue::getNextEvent@52 (line 552)
                      ; - java.awt.EventDispatchThread::pumpOneEventForFilters@20 (line 190)
  0x000001c29031f8b0: ac02 b0ff 

  0x000001c29031f8b4: ;   {post_call_nop}
  0x000001c29031f8b4: 0f1f 8400 | 2c28 004c | ba45 ffff | ff4c 8b44 | 2430 4c89 | 4424 208b | 4c24 4089 | 4c24 2c4c 
  0x000001c29031f8d4: 895c 2430 | 4c89 5424 | 3844 894c 

  0x000001c29031f8e0: ;   {runtime_call UncommonTrapBlob}
  0x000001c29031f8e0: 2440 90e8 

  0x000001c29031f8e4: ; ImmutableOopMap {[32]=Oop [44]=NarrowOop [48]=Oop [56]=Oop }
                      ;*ifeq {reexecute=1 rethrow=0 return_oop=0}
                      ; - (reexecute) java.util.concurrent.locks.AbstractQueuedSynchronizer$ConditionObject::await@90 (line 1747)
                      ; - java.awt.EventQueue::getNextEvent@52 (line 552)
                      ; - java.awt.EventDispatchThread::pumpOneEventForFilters@20 (line 190)
  0x000001c29031f8e4: 7802 b0ff 

  0x000001c29031f8e8: ;   {post_call_nop}
  0x000001c29031f8e8: 0f1f 8400 | 6028 004d | ba45 ffff | ff4c 8b44 | 2430 4c89 | 4424 208b | 4c24 4089 | 4c24 2c4c 
  0x000001c29031f908: 895c 2430 | 4489 4c24 | 404c 8954 

  0x000001c29031f914: ;   {runtime_call UncommonTrapBlob}
  0x000001c29031f914: 2448 90e8 

  0x000001c29031f918: ; ImmutableOopMap {[32]=Oop [44]=NarrowOop [48]=Oop [72]=Oop }
                      ;*ifeq {reexecute=1 rethrow=0 return_oop=0}
                      ; - (reexecute) java.util.concurrent.locks.AbstractQueuedSynchronizer$ConditionNode::isReleasable@14 (line 516)
                      ; - java.util.concurrent.ForkJoinPool::unmanagedBlock@6 (line 4364)
                      ; - java.util.concurrent.ForkJoinPool::managedBlock@32 (line 4310)
                      ; - java.util.concurrent.locks.AbstractQueuedSynchronizer$ConditionObject::await@107 (line 1752)
                      ; - java.awt.EventQueue::getNextEvent@52 (line 552)
                      ; - java.awt.EventDispatchThread::pumpOneEventForFilters@20 (line 190)
  0x000001c29031f918: 4402 b0ff 

  0x000001c29031f91c: ;   {post_call_nop}
  0x000001c29031f91c: 0f1f 8400 | 9428 004e | ba45 ffff | ff48 8b6c | 2430 4489 | 5424 2444 | 8944 242c 

  0x000001c29031f938: ;   {runtime_call UncommonTrapBlob}
  0x000001c29031f938: 6666 90e8 

  0x000001c29031f93c: ; ImmutableOopMap {rbp=Oop [36]=NarrowOop [44]=NarrowOop }
                      ;*ifnonnull {reexecute=1 rethrow=0 return_oop=0}
                      ; - (reexecute) sun.awt.AWTAutoShutdown::notifyThreadFree@1 (line 193)
                      ; - java.awt.EventQueue::getNextEvent@45 (line 551)
                      ; - java.awt.EventDispatchThread::pumpOneEventForFilters@20 (line 190)
  0x000001c29031f93c: 2002 b0ff 

  0x000001c29031f940: ;   {post_call_nop}
  0x000001c29031f940: 0f1f 8400 | b828 004f | ba45 ffff | ff4c 8b54 | 2430 4c89 | 5424 2044 | 895c 242c | 4c89 4c24 
  0x000001c29031f960: 3048 897c 

  0x000001c29031f964: ;   {runtime_call UncommonTrapBlob}
  0x000001c29031f964: 2438 90e8 

  0x000001c29031f968: ; ImmutableOopMap {[32]=Oop [44]=NarrowOop [48]=Oop [56]=Oop [64]=NarrowOop }
                      ;*ifeq {reexecute=1 rethrow=0 return_oop=0}
                      ; - (reexecute) java.lang.Thread::getAndClearInterrupt@6 (line 1661)
                      ; - java.lang.Thread::interrupted@3 (line 1625)
                      ; - java.util.concurrent.locks.AbstractQueuedSynchronizer$ConditionObject::await@0 (line 1735)
                      ; - java.awt.EventQueue::getNextEvent@52 (line 552)
                      ; - java.awt.EventDispatchThread::pumpOneEventForFilters@20 (line 190)
  0x000001c29031f968: f401 b0ff 

  0x000001c29031f96c: ;   {post_call_nop}
  0x000001c29031f96c: 0f1f 8400 | e428 0050 | ba45 ffff | ff4c 8b44 | 2430 4c89 | 4424 2044 | 8b44 2440 | 4489 4424 
  0x000001c29031f98c: 2c4c 895c | 2430 4889 | 4424 4044 | 894c 2448 | 894c 244c | 4889 5c24 

  0x000001c29031f9a4: ;   {runtime_call UncommonTrapBlob}
  0x000001c29031f9a4: 5066 90e8 

  0x000001c29031f9a8: ; ImmutableOopMap {rbp=NarrowOop [32]=Oop [44]=NarrowOop [48]=Oop [64]=Oop [76]=NarrowOop [80]=Oop }
                      ;*if_acmpeq {reexecute=1 rethrow=0 return_oop=0}
                      ; - (reexecute) java.util.concurrent.locks.ReentrantLock$Sync::tryRelease@14 (line 175)
                      ; - java.util.concurrent.locks.AbstractQueuedSynchronizer::release@2 (line 1099)
                      ; - java.util.concurrent.locks.AbstractQueuedSynchronizer$ConditionObject::enableWait@62 (line 1615)
                      ; - java.util.concurrent.locks.AbstractQueuedSynchronizer$ConditionObject::await@26 (line 1740)
                      ; - java.awt.EventQueue::getNextEvent@52 (line 552)
                      ; - java.awt.EventDispatchThread::pumpOneEventForFilters@20 (line 190)
  0x000001c29031f9a8: b401 b0ff 

  0x000001c29031f9ac: ;   {post_call_nop}
  0x000001c29031f9ac: 0f1f 8400 | 2429 0051 | ba45 ffff | ff4c 8b54 | 2430 4c89 | 5424 2044 | 894c 242c | 897c 2430 
  0x000001c29031f9cc: 4889 5c24 

  0x000001c29031f9d0: ;   {runtime_call UncommonTrapBlob}
  0x000001c29031f9d0: 3866 90e8 

  0x000001c29031f9d4: ; ImmutableOopMap {rbp=NarrowOop [32]=Oop [44]=NarrowOop [48]=NarrowOop [56]=Oop [64]=NarrowOop }
                      ;*if_acmpeq {reexecute=1 rethrow=0 return_oop=0}
                      ; - (reexecute) java.util.concurrent.locks.ReentrantLock$Sync::tryRelease@14 (line 175)
                      ; - java.util.concurrent.locks.AbstractQueuedSynchronizer::release@2 (line 1099)
                      ; - java.util.concurrent.locks.ReentrantLock::unlock@5 (line 495)
                      ; - java.awt.EventQueue::getNextEvent@61 (line 554)
                      ; - java.awt.EventDispatchThread::pumpOneEventForFilters@20 (line 190)
  0x000001c29031f9d4: 8801 b0ff 

  0x000001c29031f9d8: ;   {post_call_nop}
  0x000001c29031f9d8: 0f1f 8400 | 5029 0052 | ba45 ffff | ff4c 8b5c | 2430 4c89 | 5c24 2044 | 8b44 2440 | 4489 4424 
  0x000001c29031f9f8: 2c44 8b44 | 2448 448b | 5c24 4c44 | 8944 2438 | 4489 5c24 | 3c44 8954 

  0x000001c29031fa10: ;   {runtime_call UncommonTrapBlob}
  0x000001c29031fa10: 2450 90e8 

  0x000001c29031fa14: ; ImmutableOopMap {rbp=NarrowOop [32]=Oop [44]=NarrowOop [56]=NarrowOop [60]=NarrowOop [68]=NarrowOop [80]=NarrowOop [104]=NarrowOop [108]=NarrowOop }
                      ;*if_acmpeq {reexecute=1 rethrow=0 return_oop=0}
                      ; - (reexecute) java.util.HashMap::removeNode@58 (line 826)
                      ; - java.util.HashMap::remove@9 (line 806)
                      ; - java.util.HashSet::remove@5 (line 246)
                      ; - sun.awt.AWTAutoShutdown::notifyThreadFree@24 (line 198)
                      ; - java.awt.EventQueue::getNextEvent@45 (line 551)
                      ; - java.awt.EventDispatchThread::pumpOneEventForFilters@20 (line 190)
  0x000001c29031fa14: 4801 b0ff 

  0x000001c29031fa18: ;   {post_call_nop}
  0x000001c29031fa18: 0f1f 8400 | 9029 0053 | ba45 ffff | ff4c 8b54 | 2430 4c89 | 5424 2044 | 8b54 2440 | 4489 5424 
  0x000001c29031fa38: 2c44 8b54 | 2448 448b | 5c24 4c44 | 8954 2438 | 4489 5c24 

  0x000001c29031fa4c: ;   {runtime_call UncommonTrapBlob}
  0x000001c29031fa4c: 3c66 90e8 

  0x000001c29031fa50: ; ImmutableOopMap {[32]=Oop [44]=NarrowOop [56]=NarrowOop [60]=NarrowOop [64]=NarrowOop [72]=NarrowOop [76]=NarrowOop }
                      ;*ifne {reexecute=1 rethrow=0 return_oop=0}
                      ; - (reexecute) java.util.IdentityHashMap::isEmpty@4 (line 300)
                      ; - sun.awt.AWTAutoShutdown::isReadyToShutdown@11 (line 236)
                      ; - sun.awt.AWTAutoShutdown::notifyThreadFree@31 (line 199)
                      ; - java.awt.EventQueue::getNextEvent@45 (line 551)
                      ; - java.awt.EventDispatchThread::pumpOneEventForFilters@20 (line 190)
  0x000001c29031fa50: 0c01 b0ff 

  0x000001c29031fa54: ;   {post_call_nop}
  0x000001c29031fa54: 0f1f 8400 | cc29 0054 | ba45 ffff | ff4c 8b44 | 2430 4c89 | 4424 208b | 4c24 4089 | 4c24 2c4c 
  0x000001c29031fa74: 895c 2430 | 4489 4c24 | 404c 8954 | 2448 4c89 

  0x000001c29031fa84: ;   {runtime_call UncommonTrapBlob}
  0x000001c29031fa84: 5424 50e8 

  0x000001c29031fa88: ; ImmutableOopMap {[32]=Oop [44]=NarrowOop [48]=Oop [72]=Oop [80]=Oop }
                      ;*ifeq {reexecute=1 rethrow=0 return_oop=0}
                      ; - (reexecute) java.util.concurrent.locks.AbstractQueuedSynchronizer$ConditionNode::isReleasable@14 (line 516)
                      ; - java.util.concurrent.locks.AbstractQueuedSynchronizer$ConditionNode::block@1 (line 520)
                      ; - java.util.concurrent.ForkJoinPool::unmanagedBlock@15 (line 4364)
                      ; - java.util.concurrent.ForkJoinPool::managedBlock@32 (line 4310)
                      ; - java.util.concurrent.locks.AbstractQueuedSynchronizer$ConditionObject::await@107 (line 1752)
                      ; - java.awt.EventQueue::getNextEvent@52 (line 552)
                      ; - java.awt.EventDispatchThread::pumpOneEventForFilters@20 (line 190)
  0x000001c29031fa88: d400 b0ff 

  0x000001c29031fa8c: ;   {post_call_nop}
  0x000001c29031fa8c: 0f1f 8400 | 042a 0055 | ba45 ffff | ff4c 8b44 | 2430 4c89 | 4424 208b | 4c24 4089 | 4c24 2c44 
  0x000001c29031faac: 894c 2440 | 4c89 5c24 | 484c 8954 | 2450 4c89 

  0x000001c29031fabc: ;   {runtime_call UncommonTrapBlob}
  0x000001c29031fabc: 5424 58e8 

  0x000001c29031fac0: ; ImmutableOopMap {rbp=NarrowOop [32]=Oop [44]=NarrowOop [72]=Oop [80]=Oop [88]=Oop }
                      ;*if_acmpeq {reexecute=1 rethrow=0 return_oop=0}
                      ; - (reexecute) java.util.concurrent.locks.AbstractQueuedSynchronizer$ConditionObject::canReacquire@18 (line 1631)
                      ; - java.util.concurrent.locks.AbstractQueuedSynchronizer$ConditionObject::await@44 (line 1743)
                      ; - java.awt.EventQueue::getNextEvent@52 (line 552)
                      ; - java.awt.EventDispatchThread::pumpOneEventForFilters@20 (line 190)
  0x000001c29031fac0: 9c00 b0ff 

  0x000001c29031fac4: ;   {post_call_nop}
  0x000001c29031fac4: 0f1f 8400 | 3c2a 0056 | 488b fb44 | 8bde 498b | d0e9 96ef | ffff 81fd | 2003 0000 | 0f8c bfe4 
  0x000001c29031fae4: ffff ba45 | ffff ff4c | 8b44 2430 | 4c89 4424 | 2089 4c24 | 2c44 895c | 2434 4489 

  0x000001c29031fb00: ;   {runtime_call UncommonTrapBlob}
  0x000001c29031fb00: 5424 38e8 

  0x000001c29031fb04: ; ImmutableOopMap {[32]=Oop [44]=NarrowOop [52]=NarrowOop [56]=NarrowOop }
                      ;*lookupswitch {reexecute=1 rethrow=0 return_oop=0}
                      ; - (reexecute) java.awt.EventQueue::eventToCacheIndex@4 (line 498)
                      ; - java.awt.EventQueue::uncacheEQItem@4 (line 480)
                      ; - java.awt.EventQueue::getNextEventPrivate@60 (line 570)
                      ; - java.awt.EventQueue::getNextEvent@17 (line 547)
                      ; - java.awt.EventDispatchThread::pumpOneEventForFilters@20 (line 190)
  0x000001c29031fb04: 5800 b0ff 

  0x000001c29031fb08: ;   {post_call_nop}
  0x000001c29031fb08: 0f1f 8400 | 802a 0057 | 33db e970 | e6ff ffba | 45ff ffff | 4c8b 5c24 | 304c 895c | 2420 4489 
  0x000001c29031fb28: ;   {runtime_call UncommonTrapBlob}
  0x000001c29031fb28: 5424 34e8 

  0x000001c29031fb2c: ; ImmutableOopMap {[32]=Oop [40]=NarrowOop [52]=NarrowOop [72]=NarrowOop }
                      ;*ifeq {reexecute=1 rethrow=0 return_oop=0}
                      ; - (reexecute) jdk.internal.misc.Unsafe::getAndBitwiseAndInt@21 (line 3249)
                      ; - java.util.concurrent.locks.AbstractQueuedSynchronizer$Node::getAndUnsetStatus@10 (line 482)
                      ; - java.util.concurrent.locks.AbstractQueuedSynchronizer::signalNext@22 (line 645)
                      ; - java.util.concurrent.locks.AbstractQueuedSynchronizer::release@12 (line 1100)
                      ; - java.util.concurrent.locks.ReentrantLock::unlock@5 (line 495)
                      ; - java.awt.EventQueue::getNextEvent@31 (line 554)
                      ; - java.awt.EventDispatchThread::pumpOneEventForFilters@20 (line 190)
  0x000001c29031fb2c: 3000 b0ff 

  0x000001c29031fb30: ;   {post_call_nop}
  0x000001c29031fb30: 0f1f 8400 | a82a 0058 | 488b 6c24 | 3044 8b54 | 2428 4489 | 5424 204c | 894c 2430 | 448b 5424 
  0x000001c29031fb50: 4844 8954 | 2438 448b | 5424 4c44 | 8954 2448 | bac6 ffff 

  0x000001c29031fb64: ;   {runtime_call UncommonTrapBlob}
  0x000001c29031fb64: ff66 90e8 

  0x000001c29031fb68: ; ImmutableOopMap {rbp=Oop [32]=NarrowOop [48]=Oop [56]=NarrowOop [72]=NarrowOop [76]=NarrowOop }
                      ;*invokeinterface acceptEvent {reexecute=0 rethrow=0 return_oop=0}
                      ; - java.awt.EventDispatchThread::filterAndCheckEvent@42 (line 169)
                      ; - java.awt.EventDispatchThread::pumpOneEventForFilters@35 (line 192)
  0x000001c29031fb68: f4ff afff 

  0x000001c29031fb6c: ;   {post_call_nop}
  0x000001c29031fb6c: 0f1f 8400 | e42a 0059 | ba45 ffff | ff4c 8b44 | 2430 4c89 | 4424 208b | 4c24 4089 | 4c24 2c4c 
  0x000001c29031fb8c: 895c 2430 | 4c89 5424 | 4044 894c | 2448 897c 

  0x000001c29031fb9c: ;   {runtime_call UncommonTrapBlob}
  0x000001c29031fb9c: 2450 90e8 

  0x000001c29031fba0: ; ImmutableOopMap {[32]=Oop [44]=NarrowOop [48]=Oop [64]=Oop [80]=NarrowOop }
                      ;*ifeq {reexecute=1 rethrow=0 return_oop=0}
                      ; - (reexecute) jdk.internal.misc.Unsafe::getAndBitwiseAndInt@21 (line 3249)
                      ; - java.util.concurrent.locks.AbstractQueuedSynchronizer$Node::getAndUnsetStatus@10 (line 482)
                      ; - java.util.concurrent.locks.AbstractQueuedSynchronizer::signalNext@22 (line 645)
                      ; - java.util.concurrent.locks.AbstractQueuedSynchronizer::release@12 (line 1100)
                      ; - java.util.concurrent.locks.AbstractQueuedSynchronizer$ConditionObject::enableWait@62 (line 1615)
                      ; - java.util.concurrent.locks.AbstractQueuedSynchronizer$ConditionObject::await@26 (line 1740)
                      ; - java.awt.EventQueue::getNextEvent@52 (line 552)
                      ; - java.awt.EventDispatchThread::pumpOneEventForFilters@20 (line 190)
  0x000001c29031fba0: bcff afff 

  0x000001c29031fba4: ;   {post_call_nop}
  0x000001c29031fba4: 0f1f 8400 | 1c2b 005a | ba45 ffff | ff4c 8b54 | 2430 4c89 | 5424 2044 | 894c 242c | 4489 4424 
  0x000001c29031fbc4: ;   {runtime_call UncommonTrapBlob}
  0x000001c29031fbc4: 3466 90e8 

  0x000001c29031fbc8: ; ImmutableOopMap {[32]=Oop [44]=NarrowOop [52]=NarrowOop [64]=NarrowOop }
                      ;*ifeq {reexecute=1 rethrow=0 return_oop=0}
                      ; - (reexecute) jdk.internal.misc.Unsafe::getAndBitwiseAndInt@21 (line 3249)
                      ; - java.util.concurrent.locks.AbstractQueuedSynchronizer$Node::getAndUnsetStatus@10 (line 482)
                      ; - java.util.concurrent.locks.AbstractQueuedSynchronizer::signalNext@22 (line 645)
                      ; - java.util.concurrent.locks.AbstractQueuedSynchronizer::release@12 (line 1100)
                      ; - java.util.concurrent.locks.ReentrantLock::unlock@5 (line 495)
                      ; - java.awt.EventQueue::getNextEvent@61 (line 554)
                      ; - java.awt.EventDispatchThread::pumpOneEventForFilters@20 (line 190)
  0x000001c29031fbc8: 94ff afff 

  0x000001c29031fbcc: ;   {post_call_nop}
  0x000001c29031fbcc: 0f1f 8400 | 442b 005b | ba45 ffff | ff4c 8b5c | 2430 4c89 | 5c24 2044 | 8954 242c | 4489 4424 
  0x000001c29031fbec: ;   {runtime_call UncommonTrapBlob}
  0x000001c29031fbec: 3066 90e8 

  0x000001c29031fbf0: ; ImmutableOopMap {[32]=Oop [44]=NarrowOop [48]=NarrowOop }
                      ;*ifge {reexecute=1 rethrow=0 return_oop=0}
                      ; - (reexecute) java.util.concurrent.locks.ReentrantLock$NonfairSync::initialTryLock@36 (line 231)
                      ; - java.util.concurrent.locks.ReentrantLock$Sync::lock@1 (line 153)
                      ; - java.util.concurrent.locks.ReentrantLock::lock@4 (line 323)
                      ; - java.awt.EventQueue::getNextEvent@11 (line 545)
                      ; - java.awt.EventDispatchThread::pumpOneEventForFilters@20 (line 190)
  0x000001c29031fbf0: 6cff afff 

  0x000001c29031fbf4: ;   {post_call_nop}
  0x000001c29031fbf4: 0f1f 8400 | 6c2b 005c | ba45 ffff | ff4c 8b5c | 2430 4c89 | 5c24 2044 | 8954 242c | 4489 4424 
  0x000001c29031fc14: ;   {runtime_call UncommonTrapBlob}
  0x000001c29031fc14: 3066 90e8 

  0x000001c29031fc18: ; ImmutableOopMap {[32]=Oop [44]=NarrowOop [48]=NarrowOop }
                      ;*ifge {reexecute=1 rethrow=0 return_oop=0}
                      ; - (reexecute) java.util.concurrent.locks.ReentrantLock$NonfairSync::initialTryLock@36 (line 231)
                      ; - java.util.concurrent.locks.ReentrantLock$Sync::lock@1 (line 153)
                      ; - java.util.concurrent.locks.ReentrantLock::lock@4 (line 323)
                      ; - java.awt.EventQueue::getNextEvent@11 (line 545)
                      ; - java.awt.EventDispatchThread::pumpOneEventForFilters@20 (line 190)
  0x000001c29031fc18: 44ff afff 

  0x000001c29031fc1c: ;   {post_call_nop}
  0x000001c29031fc1c: 0f1f 8400 | 942b 005d | ba45 ffff | ff48 8b6c | 2430 448b | 5424 4044 | 8954 2424 | 448b 5424 
  0x000001c29031fc3c: 4844 8b5c | 244c 4489 | 5424 3044 | 895c 2434 

  0x000001c29031fc4c: ;   {runtime_call UncommonTrapBlob}
  0x000001c29031fc4c: 6666 90e8 

  0x000001c29031fc50: ; ImmutableOopMap {rbp=Oop [36]=NarrowOop [48]=NarrowOop [52]=NarrowOop [64]=NarrowOop [72]=NarrowOop [76]=NarrowOop }
                      ;*ifnull {reexecute=1 rethrow=0 return_oop=0}
                      ; - (reexecute) java.util.HashMap::removeNode@173 (line 844)
                      ; - java.util.HashMap::remove@9 (line 806)
                      ; - java.util.HashSet::remove@5 (line 246)
                      ; - sun.awt.AWTAutoShutdown::notifyThreadFree@24 (line 198)
                      ; - java.awt.EventQueue::getNextEvent@45 (line 551)
                      ; - java.awt.EventDispatchThread::pumpOneEventForFilters@20 (line 190)
  0x000001c29031fc50: 0cff afff 

  0x000001c29031fc54: ;   {post_call_nop}
  0x000001c29031fc54: 0f1f 8400 | cc2b 005e | 894c 2424 | 4c89 4c24 | 4844 895c | 2440 4889 

  0x000001c29031fc6c: ;   {metadata('java/util/concurrent/locks/AbstractQueuedSynchronizer$ExclusiveNode')}
  0x000001c29031fc6c: 7c24 2848 | ba50 820d | 2000 0000 

  0x000001c29031fc78: ;   {runtime_call C2 Runtime new_instance}
  0x000001c29031fc78: 0066 90e8 

  0x000001c29031fc7c: ; ImmutableOopMap {rbp=Oop [36]=NarrowOop [40]=Oop [48]=Oop [56]=Oop [64]=NarrowOop [72]=Oop }
                      ;*new {reexecute=0 rethrow=0 return_oop=1}
                      ; - java.util.concurrent.locks.AbstractQueuedSynchronizer::tryInitializeHead@30 (line 592)
                      ; - java.util.concurrent.locks.AbstractQueuedSynchronizer$ConditionObject::newConditionNode@4 (line 1665)
                      ; - java.util.concurrent.locks.AbstractQueuedSynchronizer$ConditionObject::await@15 (line 1737)
                      ; - java.awt.EventQueue::getNextEvent@52 (line 552)
                      ; - java.awt.EventDispatchThread::pumpOneEventForFilters@20 (line 190)
  0x000001c29031fc7c: e049 b0ff 

  0x000001c29031fc80: ;   {post_call_nop}
  0x000001c29031fc80: 0f1f 8400 | f82b 005f | 488b 7c24 | 2844 8b5c | 2440 4c8b | 4c24 488b | 4c24 2448 | 8bd0 e963 
  0x000001c29031fca0: f3ff ff48 | 897c 2420 | 488b ee48 | 8bd7 4c8d | 8424 b000 

  0x000001c29031fcb4: ;   {runtime_call C2 Runtime complete_monitor_locking}
  0x000001c29031fcb4: 0000 90e8 

  0x000001c29031fcb8: ; ImmutableOopMap {rbp=Oop [32]=Oop [40]=NarrowOop [48]=Oop [56]=Oop [72]=NarrowOop }
                      ;*monitorenter {reexecute=0 rethrow=0 return_oop=0}
                      ; - jdk.internal.logger.LazyLoggers$LazyLoggerAccessor::platform@14 (line 195)
                      ; - jdk.internal.logger.LazyLoggers$LazyLoggerWrapper::platformProxy@4 (line 332)
                      ; - jdk.internal.logger.AbstractLoggerWrapper::isLoggable@1 (line 122)
                      ; - sun.util.logging.PlatformLogger::isLoggable@17 (line 340)
                      ; - java.awt.EventDispatchThread::pumpOneEventForFilters@57 (line 199)
  0x000001c29031fcb8: 2454 b0ff 

  0x000001c29031fcbc: ;   {post_call_nop}
  0x000001c29031fcbc: 0f1f 8400 | 342c 0060 | 488b f548 | 8b7c 2420 | e92c ecff | ff48 8bcf | 488d 9424 | b000 0000 
  0x000001c29031fcdc: ;   {runtime_call}
  0x000001c29031fcdc: 4d8b c749 | ba20 a916 | 6bfd 7f00 | 0041 ffd2 

  0x000001c29031fcec: ;   {post_call_nop}
  0x000001c29031fcec: 0f1f 8400 | 0000 0000 | e9b3 ecff | ff48 8b74 | 2440 ba45 | ffff ff4c | 8b54 2430 | 4c89 5424 
  0x000001c29031fd0c: 2048 8974 

  0x000001c29031fd10: ;   {runtime_call UncommonTrapBlob}
  0x000001c29031fd10: 2430 90e8 

  0x000001c29031fd14: ; ImmutableOopMap {rbp=NarrowOop [32]=Oop [40]=NarrowOop [48]=Oop [72]=NarrowOop }
                      ;*ifnonnull {reexecute=1 rethrow=0 return_oop=0}
                      ; - (reexecute) jdk.internal.logger.AbstractLoggerWrapper::isLoggable@6 (line 123)
                      ; - sun.util.logging.PlatformLogger::isLoggable@17 (line 340)
                      ; - java.awt.EventDispatchThread::pumpOneEventForFilters@57 (line 199)
  0x000001c29031fd14: 48fe afff 

  0x000001c29031fd18: ;   {post_call_nop}
  0x000001c29031fd18: 0f1f 8400 | 902c 0061 | bade ffff | ff48 8b6c | 2430 448b | 5424 2844 | 8954 2420 | 448b 5c24 
  0x000001c29031fd38: 4845 8bd3 | 4489 5424 

  0x000001c29031fd40: ;   {runtime_call UncommonTrapBlob}
  0x000001c29031fd40: 2866 90e8 

  0x000001c29031fd44: ; ImmutableOopMap {rbp=Oop [32]=NarrowOop [40]=NarrowOop [72]=NarrowOop }
                      ;*invokevirtual consume {reexecute=0 rethrow=0 return_oop=0}
                      ; - java.awt.EventDispatchThread::pumpOneEventForFilters@44 (line 194)
  0x000001c29031fd44: 18fe afff 

  0x000001c29031fd48: ;   {post_call_nop}
  0x000001c29031fd48: 0f1f 8400 | c02c 0062 | baec ffff | ff4c 8b54 | 2430 4c89 | 5424 2048 | 8974 2430 | 4889 7c24 
  0x000001c29031fd68: ;   {runtime_call UncommonTrapBlob}
  0x000001c29031fd68: 4066 90e8 

  0x000001c29031fd6c: ; ImmutableOopMap {rbp=NarrowOop [32]=Oop [40]=NarrowOop [48]=Oop [64]=Oop [72]=NarrowOop }
                      ;*invokestatic getLogger {reexecute=0 rethrow=0 return_oop=0}
                      ; - jdk.internal.logger.LazyLoggers$LazyLoggerAccessor::platform@62 (line 206)
                      ; - jdk.internal.logger.LazyLoggers$LazyLoggerWrapper::platformProxy@4 (line 332)
                      ; - jdk.internal.logger.AbstractLoggerWrapper::isLoggable@1 (line 122)
                      ; - sun.util.logging.PlatformLogger::isLoggable@17 (line 340)
                      ; - java.awt.EventDispatchThread::pumpOneEventForFilters@57 (line 199)
  0x000001c29031fd6c: f0fd afff 

  0x000001c29031fd70: ;   {post_call_nop}
  0x000001c29031fd70: 0f1f 8400 | e82c 0063 | 488b cf48 | 8d94 24b0 | 0000 004d 

  0x000001c29031fd84: ;   {runtime_call}
  0x000001c29031fd84: 8bc7 49ba | 20a9 166b | fd7f 0000 

  0x000001c29031fd90: ;   {post_call_nop}
  0x000001c29031fd90: 41ff d20f | 1f84 0000 | 0000 00e9 | 56ef ffff | 498b d34c | 8d84 24b0 

  0x000001c29031fda8: ;   {runtime_call C2 Runtime complete_monitor_locking}
  0x000001c29031fda8: 0000 00e8 

  0x000001c29031fdac: ; ImmutableOopMap {rbp=Oop [32]=Oop [40]=NarrowOop [48]=Oop [56]=Oop [64]=Oop [72]=NarrowOop }
                      ;*monitorenter {reexecute=0 rethrow=0 return_oop=0}
                      ; - jdk.internal.logger.LazyLoggers$LazyLoggerAccessor::platform@69 (line 207)
                      ; - jdk.internal.logger.LazyLoggers$LazyLoggerWrapper::platformProxy@4 (line 332)
                      ; - jdk.internal.logger.AbstractLoggerWrapper::isLoggable@1 (line 122)
                      ; - sun.util.logging.PlatformLogger::isLoggable@17 (line 340)
                      ; - java.awt.EventDispatchThread::pumpOneEventForFilters@57 (line 199)
  0x000001c29031fdac: 3053 b0ff 

  0x000001c29031fdb0: ;   {post_call_nop}
  0x000001c29031fdb0: 0f1f 8400 | 282d 0064 | 4c8b dde9 | ddef ffff | 498b c948 | 8d94 24b0 | 0000 004d 

  0x000001c29031fdcc: ;   {runtime_call}
  0x000001c29031fdcc: 8bc7 49ba | 20a9 166b | fd7f 0000 

  0x000001c29031fdd8: ;   {post_call_nop}
  0x000001c29031fdd8: 41ff d20f | 1f84 0000 | 0000 00e9 | 7ff0 ffff | bade ffff | ff48 8b6c | 2430 448b | 4c24 4044 
  0x000001c29031fdf8: 894c 2424 | 448b 4c24 | 4844 8b5c | 244c 4489 | 4c24 3044 | 895c 2434 | 448b 4c24 | 4444 894c 
  0x000001c29031fe18: 2440 4489 | 4424 5044 | 8954 2454 

  0x000001c29031fe24: ;   {runtime_call UncommonTrapBlob}
  0x000001c29031fe24: 6666 90e8 

  0x000001c29031fe28: ; ImmutableOopMap {rbp=Oop [36]=NarrowOop [48]=NarrowOop [52]=NarrowOop [64]=NarrowOop [80]=NarrowOop [84]=NarrowOop [104]=NarrowOop [108]=NarrowOop }
                      ;*instanceof {reexecute=0 rethrow=0 return_oop=0}
                      ; - java.util.HashMap::removeNode@94 (line 830)
                      ; - java.util.HashMap::remove@9 (line 806)
                      ; - java.util.HashSet::remove@5 (line 246)
                      ; - sun.awt.AWTAutoShutdown::notifyThreadFree@24 (line 198)
                      ; - java.awt.EventQueue::getNextEvent@45 (line 551)
                      ; - java.awt.EventDispatchThread::pumpOneEventForFilters@20 (line 190)
  0x000001c29031fe28: 34fd afff 

  0x000001c29031fe2c: ;   {post_call_nop}
  0x000001c29031fe2c: 0f1f 8400 | a42d 0065 | 4c8b 9424 | 8000 0000 | 4c89 9424 | 8800 0000 | bade ffff | ff48 8b6c 
  0x000001c29031fe4c: 2430 448b | 5c24 4045 | 8bd3 4489 | 5424 2444 | 8b5c 2448 | 448b 5424 | 4c44 895c | 2430 4489 
  0x000001c29031fe6c: ;   {runtime_call UncommonTrapBlob}
  0x000001c29031fe6c: 5424 34e8 

  0x000001c29031fe70: ; ImmutableOopMap {rbp=Oop [36]=NarrowOop [48]=NarrowOop [52]=NarrowOop [76]=NarrowOop [104]=NarrowOop [108]=NarrowOop [128]=Oop [136]=Oop }
                      ;*instanceof {reexecute=0 rethrow=0 return_oop=0}
                      ; - java.util.HashMap::removeNode@208 (line 846)
                      ; - java.util.HashMap::remove@9 (line 806)
                      ; - java.util.HashSet::remove@5 (line 246)
                      ; - sun.awt.AWTAutoShutdown::notifyThreadFree@24 (line 198)
                      ; - java.awt.EventQueue::getNextEvent@45 (line 551)
                      ; - java.awt.EventDispatchThread::pumpOneEventForFilters@20 (line 190)
  0x000001c29031fe70: ecfc afff 

  0x000001c29031fe74: ;   {post_call_nop}
  0x000001c29031fe74: 0f1f 8400 | ec2d 0066 | bade ffff | ff48 8b6c | 2430 894c | 2424 4489 | 5c24 2c44 | 8954 2430 
  0x000001c29031fe94: ;   {runtime_call UncommonTrapBlob}
  0x000001c29031fe94: 6666 90e8 

  0x000001c29031fe98: ; ImmutableOopMap {rbp=Oop [36]=NarrowOop [44]=NarrowOop [48]=NarrowOop }
                      ;*instanceof {reexecute=0 rethrow=0 return_oop=0}
                      ; - java.awt.EventQueue::eventToCacheIndex@55 (line 508)
                      ; - java.awt.EventQueue::uncacheEQItem@4 (line 480)
                      ; - java.awt.EventQueue::getNextEventPrivate@60 (line 570)
                      ; - java.awt.EventQueue::getNextEvent@17 (line 547)
                      ; - java.awt.EventDispatchThread::pumpOneEventForFilters@20 (line 190)
  0x000001c29031fe98: c4fc afff 

  0x000001c29031fe9c: ;   {post_call_nop}
  0x000001c29031fe9c: 0f1f 8400 | 142e 0067 | 488b 6c24 | 3848 8bd0 

  0x000001c29031feac: ;   {runtime_call C2 Runtime rethrow}
  0x000001c29031feac: 6666 90e8 

  0x000001c29031feb0: ; ImmutableOopMap {rbp=Oop [48]=Oop [64]=NarrowOop [72]=Oop [80]=Oop }
                      ;*invokestatic managedBlock {reexecute=0 rethrow=0 return_oop=1}
                      ; - java.util.concurrent.locks.AbstractQueuedSynchronizer$ConditionObject::await@107 (line 1752)
                      ; - java.awt.EventQueue::getNextEvent@52 (line 552)
                      ; - java.awt.EventDispatchThread::pumpOneEventForFilters@20 (line 190)
  0x000001c29031feb0: 2ca5 b0ff 

  0x000001c29031feb4: ;   {post_call_nop}
  0x000001c29031feb4: 0f1f 8400 | 2c2e 0068 | 488b d048 | 8b6c 2430 

  0x000001c29031fec4: ;   {runtime_call C2 Runtime rethrow}
  0x000001c29031fec4: 6666 90e8 

  0x000001c29031fec8: ; ImmutableOopMap {rbp=Oop [48]=Oop }
                      ;*invokevirtual dispatchEvent {reexecute=0 rethrow=0 return_oop=1}
                      ; - java.awt.EventDispatchThread::pumpOneEventForFilters@81 (line 203)
  0x000001c29031fec8: 14a5 b0ff 

  0x000001c29031fecc: ;   {post_call_nop}
  0x000001c29031fecc: 0f1f 8400 | 442e 0069 | baf6 ffff | ff48 8b6c | 2430 4489 

  0x000001c29031fee0: ;   {runtime_call UncommonTrapBlob}
  0x000001c29031fee0: 5424 24e8 

  0x000001c29031fee4: ; ImmutableOopMap {rbp=Oop [36]=NarrowOop }
                      ;*getfield head {reexecute=1 rethrow=0 return_oop=0}
                      ; - (reexecute) java.awt.EventQueue::getNextEventPrivate@12 (line 564)
                      ; - java.awt.EventQueue::getNextEvent@17 (line 547)
                      ; - java.awt.EventDispatchThread::pumpOneEventForFilters@20 (line 190)
  0x000001c29031fee4: 78fc afff 

  0x000001c29031fee8: ;   {post_call_nop}
  0x000001c29031fee8: 0f1f 8400 | 602e 006a | baf6 ffff | ff48 8b6c | 2430 448b | 4424 2844 | 8944 2420 | 4489 5424 
  0x000001c29031ff08: 3044 8b54 | 2448 4489 | 5424 3844 | 8b54 244c | 4489 5424 

  0x000001c29031ff1c: ;   {runtime_call UncommonTrapBlob}
  0x000001c29031ff1c: 4066 90e8 

  0x000001c29031ff20: ; ImmutableOopMap {rbp=Oop [32]=NarrowOop [56]=NarrowOop [64]=NarrowOop [72]=NarrowOop [76]=NarrowOop }
                      ;*invokevirtual get {reexecute=0 rethrow=0 return_oop=0}
                      ; - java.awt.EventDispatchThread::filterAndCheckEvent@31 (line 168)
                      ; - java.awt.EventDispatchThread::pumpOneEventForFilters@35 (line 192)
  0x000001c29031ff20: 3cfc afff 

  0x000001c29031ff24: ;   {post_call_nop}
  0x000001c29031ff24: 0f1f 8400 | 9c2e 006b | baf6 ffff | ff48 8b6c | 2430 448b | 4424 2844 | 8944 2420 | 4489 5424 
  0x000001c29031ff44: 2444 8b5c | 2448 458b | d344 8954 | 2438 448b | 5c24 4c44 | 895c 2440 

  0x000001c29031ff5c: ;   {runtime_call UncommonTrapBlob}
  0x000001c29031ff5c: 6666 90e8 

  0x000001c29031ff60: ; ImmutableOopMap {rbp=Oop [32]=NarrowOop [56]=NarrowOop [64]=NarrowOop [72]=NarrowOop [76]=NarrowOop }
                      ;*aaload {reexecute=0 rethrow=0 return_oop=0}
                      ; - java.util.ArrayList::elementData@5 (line 412)
                      ; - java.util.ArrayList::get@11 (line 429)
                      ; - java.awt.EventDispatchThread::filterAndCheckEvent@31 (line 168)
                      ; - java.awt.EventDispatchThread::pumpOneEventForFilters@35 (line 192)
  0x000001c29031ff60: fcfb afff 

  0x000001c29031ff64: ;   {post_call_nop}
  0x000001c29031ff64: 0f1f 8400 | dc2e 006c | baf4 ffff | ff48 8b6c | 2430 448b | 5c24 2844 | 895c 2420 | 448b 5c24 
  0x000001c29031ff84: 4845 8bd3 | 4489 5424 | 3444 8b5c | 244c 4489 

  0x000001c29031ff94: ;   {runtime_call UncommonTrapBlob}
  0x000001c29031ff94: 5c24 3ce8 

  0x000001c29031ff98: ; ImmutableOopMap {rbp=Oop [32]=NarrowOop [52]=NarrowOop [60]=NarrowOop [72]=NarrowOop [76]=NarrowOop }
                      ;*checkcast {reexecute=0 rethrow=0 return_oop=0}
                      ; - java.awt.EventDispatchThread::filterAndCheckEvent@34 (line 168)
                      ; - java.awt.EventDispatchThread::pumpOneEventForFilters@35 (line 192)
  0x000001c29031ff98: c4fb afff 

  0x000001c29031ff9c: ;   {post_call_nop}
  0x000001c29031ff9c: 0f1f 8400 | 142f 006d | baf6 ffff | ff49 8be9 

  0x000001c29031ffac: ;   {runtime_call UncommonTrapBlob}
  0x000001c29031ffac: 6666 90e8 

  0x000001c29031ffb0: ; ImmutableOopMap {rbp=Oop }
                      ;*invokevirtual getNextEvent {reexecute=0 rethrow=0 return_oop=0}
                      ; - java.awt.EventDispatchThread::pumpOneEventForFilters@20 (line 190)
  0x000001c29031ffb0: acfb afff 

  0x000001c29031ffb4: ;   {post_call_nop}
  0x000001c29031ffb4: 0f1f 8400 | 2c2f 006e | baf6 ffff | ff48 8b6c 

  0x000001c29031ffc4: ;   {runtime_call UncommonTrapBlob}
  0x000001c29031ffc4: 2430 90e8 

  0x000001c29031ffc8: ; ImmutableOopMap {rbp=Oop [36]=NarrowOop }
                      ;*invokeinterface lock {reexecute=0 rethrow=0 return_oop=0}
                      ; - java.awt.EventQueue::getNextEvent@11 (line 545)
                      ; - java.awt.EventDispatchThread::pumpOneEventForFilters@20 (line 190)
  0x000001c29031ffc8: 94fb afff 

  0x000001c29031ffcc: ;   {post_call_nop}
  0x000001c29031ffcc: 0f1f 8400 | 442f 006f | baf6 ffff | ff48 8b6c | 2430 894c 

  0x000001c29031ffe0: ;   {runtime_call UncommonTrapBlob}
  0x000001c29031ffe0: 2424 90e8 

  0x000001c29031ffe4: ; ImmutableOopMap {rbp=Oop [36]=NarrowOop }
                      ;*invokevirtual getID {reexecute=0 rethrow=0 return_oop=0}
                      ; - java.awt.EventQueue::eventToCacheIndex@1 (line 498)
                      ; - java.awt.EventQueue::uncacheEQItem@4 (line 480)
                      ; - java.awt.EventQueue::getNextEventPrivate@60 (line 570)
                      ; - java.awt.EventQueue::getNextEvent@17 (line 547)
                      ; - java.awt.EventDispatchThread::pumpOneEventForFilters@20 (line 190)
  0x000001c29031ffe4: 78fb afff 

  0x000001c29031ffe8: ;   {post_call_nop}
  0x000001c29031ffe8: 0f1f 8400 | 602f 0070 | baf6 ffff | ff48 8b6c | 2430 894c | 2420 4489 

  0x000001c290320000: ;   {runtime_call UncommonTrapBlob}
  0x000001c290320000: 5424 24e8 

  0x000001c290320004: ; ImmutableOopMap {rbp=Oop [32]=NarrowOop [36]=NarrowOop }
                      ;*invokeinterface unlock {reexecute=0 rethrow=0 return_oop=0}
                      ; - java.awt.EventQueue::getNextEvent@31 (line 554)
                      ; - java.awt.EventDispatchThread::pumpOneEventForFilters@20 (line 190)
  0x000001c290320004: 58fb afff 

  0x000001c290320008: ;   {post_call_nop}
  0x000001c290320008: 0f1f 8400 | 802f 0071 | baf6 ffff | ff48 8b6c | 2430 894c | 2420 4489 

  0x000001c290320020: ;   {runtime_call UncommonTrapBlob}
  0x000001c290320020: 5424 24e8 

  0x000001c290320024: ; ImmutableOopMap {rbp=Oop [32]=NarrowOop [36]=NarrowOop }
                      ;*invokevirtual release {reexecute=0 rethrow=0 return_oop=0}
                      ; - java.util.concurrent.locks.ReentrantLock::unlock@5 (line 495)
                      ; - java.awt.EventQueue::getNextEvent@31 (line 554)
                      ; - java.awt.EventDispatchThread::pumpOneEventForFilters@20 (line 190)
  0x000001c290320024: 38fb afff 

  0x000001c290320028: ;   {post_call_nop}
  0x000001c290320028: 0f1f 8400 | a02f 0072 | baf6 ffff | ff48 8b6c | 2430 448b | 5424 2844 | 8954 2420 | 448b 5c24 
  0x000001c290320048: 4845 8bd3 | 4489 5424 | 3044 8b5c | 244c 4489 

  0x000001c290320058: ;   {runtime_call UncommonTrapBlob}
  0x000001c290320058: 5c24 38e8 

  0x000001c29032005c: ; ImmutableOopMap {rbp=Oop [32]=NarrowOop [48]=NarrowOop [56]=NarrowOop [72]=NarrowOop [76]=NarrowOop }
                      ;*invokevirtual size {reexecute=0 rethrow=0 return_oop=0}
                      ; - java.awt.EventDispatchThread::filterAndCheckEvent@13 (line 167)
                      ; - java.awt.EventDispatchThread::pumpOneEventForFilters@35 (line 192)
  0x000001c29032005c: 00fb afff 

  0x000001c290320060: ;   {post_call_nop}
  0x000001c290320060: 0f1f 8400 | d82f 0073 | baf6 ffff | ff48 8b6c 

  0x000001c290320070: ;   {runtime_call UncommonTrapBlob}
  0x000001c290320070: 2430 90e8 

  0x000001c290320074: ; ImmutableOopMap {rbp=Oop [40]=NarrowOop [72]=NarrowOop }
                      ;*invokeinterface isLoggable {reexecute=0 rethrow=0 return_oop=0}
                      ; - sun.util.logging.PlatformLogger::isLoggable@17 (line 340)
                      ; - java.awt.EventDispatchThread::pumpOneEventForFilters@57 (line 199)
  0x000001c290320074: e8fa afff 

  0x000001c290320078: ;   {post_call_nop}
  0x000001c290320078: 0f1f 8400 | f02f 0074 | baf6 ffff | ff48 8b6c 

  0x000001c290320088: ;   {runtime_call UncommonTrapBlob}
  0x000001c290320088: 2430 90e8 

  0x000001c29032008c: ; ImmutableOopMap {rbp=Oop [40]=NarrowOop [72]=NarrowOop }
                      ;*invokeinterface platform {reexecute=0 rethrow=0 return_oop=0}
                      ; - jdk.internal.logger.LazyLoggers$LazyLoggerWrapper::platformProxy@4 (line 332)
                      ; - jdk.internal.logger.AbstractLoggerWrapper::isLoggable@1 (line 122)
                      ; - sun.util.logging.PlatformLogger::isLoggable@17 (line 340)
                      ; - java.awt.EventDispatchThread::pumpOneEventForFilters@57 (line 199)
  0x000001c29032008c: d0fa afff 

  0x000001c290320090: ;   {post_call_nop}
  0x000001c290320090: 0f1f 8400 | 0830 0075 | baf6 ffff | ff48 8b6c | 2430 448b | 5c24 4045 | 8bd3 4489 | 5424 2444 
  0x000001c2903200b0: 8b5c 2448 | 4489 5c24 | 2844 8b54 | 244c 4489 

  0x000001c2903200c0: ;   {runtime_call UncommonTrapBlob}
  0x000001c2903200c0: 5424 2ce8 

  0x000001c2903200c4: ; ImmutableOopMap {rbp=Oop [36]=NarrowOop [40]=NarrowOop [44]=NarrowOop [64]=NarrowOop [68]=NarrowOop }
                      ;*invokeinterface remove {reexecute=0 rethrow=0 return_oop=0}
                      ; - sun.awt.AWTAutoShutdown::notifyThreadFree@24 (line 198)
                      ; - java.awt.EventQueue::getNextEvent@45 (line 551)
                      ; - java.awt.EventDispatchThread::pumpOneEventForFilters@20 (line 190)
  0x000001c2903200c4: 98fa afff 

  0x000001c2903200c8: ;   {post_call_nop}
  0x000001c2903200c8: 0f1f 8400 | 4030 0076 | baf6 ffff | ff48 8b6c | 2430 448b | 5c24 4045 | 8bd3 4489 | 5424 2444 
  0x000001c2903200e8: 8b5c 2448 | 448b 5424 | 4c44 895c | 2430 4489 

  0x000001c2903200f8: ;   {runtime_call UncommonTrapBlob}
  0x000001c2903200f8: 5424 34e8 

  0x000001c2903200fc: ; ImmutableOopMap {rbp=Oop [36]=NarrowOop [48]=NarrowOop [52]=NarrowOop [64]=NarrowOop [68]=NarrowOop [72]=NarrowOop [76]=NarrowOop }
                      ;*invokevirtual remove {reexecute=0 rethrow=0 return_oop=0}
                      ; - java.util.HashSet::remove@5 (line 246)
                      ; - sun.awt.AWTAutoShutdown::notifyThreadFree@24 (line 198)
                      ; - java.awt.EventQueue::getNextEvent@45 (line 551)
                      ; - java.awt.EventDispatchThread::pumpOneEventForFilters@20 (line 190)
  0x000001c2903200fc: 60fa afff 

  0x000001c290320100: ;   {post_call_nop}
  0x000001c290320100: 0f1f 8400 | 7830 0077 | baf6 ffff | ff48 8b6c | 2430 4489 

  0x000001c290320114: ;   {runtime_call UncommonTrapBlob}
  0x000001c290320114: 5c24 24e8 

  0x000001c290320118: ; ImmutableOopMap {rbp=Oop [36]=NarrowOop [64]=NarrowOop }
                      ;*invokeinterface await {reexecute=0 rethrow=0 return_oop=0}
                      ; - java.awt.EventQueue::getNextEvent@52 (line 552)
                      ; - java.awt.EventDispatchThread::pumpOneEventForFilters@20 (line 190)
  0x000001c290320118: 44fa afff 

  0x000001c29032011c: ;   {post_call_nop}
  0x000001c29032011c: 0f1f 8400 | 9430 0078 | baf6 ffff | ff48 8b6c | 2430 4489 | 5c24 244c | 894c 2428 | 4889 4424 
  0x000001c29032013c: ;   {runtime_call UncommonTrapBlob}
  0x000001c29032013c: 3066 90e8 

  0x000001c290320140: ; ImmutableOopMap {rbp=Oop [36]=NarrowOop [40]=Oop [48]=Oop }
                      ;*invokevirtual isHeldExclusively {reexecute=0 rethrow=0 return_oop=0}
                      ; - java.util.concurrent.locks.AbstractQueuedSynchronizer$ConditionObject::enableWait@4 (line 1605)
                      ; - java.util.concurrent.locks.AbstractQueuedSynchronizer$ConditionObject::await@26 (line 1740)
                      ; - java.awt.EventQueue::getNextEvent@52 (line 552)
                      ; - java.awt.EventDispatchThread::pumpOneEventForFilters@20 (line 190)
  0x000001c290320140: 1cfa afff 

  0x000001c290320144: ;   {post_call_nop}
  0x000001c290320144: 0f1f 8400 | bc30 0079 | baf6 ffff | ff48 8b6c | 2430 8b4c | 2440 894c | 2424 4c89 | 5c24 2848 
  0x000001c290320164: 8944 2430 | 4489 4c24 

  0x000001c29032016c: ;   {runtime_call UncommonTrapBlob}
  0x000001c29032016c: 3866 90e8 

  0x000001c290320170: ; ImmutableOopMap {rbp=Oop [36]=NarrowOop [40]=Oop [48]=Oop [64]=NarrowOop }
                      ;*invokevirtual release {reexecute=0 rethrow=0 return_oop=0}
                      ; - java.util.concurrent.locks.AbstractQueuedSynchronizer$ConditionObject::enableWait@62 (line 1615)
                      ; - java.util.concurrent.locks.AbstractQueuedSynchronizer$ConditionObject::await@26 (line 1740)
                      ; - java.awt.EventQueue::getNextEvent@52 (line 552)
                      ; - java.awt.EventDispatchThread::pumpOneEventForFilters@20 (line 190)
  0x000001c290320170: ecf9 afff 

  0x000001c290320174: ;   {post_call_nop}
  0x000001c290320174: 0f1f 8400 | ec30 007a | baf6 ffff | ff48 8b6c | 2430 4489 

  0x000001c290320188: ;   {runtime_call UncommonTrapBlob}
  0x000001c290320188: 4c24 24e8 

  0x000001c29032018c: ; ImmutableOopMap {rbp=Oop [36]=NarrowOop [64]=NarrowOop }
                      ;*invokeinterface unlock {reexecute=0 rethrow=0 return_oop=0}
                      ; - java.awt.EventQueue::getNextEvent@61 (line 554)
                      ; - java.awt.EventDispatchThread::pumpOneEventForFilters@20 (line 190)
  0x000001c29032018c: d0f9 afff 

  0x000001c290320190: ;   {post_call_nop}
  0x000001c290320190: 0f1f 8400 | 0831 007b | baf6 ffff | ff48 8b6c | 2430 4489 

  0x000001c2903201a4: ;   {runtime_call UncommonTrapBlob}
  0x000001c2903201a4: 4c24 24e8 

  0x000001c2903201a8: ; ImmutableOopMap {rbp=Oop [36]=NarrowOop [64]=NarrowOop }
                      ;*invokevirtual release {reexecute=0 rethrow=0 return_oop=0}
                      ; - java.util.concurrent.locks.ReentrantLock::unlock@5 (line 495)
                      ; - java.awt.EventQueue::getNextEvent@61 (line 554)
                      ; - java.awt.EventDispatchThread::pumpOneEventForFilters@20 (line 190)
  0x000001c2903201a8: b4f9 afff 

  0x000001c2903201ac: ;   {post_call_nop}
  0x000001c2903201ac: 0f1f 8400 | 2431 007c | baf6 ffff | ff48 8b6c 

  0x000001c2903201bc: ;   {runtime_call UncommonTrapBlob}
  0x000001c2903201bc: 2430 90e8 

  0x000001c2903201c0: ; ImmutableOopMap {rbp=Oop [36]=NarrowOop }
                      ;*invokeinterface lock {reexecute=0 rethrow=0 return_oop=0}
                      ; - java.awt.EventQueue::getNextEvent@11 (line 545)
                      ; - java.awt.EventDispatchThread::pumpOneEventForFilters@20 (line 190)
  0x000001c2903201c0: 9cf9 afff 

  0x000001c2903201c4: ;   {post_call_nop}
  0x000001c2903201c4: 0f1f 8400 | 3c31 007d | baf6 ffff | ff48 8b6c | 2430 448b | 5424 4044 | 8954 2424 | 448b 5424 
  0x000001c2903201e4: 4844 8b5c | 244c 4489 | 5424 3044 | 895c 2434 

  0x000001c2903201f4: ;   {runtime_call UncommonTrapBlob}
  0x000001c2903201f4: 6666 90e8 

  0x000001c2903201f8: ; ImmutableOopMap {rbp=Oop [36]=NarrowOop [48]=NarrowOop [52]=NarrowOop [64]=NarrowOop [72]=NarrowOop [76]=NarrowOop }
                      ;*invokeinterface isEmpty {reexecute=0 rethrow=0 return_oop=0}
                      ; - sun.awt.AWTAutoShutdown::isReadyToShutdown@11 (line 236)
                      ; - sun.awt.AWTAutoShutdown::notifyThreadFree@31 (line 199)
                      ; - java.awt.EventQueue::getNextEvent@45 (line 551)
                      ; - java.awt.EventDispatchThread::pumpOneEventForFilters@20 (line 190)
  0x000001c2903201f8: 64f9 afff 

  0x000001c2903201fc: ;   {post_call_nop}
  0x000001c2903201fc: 0f1f 8400 | 7431 007e | baf4 ffff | ff48 8b6c | 2430 894c | 2424 4489 | 5c24 2c44 | 894c 2430 
  0x000001c29032021c: ;   {runtime_call UncommonTrapBlob}
  0x000001c29032021c: 6666 90e8 

  0x000001c290320220: ; ImmutableOopMap {rbp=Oop [36]=NarrowOop [44]=NarrowOop }
                      ;*instanceof {reexecute=0 rethrow=0 return_oop=0}
                      ; - java.awt.EventQueue::uncacheEQItem@20 (line 481)
                      ; - java.awt.EventQueue::getNextEventPrivate@60 (line 570)
                      ; - java.awt.EventQueue::getNextEvent@17 (line 547)
                      ; - java.awt.EventDispatchThread::pumpOneEventForFilters@20 (line 190)
  0x000001c290320220: 3cf9 afff 

  0x000001c290320224: ;   {post_call_nop}
  0x000001c290320224: 0f1f 8400 | 9c31 007f | ba45 ffff | ff48 8b6c | 2430 448b | 5c24 4045 | 8bd3 4489 | 5424 2444 
  0x000001c290320244: 8b5c 2448 | 448b 5424 | 4c44 895c | 2430 4489 | 5424 3444 | 8b5c 246c | 458b d344 | 8954 243c 
  0x000001c290320264: ;   {runtime_call UncommonTrapBlob}
  0x000001c290320264: 6666 90e8 

  0x000001c290320268: ; ImmutableOopMap {rbp=Oop [36]=NarrowOop [48]=NarrowOop [52]=NarrowOop [60]=NarrowOop [64]=NarrowOop [72]=NarrowOop [76]=NarrowOop [108]=NarrowOop }
                      ;*ifnull {reexecute=1 rethrow=0 return_oop=0}
                      ; - (reexecute) java.util.HashMap::removeNode@7 (line 823)
                      ; - java.util.HashMap::remove@9 (line 806)
                      ; - java.util.HashSet::remove@5 (line 246)
                      ; - sun.awt.AWTAutoShutdown::notifyThreadFree@24 (line 198)
                      ; - java.awt.EventQueue::getNextEvent@45 (line 551)
                      ; - java.awt.EventDispatchThread::pumpOneEventForFilters@20 (line 190)
  0x000001c290320268: f4f8 afff 

  0x000001c29032026c: ;   {post_call_nop}
  0x000001c29032026c: 0f1f 8400 | e431 0080 | ba45 ffff | ff48 8b6c | 2430 448b | 5c24 4044 | 895c 2424 | 448b 5c24 
  0x000001c29032028c: 4844 8b44 | 244c 4489 | 5c24 3044 | 8944 2434 | 4489 5424 

  0x000001c2903202a0: ;   {runtime_call UncommonTrapBlob}
  0x000001c2903202a0: 3c66 90e8 

  0x000001c2903202a4: ; ImmutableOopMap {rbp=Oop [36]=NarrowOop [48]=NarrowOop [52]=NarrowOop [60]=NarrowOop [64]=NarrowOop [72]=NarrowOop [76]=NarrowOop }
                      ;*ifnull {reexecute=1 rethrow=0 return_oop=0}
                      ; - (reexecute) java.util.HashMap::removeNode@34 (line 823)
                      ; - java.util.HashMap::remove@9 (line 806)
                      ; - java.util.HashSet::remove@5 (line 246)
                      ; - sun.awt.AWTAutoShutdown::notifyThreadFree@24 (line 198)
                      ; - java.awt.EventQueue::getNextEvent@45 (line 551)
                      ; - java.awt.EventDispatchThread::pumpOneEventForFilters@20 (line 190)
  0x000001c2903202a4: b8f8 afff 

  0x000001c2903202a8: ;   {post_call_nop}
  0x000001c2903202a8: 0f1f 8400 | 2032 0081 | ba45 ffff | ff4c 8b54 | 2430 4c89 | 5424 2089 | 4c24 2c44 | 895c 2430 
  0x000001c2903202c8: ;   {runtime_call UncommonTrapBlob}
  0x000001c2903202c8: 6666 90e8 

  0x000001c2903202cc: ; ImmutableOopMap {rbp=NarrowOop [32]=Oop [44]=NarrowOop [48]=NarrowOop }
                      ;*ifnonnull {reexecute=1 rethrow=0 return_oop=0}
                      ; - (reexecute) java.awt.EventQueue::uncacheEQItem@41 (line 483)
                      ; - java.awt.EventQueue::getNextEventPrivate@60 (line 570)
                      ; - java.awt.EventQueue::getNextEvent@17 (line 547)
                      ; - java.awt.EventDispatchThread::pumpOneEventForFilters@20 (line 190)
  0x000001c2903202cc: 90f8 afff 

  0x000001c2903202d0: ;   {post_call_nop}
  0x000001c2903202d0: 0f1f 8400 | 4832 0082 | eb02 eb05 | 488b d0eb | 1b48 8bd0 | eb16 eb02 | eb05 488b | d0eb 0d48 
  0x000001c2903202f0: 8bd0 eb08 | 488b d0eb | 0348 8bd0 | 488b 6c24 

  0x000001c290320300: ;   {runtime_call C2 Runtime rethrow}
  0x000001c290320300: 3866 90e8 

  0x000001c290320304: ; ImmutableOopMap {rbp=Oop [48]=Oop }
                      ;*invokevirtual getNextEvent {reexecute=0 rethrow=0 return_oop=1}
                      ; - java.awt.EventDispatchThread::pumpOneEventForFilters@20 (line 190)
  0x000001c290320304: d8a0 b0ff 

  0x000001c290320308: ;   {post_call_nop}
  0x000001c290320308: 0f1f 8400 | 8032 0083 | baf6 ffff | ff48 8b6c | 2430 448b | 5424 2844 | 8954 2420 | 448b 5424 
  0x000001c290320328: 4844 8954 | 2434 448b | 5424 4c44 | 8954 243c 

  0x000001c290320338: ;   {runtime_call UncommonTrapBlob}
  0x000001c290320338: 6666 90e8 

  0x000001c29032033c: ; ImmutableOopMap {rbp=Oop [32]=NarrowOop [52]=NarrowOop [60]=NarrowOop [72]=NarrowOop [76]=NarrowOop }
                      ;*invokevirtual isVisible {reexecute=0 rethrow=0 return_oop=0}
                      ; - java.awt.ModalEventFilter::acceptEvent@11 (line 46)
                      ; - java.awt.EventDispatchThread::filterAndCheckEvent@42 (line 169)
                      ; - java.awt.EventDispatchThread::pumpOneEventForFilters@35 (line 192)
  0x000001c29032033c: 20f8 afff 

  0x000001c290320340: ;   {post_call_nop}
  0x000001c290320340: 0f1f 8400 | b832 0084 | 488b e8eb | 0348 8be8 | ba95 ffff | ff4c 8b54 | 2430 4c89 | 5424 2044 
  0x000001c290320360: 8b54 2440 | 4489 5424 | 2c44 8b54 | 2448 448b | 5c24 4c44 | 8954 2438 | 4489 5c24 

  0x000001c29032037c: ;   {runtime_call UncommonTrapBlob}
  0x000001c29032037c: 3c66 90e8 

  0x000001c290320380: ; ImmutableOopMap {rbp=Oop [32]=Oop [44]=NarrowOop [56]=NarrowOop [60]=NarrowOop [64]=NarrowOop [72]=NarrowOop [76]=NarrowOop }
                      ;*astore {reexecute=0 rethrow=0 return_oop=0}
                      ; - sun.awt.AWTAutoShutdown::notifyThreadFree@54 (line 203)
                      ; - java.awt.EventQueue::getNextEvent@45 (line 551)
                      ; - java.awt.EventDispatchThread::pumpOneEventForFilters@20 (line 190)
  0x000001c290320380: dcf7 afff 

  0x000001c290320384: ;   {post_call_nop}
  0x000001c290320384: 0f1f 8400 | fc32 0085 | 488b 6c24 | 3044 8b54 | 2428 4489 | 5424 204c | 894c 2430 | 448b 5424 
  0x000001c2903203a4: 4844 8954 | 243c 448b | 5424 4c44 | 8954 2444 | baf4 ffff 

  0x000001c2903203b8: ;   {runtime_call UncommonTrapBlob}
  0x000001c2903203b8: ff66 90e8 

  0x000001c2903203bc: ; ImmutableOopMap {rbp=Oop [32]=NarrowOop [48]=Oop [60]=NarrowOop [68]=NarrowOop [72]=NarrowOop [76]=NarrowOop }
                      ;*instanceof {reexecute=0 rethrow=0 return_oop=0}
                      ; - java.awt.ModalEventFilter::acceptEvent@67 (line 57)
                      ; - java.awt.EventDispatchThread::filterAndCheckEvent@42 (line 169)
                      ; - java.awt.EventDispatchThread::pumpOneEventForFilters@35 (line 192)
  0x000001c2903203bc: a0f7 afff 

  0x000001c2903203c0: ;   {post_call_nop}
  0x000001c2903203c0: 0f1f 8400 | 3833 0086 | 488b 6c24 | 3848 8bd0 

  0x000001c2903203d0: ;   {runtime_call C2 Runtime rethrow}
  0x000001c2903203d0: 6666 90e8 

  0x000001c2903203d4: ; ImmutableOopMap {rbp=Oop [48]=Oop [72]=NarrowOop }
                      ;*invokevirtual isLoggable {reexecute=0 rethrow=0 return_oop=1}
                      ; - java.awt.EventDispatchThread::pumpOneEventForFilters@57 (line 199)
  0x000001c2903203d4: 08a0 b0ff 

  0x000001c2903203d8: ;   {post_call_nop}
  0x000001c2903203d8: 0f1f 8400 | 5033 0087 | ba95 ffff | ff44 8b5c | 2428 4489 | 5c24 2044 | 8b5c 244c | 4889 4424 
  0x000001c2903203f8: 3044 895c 

  0x000001c2903203fc: ;   {runtime_call UncommonTrapBlob}
  0x000001c2903203fc: 242c 90e8 

  0x000001c290320400: ; ImmutableOopMap {rbp=Oop [32]=NarrowOop [44]=NarrowOop [48]=Oop [72]=NarrowOop [76]=NarrowOop }
                      ;*astore {reexecute=0 rethrow=0 return_oop=0}
                      ; - java.awt.EventDispatchThread::filterAndCheckEvent@84 (line 177)
                      ; - java.awt.EventDispatchThread::pumpOneEventForFilters@35 (line 192)
  0x000001c290320400: 5cf7 afff 

  0x000001c290320404: ;   {post_call_nop}
  0x000001c290320404: 0f1f 8400 | 7c33 0088 | ba95 ffff | ff44 8b44 | 2428 4489 | 4424 204c | 8b5c 2440 | 4c89 5c24 
  0x000001c290320424: 284c 8b5c | 2450 4889 | 4424 384c | 895c 2440 

  0x000001c290320434: ;   {runtime_call UncommonTrapBlob}
  0x000001c290320434: 6666 90e8 

  0x000001c290320438: ; ImmutableOopMap {rbp=Oop [32]=NarrowOop [40]=Oop [56]=Oop [64]=Oop [72]=NarrowOop [80]=Oop }
                      ;*astore_3 {reexecute=0 rethrow=0 return_oop=0}
                      ; - jdk.internal.logger.LazyLoggers$LazyLoggerAccessor::platform@52 (line 200)
                      ; - jdk.internal.logger.LazyLoggers$LazyLoggerWrapper::platformProxy@4 (line 332)
                      ; - jdk.internal.logger.AbstractLoggerWrapper::isLoggable@1 (line 122)
                      ; - sun.util.logging.PlatformLogger::isLoggable@17 (line 340)
                      ; - java.awt.EventDispatchThread::pumpOneEventForFilters@57 (line 199)
  0x000001c290320438: 24f7 afff 

  0x000001c29032043c: ;   {post_call_nop}
  0x000001c29032043c: 0f1f 8400 | b433 0089 | baad ffff | ff48 8b6c | 2430 4889 

  0x000001c290320450: ;   {runtime_call UncommonTrapBlob}
  0x000001c290320450: 4424 20e8 

  0x000001c290320454: ; ImmutableOopMap {rbp=Oop [32]=Oop }
                      ;*astore {reexecute=0 rethrow=0 return_oop=0}
                      ; - java.awt.EventDispatchThread::pumpOneEventForFilters@87 (line 205)
  0x000001c290320454: 08f7 afff 

  0x000001c290320458: ;   {post_call_nop}
  0x000001c290320458: 0f1f 8400 | d033 008a | 488b e8eb | 0348 8be8 | ba95 ffff | ff4c 8b54 | 2430 4c89 | 5424 204c 
  0x000001c290320478: 8b54 2440 | 4c89 5424 | 304c 8b54 | 2450 4c89 

  0x000001c290320488: ;   {runtime_call UncommonTrapBlob}
  0x000001c290320488: 5424 40e8 

  0x000001c29032048c: ; ImmutableOopMap {rbp=Oop [32]=Oop [40]=NarrowOop [48]=Oop [64]=Oop [72]=NarrowOop [80]=Oop }
                      ;*astore {reexecute=0 rethrow=0 return_oop=0}
                      ; - jdk.internal.logger.LazyLoggers$LazyLoggerAccessor::platform@100 (line 212)
                      ; - jdk.internal.logger.LazyLoggers$LazyLoggerWrapper::platformProxy@4 (line 332)
                      ; - jdk.internal.logger.AbstractLoggerWrapper::isLoggable@1 (line 122)
                      ; - sun.util.logging.PlatformLogger::isLoggable@17 (line 340)
                      ; - java.awt.EventDispatchThread::pumpOneEventForFilters@57 (line 199)
  0x000001c29032048c: d0f6 afff 

  0x000001c290320490: ;   {post_call_nop}
  0x000001c290320490: 0f1f 8400 | 0834 008b | baad ffff | ff48 8b6c | 2430 448b | 4424 4045 | 8bd8 4489 | 5c24 2444 
  0x000001c2903204b0: 8b44 2444 | 4489 4424 | 3848 8944 

  0x000001c2903204bc: ;   {runtime_call UncommonTrapBlob}
  0x000001c2903204bc: 2440 90e8 

  0x000001c2903204c0: ; ImmutableOopMap {rbp=Oop [36]=NarrowOop [64]=Oop [72]=Oop [80]=Oop }
                      ;*astore {reexecute=0 rethrow=0 return_oop=0}
                      ; - java.util.concurrent.locks.AbstractQueuedSynchronizer$ConditionObject::await@113 (line 1753)
                      ; - java.awt.EventQueue::getNextEvent@52 (line 552)
                      ; - java.awt.EventDispatchThread::pumpOneEventForFilters@20 (line 190)
  0x000001c2903204c0: 9cf6 afff 

  0x000001c2903204c4: ;   {post_call_nop}
  0x000001c2903204c4: 0f1f 8400 | 3c34 008c | baad ffff | ff48 8b6c | 2430 448b | 5c24 4044 | 895c 2424 | 448b 5c24 
  0x000001c2903204e4: 4444 895c | 2438 4889 

  0x000001c2903204ec: ;   {runtime_call UncommonTrapBlob}
  0x000001c2903204ec: 4424 40e8 

  0x000001c2903204f0: ; ImmutableOopMap {rbp=Oop [36]=NarrowOop [64]=Oop [72]=Oop [80]=Oop }
                      ;*astore {reexecute=0 rethrow=0 return_oop=0}
                      ; - java.util.concurrent.locks.AbstractQueuedSynchronizer$ConditionObject::await@121 (line 1755)
                      ; - java.awt.EventQueue::getNextEvent@52 (line 552)
                      ; - java.awt.EventDispatchThread::pumpOneEventForFilters@20 (line 190)
  0x000001c2903204f0: 6cf6 afff 

  0x000001c2903204f4: ;   {post_call_nop}
  0x000001c2903204f4: 0f1f 8400 | 6c34 008d | baad ffff | ff48 8944 

  0x000001c290320504: ;   {runtime_call UncommonTrapBlob}
  0x000001c290320504: 2420 90e8 

  0x000001c290320508: ; ImmutableOopMap {rbp=Oop [32]=Oop }
                      ;*astore {reexecute=0 rethrow=0 return_oop=0}
                      ; - java.awt.EventDispatchThread::pumpOneEventForFilters@87 (line 205)
  0x000001c290320508: 54f6 afff 

  0x000001c29032050c: ;   {post_call_nop}
  0x000001c29032050c: 0f1f 8400 | 8434 008e | 448b 5808 

  0x000001c290320518: ;   {metadata('java/lang/OutOfMemoryError')}
  0x000001c290320518: 4181 fb48 | 131e 0075 | 7748 8be8 | ba95 ffff | ff4c 8b54 | 2430 4c89 | 5424 2044 | 8b5c 2440 
  0x000001c290320538: 4489 5c24 | 2c4c 8b54 | 2448 4c89 

  0x000001c290320544: ;   {runtime_call UncommonTrapBlob}
  0x000001c290320544: 5424 38e8 

  0x000001c290320548: ; ImmutableOopMap {rbp=Oop [32]=Oop [44]=NarrowOop [56]=Oop [64]=NarrowOop [72]=Oop }
                      ;*astore_3 {reexecute=0 rethrow=0 return_oop=0}
                      ; - java.util.concurrent.locks.AbstractQueuedSynchronizer::tryInitializeHead@41 (line 593)
                      ; - java.util.concurrent.locks.AbstractQueuedSynchronizer$ConditionObject::newConditionNode@4 (line 1665)
                      ; - java.util.concurrent.locks.AbstractQueuedSynchronizer$ConditionObject::await@15 (line 1737)
                      ; - java.awt.EventQueue::getNextEvent@52 (line 552)
                      ; - java.awt.EventDispatchThread::pumpOneEventForFilters@20 (line 190)
  0x000001c290320548: 14f6 afff 

  0x000001c29032054c: ;   {post_call_nop}
  0x000001c29032054c: 0f1f 8400 | c434 008f | 448b 5808 

  0x000001c290320558: ;   {metadata('java/lang/OutOfMemoryError')}
  0x000001c290320558: 4181 fb48 | 131e 0075 | 3748 8be8 | ba95 ffff | ff4c 8b54 | 2430 4c89 | 5424 2044 | 8b54 2440 
  0x000001c290320578: 458b da44 | 895c 242c | 4c8b 5424 | 484c 8954 

  0x000001c290320588: ;   {runtime_call UncommonTrapBlob}
  0x000001c290320588: 2438 90e8 

  0x000001c29032058c: ; ImmutableOopMap {rbp=Oop [32]=Oop [44]=NarrowOop [56]=Oop [64]=NarrowOop [72]=Oop }
                      ;*astore_2 {reexecute=0 rethrow=0 return_oop=0}
                      ; - java.util.concurrent.locks.AbstractQueuedSynchronizer$ConditionObject::newConditionNode@18 (line 1668)
                      ; - java.util.concurrent.locks.AbstractQueuedSynchronizer$ConditionObject::await@15 (line 1737)
                      ; - java.awt.EventQueue::getNextEvent@52 (line 552)
                      ; - java.awt.EventDispatchThread::pumpOneEventForFilters@20 (line 190)
  0x000001c29032058c: d0f5 afff 

  0x000001c290320590: ;   {post_call_nop}
  0x000001c290320590: 0f1f 8400 | 0835 0090 | 488b e8eb | 4248 8be8 | eb3d eb00 | 488b e8eb | 3644 8b40 

  0x000001c2903205ac: ;   {metadata('java/lang/Error')}
  0x000001c2903205ac: 0849 bbd0 | e61d 1f00 | 0000 0041 | b900 0000 | 1f4d 03c8 | 4d8b 4140 | 4d3b c374 | 2b4d 8b59 
  0x000001c2903205cc: ;   {metadata('java/lang/RuntimeException')}
  0x000001c2903205cc: 4849 b8d0 | bb1d 1f00 | 0000 004d | 3bd8 7418 | 488b e8ba | 95ff ffff 

  0x000001c2903205e4: ;   {runtime_call UncommonTrapBlob}
  0x000001c2903205e4: 6666 90e8 

  0x000001c2903205e8: ; ImmutableOopMap {rbp=Oop [48]=Oop [64]=NarrowOop }
                      ;*astore_3 {reexecute=0 rethrow=0 return_oop=0}
                      ; - java.awt.EventQueue::getNextEvent@69 (line 554)
                      ; - java.awt.EventDispatchThread::pumpOneEventForFilters@20 (line 190)
  0x000001c2903205e8: 74f5 afff 

  0x000001c2903205ec: ;   {post_call_nop}
  0x000001c2903205ec: 0f1f 8400 | 6435 0091 | ba95 ffff | ff4c 8b5c | 2430 4c89 | 5c24 2044 | 8b5c 2440 | 4489 5c24 
  0x000001c29032060c: 2c4c 8b5c | 2448 4c89 | 5c24 304c | 8b5c 2450 | 4c89 5c24 | 4048 8944 

  0x000001c290320624: ;   {runtime_call UncommonTrapBlob}
  0x000001c290320624: 2450 90e8 

  0x000001c290320628: ; ImmutableOopMap {rbp=NarrowOop [32]=Oop [44]=NarrowOop [48]=Oop [64]=Oop [80]=Oop }
                      ;*astore_3 {reexecute=0 rethrow=0 return_oop=0}
                      ; - java.util.concurrent.locks.AbstractQueuedSynchronizer::reacquire@14 (line 669)
                      ; - java.util.concurrent.locks.AbstractQueuedSynchronizer$ConditionObject::await@148 (line 1763)
                      ; - java.awt.EventQueue::getNextEvent@52 (line 552)
                      ; - java.awt.EventDispatchThread::pumpOneEventForFilters@20 (line 190)
  0x000001c290320628: 34f5 afff 

  0x000001c29032062c: ;   {post_call_nop}
  0x000001c29032062c: 0f1f 8400 | a435 0092 | 488b d0eb | 0848 8bd0 | eb03 488b | d048 81c4 | d000 0000 

  0x000001c290320648: ;   {runtime_call C2 Runtime rethrow}
  0x000001c290320648: 5de9 929d | b0ff baad | ffff ff48 | 8b6c 2430 | 4889 4424 

  0x000001c29032065c: ;   {runtime_call UncommonTrapBlob}
  0x000001c29032065c: 2066 90e8 

  0x000001c290320660: ; ImmutableOopMap {rbp=Oop [32]=Oop }
                      ;*astore {reexecute=0 rethrow=0 return_oop=0}
                      ; - java.awt.EventDispatchThread::pumpOneEventForFilters@87 (line 205)
  0x000001c290320660: fcf4 afff 

  0x000001c290320664: ;   {post_call_nop}
  0x000001c290320664: 0f1f 8400 | dc35 0093 | 488b e8eb | 0848 8be8 | eb03 488b | e8ba 95ff 

  0x000001c29032067c: ;   {runtime_call UncommonTrapBlob}
  0x000001c29032067c: ffff 90e8 

  0x000001c290320680: ; ImmutableOopMap {rbp=Oop [48]=Oop }
                      ;*astore {reexecute=0 rethrow=0 return_oop=0}
                      ; - java.awt.EventDispatchThread::pumpOneEventForFilters@97 (line 209)
  0x000001c290320680: dcf4 afff 

  0x000001c290320684: ;   {post_call_nop}
  0x000001c290320684: 0f1f 8400 | fc35 0094 | 418b 1b48 | c1e3 0348 | 83fb 000f | 84e1 ccff | ff49 8b4f | 3848 85c9 
  0x000001c2903206a4: 0f84 1400 | 0000 4883 | e908 4989 | 4f38 4903 | 4f40 4889 | 19e9 c0cc | ffff 4883 | ec40 4c89 
  0x000001c2903206c4: 5424 384c | 895c 2430 | 4c89 4c24 | 2848 8bcb 

  0x000001c2903206d4: ;   {runtime_call}
  0x000001c2903206d4: 498b d748 | b820 77d0 | 6afd 7f00 | 00ff d04c | 8b4c 2428 | 4c8b 5c24 | 304c 8b54 | 2438 c5f8 
  0x000001c2903206f4: 7748 83c4 | 40e9 80cc | ffff f083 | 4424 c000 | 8039 000f | 84a8 ccff | ffc6 0100 | 498b 5f50 
  0x000001c290320714: 4885 db0f | 8414 0000 | 0048 83eb | 0849 895f | 5049 035f | 5848 890b | e984 ccff | ff48 83ec 
  0x000001c290320734: 304c 8954 | 2428 4c89 | 4c24 2049 

  0x000001c290320740: ;   {runtime_call}
  0x000001c290320740: 8bd7 48b8 | 0077 d06a | fd7f 0000 | ffd0 4c8b | 4c24 204c | 8b54 2428 | c5f8 7748 | 83c4 30e9 
  0x000001c290320760: 51cc ffff | 8b3a 48c1 | e703 4883 | ff00 0f84 | 6dcc ffff | 4d8b 4738 | 4d85 c00f | 8414 0000 
  0x000001c290320780: 0049 83e8 | 084d 8947 | 384d 0347 | 4049 8938 | e94c ccff | ff48 83ec | 504c 8954 | 2448 4c89 
  0x000001c2903207a0: 5c24 404c | 894c 2438 | 4889 4c24 | 3048 8954 | 2428 488b | cf49 8bd7 

  0x000001c2903207b8: ;   {runtime_call}
  0x000001c2903207b8: 48b8 2077 | d06a fd7f | 0000 ffd0 | 488b 5424 | 2848 8b4c | 2430 4c8b | 4c24 384c | 8b5c 2440 
  0x000001c2903207d8: 4c8b 5424 | 48c5 f877 | 4883 c450 | e9f8 cbff | ff45 8b18 | 49c1 e303 | 4983 fb00 | 0f84 8acc 
  0x000001c2903207f8: ffff 498b | 4f38 4885 | c90f 8414 | 0000 0048 | 83e9 0849 | 894f 3849 | 034f 404c | 8919 e969 
  0x000001c290320818: ccff ff48 | 83ec 504c | 8954 2448 | 4c89 4424 | 404c 894c | 2438 4889 | 7c24 3048 | 8974 2428 
  0x000001c290320838: 498b cb49 

  0x000001c29032083c: ;   {runtime_call}
  0x000001c29032083c: 8bd7 48b8 | 2077 d06a | fd7f 0000 | ffd0 488b | 7424 2848 | 8b7c 2430 | 4c8b 4c24 | 384c 8b44 
  0x000001c29032085c: 2440 4c8b | 5424 48c5 | f877 4883 | c450 e915 | ccff ff44 | 8b19 49c1 | e303 4983 | fb00 0f84 
  0x000001c29032087c: becc ffff | 498b 5f38 | 4885 db0f | 8414 0000 | 0048 83eb | 0849 895f | 3849 035f | 404c 891b 
  0x000001c29032089c: e99d ccff | ff48 83ec | 404c 8954 | 2438 4c89 | 4c24 3048 | 894c 2428 | 498b cb49 

  0x000001c2903208b8: ;   {runtime_call}
  0x000001c2903208b8: 8bd7 48b8 | 2077 d06a | fd7f 0000 | ffd0 488b | 4c24 284c | 8b4c 2430 | 4c8b 5424 | 38c5 f877 
  0x000001c2903208d8: 4883 c440 | e95d ccff | fff0 8344 | 24c0 0080 | 3b00 0f84 | 85cc ffff | c603 004d | 8b5f 504d 
  0x000001c2903208f8: 85db 0f84 | 1400 0000 | 4983 eb08 | 4d89 5f50 | 4d03 5f58 | 4989 1be9 | 61cc ffff | 4883 ec30 
  0x000001c290320918: 4c89 5424 | 284c 894c | 2420 488b | cb49 8bd7 

  0x000001c290320928: ;   {runtime_call}
  0x000001c290320928: 48b8 0077 | d06a fd7f | 0000 ffd0 | 4c8b 4c24 | 204c 8b54 | 2428 c5f8 | 7748 83c4 | 30e9 2bcc 
  0x000001c290320948: ffff 458b | 0b49 c1e1 | 0349 83f9 | 000f 8436 | cfff ff4d | 8b47 384d | 85c0 0f84 | 1400 0000 
  0x000001c290320968: 4983 e808 | 4d89 4738 | 4d03 4740 | 4d89 08e9 | 15cf ffff | 4883 ec30 | 4c89 5424 | 284c 895c 
  0x000001c290320988: 2420 498b | c949 8bd7 

  0x000001c290320990: ;   {runtime_call}
  0x000001c290320990: 48b8 2077 | d06a fd7f | 0000 ffd0 | 4c8b 5c24 | 204c 8b54 | 2428 c5f8 | 7748 83c4 | 30e9 dfce 
  0x000001c2903209b0: ffff f083 | 4424 c000 | 4180 3800 | 0f84 11cf | ffff 41c6 | 0000 4d8b | 4f50 4d85 | c90f 8414 
  0x000001c2903209d0: 0000 0049 | 83e9 084d | 894f 504d | 034f 584d | 8901 e9ec | ceff ff48 | 83ec 304c | 8954 2428 
  0x000001c2903209f0: 498b c849 

  0x000001c2903209f4: ;   {runtime_call}
  0x000001c2903209f4: 8bd7 48b8 | 0077 d06a | fd7f 0000 | ffd0 4c8b | 5424 28c5 | f877 4883 | c430 e9c0 | ceff ff8b 
  0x000001c290320a14: 3a48 c1e7 | 0348 83ff | 000f 8452 | d1ff ff49 | 8b5f 3848 | 85db 0f84 | 1400 0000 | 4883 eb08 
  0x000001c290320a34: 4989 5f38 | 4903 5f40 | 4889 3be9 | 31d1 ffff | 4883 ec50 | 4c89 5424 | 484c 895c | 2440 4c89 
  0x000001c290320a54: 4424 384c | 894c 2430 | 4889 5424 | 2848 8944 | 2420 488b | cf49 8bd7 

  0x000001c290320a6c: ;   {runtime_call}
  0x000001c290320a6c: 48b8 2077 | d06a fd7f | 0000 ffd0 | 488b 4424 | 2048 8b54 | 2428 4c8b | 4c24 304c | 8b44 2438 
  0x000001c290320a8c: 4c8b 5c24 | 404c 8b54 | 2448 c5f8 | 7748 83c4 | 50e9 d3d0 | ffff f083 | 4424 c000 | 803b 000f 
  0x000001c290320aac: 84fa d0ff | ffc6 0300 | 498b 7f50 | 4885 ff0f | 8414 0000 | 0048 83ef | 0849 897f | 5049 037f 
  0x000001c290320acc: 5848 891f | e9d6 d0ff | ff48 83ec | 504c 8954 | 2448 4c89 | 5c24 404c | 8944 2438 | 4c89 4c24 
  0x000001c290320aec: 3048 8944 | 2428 488b | cb49 8bd7 

  0x000001c290320af8: ;   {runtime_call}
  0x000001c290320af8: 48b8 0077 | d06a fd7f | 0000 ffd0 | 488b 4424 | 284c 8b4c | 2430 4c8b | 4424 384c | 8b5c 2440 
  0x000001c290320b18: 4c8b 5424 | 48c5 f877 | 4883 c450 | e982 d0ff | ff8b 1f48 | c1e3 0348 | 83fb 000f | 8481 d0ff 
  0x000001c290320b38: ff49 8b4f | 3848 85c9 | 0f84 1400 | 0000 4883 | e908 4989 | 4f38 4903 | 4f40 4889 | 19e9 60d0 
  0x000001c290320b58: ffff 4883 | ec50 4c89 | 5424 484c | 895c 2440 | 4c89 4424 | 384c 894c | 2430 4889 | 7c24 2848 
  0x000001c290320b78: 8944 2420 | 488b cb49 

  0x000001c290320b80: ;   {runtime_call}
  0x000001c290320b80: 8bd7 48b8 | 2077 d06a | fd7f 0000 | ffd0 488b | 4424 2048 | 8b7c 2428 | 4c8b 4c24 | 304c 8b44 
  0x000001c290320ba0: 2438 4c8b | 5c24 404c | 8b54 2448 | c5f8 7748 | 83c4 50e9 | 02d0 ffff | f083 4424 | c000 8039 
  0x000001c290320bc0: 000f 8429 | d0ff ffc6 | 0100 498b | 5f50 4885 | db0f 8414 | 0000 0048 | 83eb 0849 | 895f 5049 
  0x000001c290320be0: 035f 5848 | 890b e905 | d0ff ff48 | 83ec 504c | 8954 2448 | 4c89 5c24 | 404c 8944 | 2438 4c89 
  0x000001c290320c00: 4c24 3048 | 8944 2428 

  0x000001c290320c08: ;   {runtime_call}
  0x000001c290320c08: 498b d748 | b800 77d0 | 6afd 7f00 | 00ff d048 | 8b44 2428 | 4c8b 4c24 | 304c 8b44 | 2438 4c8b 
  0x000001c290320c28: 5c24 404c | 8b54 2448 | c5f8 7748 | 83c4 50e9 | b4cf ffff | 8b2f 48c1 | e503 4883 | fd00 0f84 
  0x000001c290320c48: e0cf ffff | 498b 7738 | 4885 f60f | 8414 0000 | 0048 83ee | 0849 8977 | 3849 0377 | 4048 892e 
  0x000001c290320c68: e9bf cfff | ff48 83ec | 604c 895c | 2458 4c89 | 4424 504c | 894c 2448 | 4889 4c24 | 4048 897c 
  0x000001c290320c88: 2438 4889 | 5424 3048 | 8944 2428 | 488b cd49 

  0x000001c290320c98: ;   {runtime_call}
  0x000001c290320c98: 8bd7 48b8 | 2077 d06a | fd7f 0000 | ffd0 488b | 4424 2848 | 8b54 2430 | 488b 7c24 | 3848 8b4c 
  0x000001c290320cb8: 2440 4c8b | 4c24 484c | 8b44 2450 | 4c8b 5c24 | 58c5 f877 | 4883 c460 | e957 cfff | ff8b 0f48 
  0x000001c290320cd8: c1e1 0348 | 83f9 000f | 848a cfff | ff4d 8b47 | 384d 85c0 | 0f84 1400 | 0000 4983 | e808 4d89 
  0x000001c290320cf8: 4738 4d03 | 4740 4989 | 08e9 69cf | ffff 4883 | ec40 4c89 | 5424 384c | 895c 2430 | 4c89 4c24 
  0x000001c290320d18: 2848 897c | 2420 498b 

  0x000001c290320d20: ;   {runtime_call}
  0x000001c290320d20: d748 b820 | 77d0 6afd | 7f00 00ff | d048 8b7c | 2420 4c8b | 4c24 284c | 8b5c 2430 | 4c8b 5424 
  0x000001c290320d40: 38c5 f877 | 4883 c440 | e922 cfff | fff0 8344 | 24c0 0041 | 8038 000f | 8449 cfff | ff41 c600 
  0x000001c290320d60: 0049 8b4f | 5048 85c9 | 0f84 1400 | 0000 4883 | e908 4989 | 4f50 4903 | 4f58 4c89 | 01e9 24cf 
  0x000001c290320d80: ffff 4883 | ec40 4c89 | 5424 384c | 895c 2430 | 4c89 4c24 | 2849 8bc8 

  0x000001c290320d98: ;   {runtime_call}
  0x000001c290320d98: 498b d748 | b800 77d0 | 6afd 7f00 | 00ff d04c | 8b4c 2428 | 4c8b 5c24 | 304c 8b54 | 2438 c5f8 
  0x000001c290320db8: 7748 83c4 | 40e9 e4ce | ffff 448b | 0b49 c1e1 | 0349 83f9 | 000f 844c | d1ff ff49 | 8b7f 3848 
  0x000001c290320dd8: 85ff 0f84 | 1400 0000 | 4883 ef08 | 4989 7f38 | 4903 7f40 | 4c89 0fe9 | 2bd1 ffff | 4883 ec50 
  0x000001c290320df8: 4c89 5424 | 484c 895c | 2440 4c89 | 4424 3848 | 894c 2430 | 4889 5424 | 2849 8bc9 

  0x000001c290320e14: ;   {runtime_call}
  0x000001c290320e14: 498b d748 | b820 77d0 | 6afd 7f00 | 00ff d048 | 8b54 2428 | 488b 4c24 | 304c 8b44 | 2438 4c8b 
  0x000001c290320e34: 5c24 404c | 8b54 2448 | c5f8 7748 | 83c4 50e9 | d7d0 ffff | 418b 3948 | c1e7 0348 | 83ff 000f 
  0x000001c290320e54: 84dd d0ff | ff49 8b5f | 3848 85db | 0f84 1400 | 0000 4883 | eb08 4989 | 5f38 4903 | 5f40 4889 
  0x000001c290320e74: 3be9 bcd0 | ffff 4883 | ec50 4c89 | 5424 484c | 895c 2440 | 4c89 4424 | 384c 894c | 2430 4889 
  0x000001c290320e94: 4c24 2848 | 8bcf 498b 

  0x000001c290320e9c: ;   {runtime_call}
  0x000001c290320e9c: d748 b820 | 77d0 6afd | 7f00 00ff | d048 8b4c | 2428 4c8b | 4c24 304c | 8b44 2438 | 4c8b 5c24 
  0x000001c290320ebc: 404c 8b54 | 2448 c5f8 | 7748 83c4 | 50e9 68d0 | ffff f083 | 4424 c000 | 803b 000f | 849a d0ff 
  0x000001c290320edc: ffc6 0300 | 498b 7f50 | 4885 ff0f | 8414 0000 | 0048 83ef | 0849 897f | 5049 037f | 5848 891f 
  0x000001c290320efc: e976 d0ff | ff48 83ec | 404c 8954 | 2438 4c89 | 5c24 3048 | 894c 2428 | 488b cb49 

  0x000001c290320f18: ;   {runtime_call}
  0x000001c290320f18: 8bd7 48b8 | 0077 d06a | fd7f 0000 | ffd0 488b | 4c24 284c | 8b5c 2430 | 4c8b 5424 | 38c5 f877 
  0x000001c290320f38: 4883 c440 | e936 d0ff | ff8b 1748 | c1e2 0348 | 83fa 000f | 84cf d0ff | ff49 8b5f | 3848 85db 
  0x000001c290320f58: 0f84 1400 | 0000 4883 | eb08 4989 | 5f38 4903 | 5f40 4889 | 13e9 aed0 | ffff 4883 | ec50 4c89 
  0x000001c290320f78: 5424 484c | 8944 2440 | 4889 4c24 | 3848 897c | 2430 4889 | 7424 2848 | 8bca 498b 

  0x000001c290320f94: ;   {runtime_call}
  0x000001c290320f94: d748 b820 | 77d0 6afd | 7f00 00ff | d048 8b74 | 2428 488b | 7c24 3048 | 8b4c 2438 | 4c8b 4424 
  0x000001c290320fb4: 404c 8b54 | 2448 c5f8 | 7748 83c4 | 50e9 5ad0 | ffff 418b | 0848 c1e1 | 0348 83f9 | 000f 84b5 
  0x000001c290320fd4: d0ff ff4d | 8b4f 384d | 85c9 0f84 | 1400 0000 | 4983 e908 | 4d89 4f38 | 4d03 4f40 | 4989 09e9 
  0x000001c290320ff4: 94d0 ffff | 4883 ec40 | 4c89 5424 | 384c 895c | 2430 4c89 | 4424 2849 

  0x000001c29032100c: ;   {runtime_call}
  0x000001c29032100c: 8bd7 48b8 | 2077 d06a | fd7f 0000 | ffd0 4c8b | 4424 284c | 8b5c 2430 | 4c8b 5424 | 38c5 f877 
  0x000001c29032102c: 4883 c440 | e957 d0ff | ff8b 1148 | c1e2 0348 | 83fa 000f | 8465 daff | ff4d 8b77 | 384d 85f6 
  0x000001c29032104c: 0f84 1400 | 0000 4983 | ee08 4d89 | 7738 4d03 | 7740 4989 | 16e9 44da | ffff 4883 | ec60 4c89 
  0x000001c29032106c: 5424 584c | 895c 2450 | 4c89 4424 | 484c 894c | 2440 4889 | 4c24 3848 | 8974 2430 | 4889 4424 
  0x000001c29032108c: 2848 8bca 

  0x000001c290321090: ;   {runtime_call}
  0x000001c290321090: 498b d748 | b820 77d0 | 6afd 7f00 | 00ff d048 | 8b44 2428 | 488b 7424 | 3048 8b4c | 2438 4c8b 
  0x000001c2903210b0: 4c24 404c | 8b44 2448 | 4c8b 5c24 | 504c 8b54 | 2458 c5f8 | 7748 83c4 | 60e9 dcd9 | ffff f083 
  0x000001c2903210d0: 4424 c000 | 803a 000f | 8418 daff | ffc6 0200 | 4d8b 7750 | 4d85 f60f | 8414 0000 | 0049 83ee 
  0x000001c2903210f0: 084d 8977 | 504d 0377 | 5849 8916 | e9f4 d9ff | ff48 83ec | 504c 8954 | 2448 4c89 | 4424 404c 
  0x000001c290321110: 894c 2438 | 4889 7c24 | 3048 8974 | 2428 488b | ca49 8bd7 

  0x000001c290321124: ;   {runtime_call}
  0x000001c290321124: 48b8 0077 | d06a fd7f | 0000 ffd0 | 488b 7424 | 2848 8b7c | 2430 4c8b | 4c24 384c | 8b44 2440 
  0x000001c290321144: 4c8b 5424 | 48c5 f877 | 4883 c450 | e9a0 d9ff | ff45 8b0b | 49c1 e103 | 4983 f900 | 0f84 02da 
  0x000001c290321164: ffff 4d8b | 4738 4d85 | c00f 8414 | 0000 0049 | 83e8 084d | 8947 384d | 0347 404d | 8908 e9e1 
  0x000001c290321184: d9ff ff48 | 83ec 304c | 8954 2428 | 4c89 5c24 | 2049 8bc9 

  0x000001c290321198: ;   {runtime_call}
  0x000001c290321198: 498b d748 | b820 77d0 | 6afd 7f00 | 00ff d04c | 8b5c 2420 | 4c8b 5424 | 28c5 f877 | 4883 c430 
  0x000001c2903211b8: e9ab d9ff | fff0 8344 | 24c0 0041 | 8038 000f | 84dd d9ff | ff41 c600 | 004d 8b4f | 504d 85c9 
  0x000001c2903211d8: 0f84 1400 | 0000 4983 | e908 4d89 | 4f50 4d03 | 4f58 4d89 | 01e9 b8d9 | ffff 4883 | ec30 4c89 
  0x000001c2903211f8: 5424 2849 | 8bc8 498b 

  0x000001c290321200: ;   {runtime_call}
  0x000001c290321200: d748 b800 | 77d0 6afd | 7f00 00ff | d04c 8b54 | 2428 c5f8 | 7748 83c4 | 30e9 8cd9 | ffff 458b 
  0x000001c290321220: 1849 c1e3 | 0349 83fb | 000f 8489 | dcff ff4d | 8b57 384d | 85d2 0f84 | 1400 0000 | 4983 ea08 
  0x000001c290321240: 4d89 5738 | 4d03 5740 | 4d89 1ae9 | 68dc ffff | 4883 ec40 | 4c89 4424 | 3848 897c | 2430 4889 
  0x000001c290321260: 4424 2849 | 8bcb 498b 

  0x000001c290321268: ;   {runtime_call}
  0x000001c290321268: d748 b820 | 77d0 6afd | 7f00 00ff | d048 8b44 | 2428 488b | 7c24 304c | 8b44 2438 | c5f8 7748 
  0x000001c290321288: 83c4 40e9 | 28dc ffff | f083 4424 | c000 4180 | 3a00 0f84 | 5adc ffff | 41c6 0200 | 4d8b 5f50 
  0x000001c2903212a8: 4d85 db0f | 8414 0000 | 0049 83eb | 084d 895f | 504d 035f | 584d 8913 | e935 dcff | ff48 83ec 
  0x000001c2903212c8: 3048 897c | 2428 498b | ca49 8bd7 

  0x000001c2903212d4: ;   {runtime_call}
  0x000001c2903212d4: 48b8 0077 | d06a fd7f | 0000 ffd0 | 488b 7c24 | 28c5 f877 | 4883 c430 | e909 dcff | ff41 8b3b 
  0x000001c2903212f4: 48c1 e703 | 4883 ff00 | 0f84 78dc | ffff 498b | 4f38 4885 | c90f 8414 | 0000 0048 | 83e9 0849 
  0x000001c290321314: 894f 3849 | 034f 4048 | 8939 e957 | dcff ff48 | 83ec 404c | 895c 2438 | 4c89 4424 | 304c 894c 
  0x000001c290321334: 2428 4889 | 7424 2048 | 8bcf 498b 

  0x000001c290321340: ;   {runtime_call}
  0x000001c290321340: d748 b820 | 77d0 6afd | 7f00 00ff | d048 8b74 | 2420 4c8b | 4c24 284c | 8b44 2430 | 4c8b 5c24 
  0x000001c290321360: 38c5 f877 | 4883 c440 | e90d dcff | fff0 8344 | 24c0 0080 | 3900 0f84 | 35dc ffff | c601 0049 
  0x000001c290321380: 8b7f 5048 | 85ff 0f84 | 1400 0000 | 4883 ef08 | 4989 7f50 | 4903 7f58 | 4889 0fe9 | 11dc ffff 
  0x000001c2903213a0: 4883 ec30 | 4c89 4c24 | 2848 8974 | 2420 498b 

  0x000001c2903213b0: ;   {runtime_call}
  0x000001c2903213b0: d748 b800 | 77d0 6afd | 7f00 00ff | d048 8b74 | 2420 4c8b | 4c24 28c5 | f877 4883 | c430 e9de 
  0x000001c2903213d0: dbff ff45 | 8b18 49c1 | e303 4983 | fb00 0f84 | 5cdc ffff | 4d8b 5738 | 4d85 d20f | 8414 0000 
  0x000001c2903213f0: 0049 83ea | 084d 8957 | 384d 0357 | 404d 891a | e93b dcff | ff48 83ec | 404c 8944 | 2438 4c89 
  0x000001c290321410: 4c24 3048 | 8944 2428 | 498b cb49 

  0x000001c29032141c: ;   {runtime_call}
  0x000001c29032141c: 8bd7 48b8 | 2077 d06a | fd7f 0000 | ffd0 488b | 4424 284c | 8b4c 2430 | 4c8b 4424 | 38c5 f877 
  0x000001c29032143c: 4883 c440 | e9fb dbff | fff0 8344 | 24c0 0041 | 803a 000f | 842d dcff | ff41 c602 | 004d 8b5f 
  0x000001c29032145c: 504d 85db | 0f84 1400 | 0000 4983 | eb08 4d89 | 5f50 4d03 | 5f58 4d89 | 13e9 08dc | ffff 4883 
  0x000001c29032147c: ec30 4c89 | 4c24 2849 | 8bca 498b 

  0x000001c290321488: ;   {runtime_call}
  0x000001c290321488: d748 b800 | 77d0 6afd | 7f00 00ff | d04c 8b4c | 2428 c5f8 | 7748 83c4 | 30e9 dcdb | ffff 4183 
  0x000001c2903214a8: 87d8 0600 | 0008 e9ae | d9ff ff41 | 8387 d806 | 0000 08e9 | 30d8 ffff | 4183 87d8 | 0600 0008 
  0x000001c2903214c8: e9d9 d4ff 

  0x000001c2903214cc: ;   {internal_word}
  0x000001c2903214cc: ff49 baec | e231 90c2 | 0100 004d | 8997 e004 

  0x000001c2903214dc: ;   {runtime_call SafepointBlob}
  0x000001c2903214dc: 0000 e97d | faa2 ff41 | 8387 d806 | 0000 08e9 | 2ecd ffff | 4183 87d8 | 0600 0008 | e985 c5ff 
  0x000001c2903214fc: ff41 8387 | d806 0000 | 08e9 dbc4 | ffff 4183 | 87d8 0600 | 0008 e9c4 

  0x000001c290321514: ;   {runtime_call Stub::method_entry_barrier}
  0x000001c290321514: bdff ffe8 | 242d a1ff | e98d bcff | fff4 f4f4 | f4f4 f4f4 
[Stub Code]
  0x000001c290321528: ;   {static_stub}
  0x000001c290321528: 48bb 0000 | 0000 0000 

  0x000001c290321530: ;   {runtime_call nmethod}
  0x000001c290321530: 0000 e9fb 

  0x000001c290321534: ;   {static_stub}
  0x000001c290321534: ffff ff48 | bb00 0000 | 0000 0000 

  0x000001c290321540: ;   {runtime_call nmethod}
  0x000001c290321540: 00e9 fbff 

  0x000001c290321544: ;   {static_stub}
  0x000001c290321544: ffff 48bb | 0000 0000 | 0000 0000 

  0x000001c290321550: ;   {runtime_call nmethod}
  0x000001c290321550: e9fb ffff 

  0x000001c290321554: ;   {static_stub}
  0x000001c290321554: ff48 bb00 | 0000 0000 

  0x000001c29032155c: ;   {runtime_call nmethod}
  0x000001c29032155c: 0000 00e9 | fbff ffff 

  0x000001c290321564: ;   {static_stub}
  0x000001c290321564: 48bb 18ba | 8e9a c201 

  0x000001c29032156c: ;   {runtime_call I2C/C2I adapters}
  0x000001c29032156c: 0000 e9c3 

  0x000001c290321570: ;   {static_stub}
  0x000001c290321570: 46a3 ff48 | bb00 0000 | 0000 0000 

  0x000001c29032157c: ;   {runtime_call nmethod}
  0x000001c29032157c: 00e9 fbff 

  0x000001c290321580: ;   {static_stub}
  0x000001c290321580: ffff 48bb | 0000 0000 | 0000 0000 

  0x000001c29032158c: ;   {runtime_call nmethod}
  0x000001c29032158c: e9fb ffff 

  0x000001c290321590: ;   {static_stub}
  0x000001c290321590: ff48 bb00 | 0000 0000 

  0x000001c290321598: ;   {runtime_call nmethod}
  0x000001c290321598: 0000 00e9 | fbff ffff 

  0x000001c2903215a0: ;   {static_stub}
  0x000001c2903215a0: 48bb 0000 | 0000 0000 

  0x000001c2903215a8: ;   {runtime_call nmethod}
  0x000001c2903215a8: 0000 e9fb 

  0x000001c2903215ac: ;   {static_stub}
  0x000001c2903215ac: ffff ff48 | bb00 0000 | 0000 0000 

  0x000001c2903215b8: ;   {runtime_call nmethod}
  0x000001c2903215b8: 00e9 fbff 

  0x000001c2903215bc: ;   {static_stub}
  0x000001c2903215bc: ffff 48bb | 0000 0000 | 0000 0000 

  0x000001c2903215c8: ;   {runtime_call nmethod}
  0x000001c2903215c8: e9fb ffff 

  0x000001c2903215cc: ;   {static_stub}
  0x000001c2903215cc: ff48 bb00 | 0000 0000 

  0x000001c2903215d4: ;   {runtime_call nmethod}
  0x000001c2903215d4: 0000 00e9 | fbff ffff 

  0x000001c2903215dc: ;   {static_stub}
  0x000001c2903215dc: 48bb 0000 | 0000 0000 

  0x000001c2903215e4: ;   {runtime_call nmethod}
  0x000001c2903215e4: 0000 e9fb 

  0x000001c2903215e8: ;   {static_stub}
  0x000001c2903215e8: ffff ff48 | bb00 0000 | 0000 0000 

  0x000001c2903215f4: ;   {runtime_call nmethod}
  0x000001c2903215f4: 00e9 fbff 

  0x000001c2903215f8: ;   {static_stub}
  0x000001c2903215f8: ffff 48bb | 0000 0000 | 0000 0000 

  0x000001c290321604: ;   {runtime_call nmethod}
  0x000001c290321604: e9fb ffff 

  0x000001c290321608: ;   {runtime_call ExceptionBlob}
  0x000001c290321608: ffe9 52e8 | afff e800 | 0000 0048 | 832c 2405 

  0x000001c290321618: ;   {runtime_call DeoptimizationBlob}
  0x000001c290321618: e943 fca2 | fff4 f4f4 
[/MachCode]


---------------  P R O C E S S  ---------------

Threads class SMR info:
_java_thread_list=0x000001c29e2c2170, length=18, elements={
0x000001c2ff53fd70, 0x000001c2ff5407d0, 0x000001c2ff545460, 0x000001c2ff546020,
0x000001c2ff546be0, 0x000001c2ff5477a0, 0x000001c2ff5550d0, 0x000001c2ff57d7e0,
0x000001c299963bb0, 0x000001c299992a50, 0x000001c299993210, 0x000001c2999c07f0,
0x000001c2999c64a0, 0x000001c2999c9930, 0x000001c2a7d4e280, 0x000001c2f91cdc10,
0x000001c2a7d39160, 0x000001c2a7f6d640
}

Java Threads: ( => current thread )
  0x000001c2ff53fd70 JavaThread "Reference Handler"          daemon [_thread_blocked, id=17996, stack(0x0000005fc7e00000,0x0000005fc7f00000) (1024K)]
  0x000001c2ff5407d0 JavaThread "Finalizer"                  daemon [_thread_blocked, id=8992, stack(0x0000005fc7f00000,0x0000005fc8000000) (1024K)]
  0x000001c2ff545460 JavaThread "Signal Dispatcher"          daemon [_thread_blocked, id=15964, stack(0x0000005fc8000000,0x0000005fc8100000) (1024K)]
  0x000001c2ff546020 JavaThread "Attach Listener"            daemon [_thread_blocked, id=14520, stack(0x0000005fc8100000,0x0000005fc8200000) (1024K)]
  0x000001c2ff546be0 JavaThread "Service Thread"             daemon [_thread_blocked, id=13468, stack(0x0000005fc8200000,0x0000005fc8300000) (1024K)]
  0x000001c2ff5477a0 JavaThread "Monitor Deflation Thread"   daemon [_thread_blocked, id=16844, stack(0x0000005fc8300000,0x0000005fc8400000) (1024K)]
  0x000001c2ff5550d0 JavaThread "C2 CompilerThread0"         daemon [_thread_blocked, id=15904, stack(0x0000005fc8400000,0x0000005fc8500000) (1024K)]
  0x000001c2ff57d7e0 JavaThread "C1 CompilerThread0"         daemon [_thread_blocked, id=11468, stack(0x0000005fc8500000,0x0000005fc8600000) (1024K)]
  0x000001c299963bb0 JavaThread "Common-Cleaner"             daemon [_thread_blocked, id=17796, stack(0x0000005fc8600000,0x0000005fc8700000) (1024K)]
  0x000001c299992a50 JavaThread "Monitor Ctrl-Break"         daemon [_thread_in_native, id=8480, stack(0x0000005fc8700000,0x0000005fc8800000) (1024K)]
  0x000001c299993210 JavaThread "Notification Thread"        daemon [_thread_blocked, id=12980, stack(0x0000005fc8800000,0x0000005fc8900000) (1024K)]
  0x000001c2999c07f0 JavaThread "Java2D Disposer"            daemon [_thread_blocked, id=11252, stack(0x0000005fc8900000,0x0000005fc8a00000) (1024K)]
  0x000001c2999c64a0 JavaThread "AWT-Shutdown"                      [_thread_blocked, id=8572, stack(0x0000005fc8a00000,0x0000005fc8b00000) (1024K)]
  0x000001c2999c9930 JavaThread "AWT-Windows"                daemon [_thread_in_native, id=6336, stack(0x0000005fc8b00000,0x0000005fc8c00000) (1024K)]
=>0x000001c2a7d4e280 JavaThread "AWT-EventQueue-0"                  [_thread_in_native, id=15268, stack(0x0000005fc9700000,0x0000005fc9800000) (1024K)]
  0x000001c2f91cdc10 JavaThread "DestroyJavaVM"                     [_thread_blocked, id=10912, stack(0x0000005fc7600000,0x0000005fc7700000) (1024K)]
  0x000001c2a7d39160 JavaThread "D3D Screen Updater"         daemon [_thread_in_native, id=728, stack(0x0000005fc9b00000,0x0000005fc9c00000) (1024K)]
  0x000001c2a7f6d640 JavaThread "TimerQueue"                 daemon [_thread_blocked, id=13040, stack(0x0000005fc9c00000,0x0000005fc9d00000) (1024K)]
Total: 18

Other Threads:
  0x000001c2ff5304f0 VMThread "VM Thread"                           [id=16824, stack(0x0000005fc7d00000,0x0000005fc7e00000) (1024K)]
  0x000001c2ff5204e0 WatcherThread "VM Periodic Task Thread"        [id=11068, stack(0x0000005fc7c00000,0x0000005fc7d00000) (1024K)]
  0x000001c2f9238640 WorkerThread "GC Thread#0"                     [id=6128, stack(0x0000005fc7700000,0x0000005fc7800000) (1024K)]
  0x000001c2f9251670 ConcurrentGCThread "G1 Main Marker"            [id=12516, stack(0x0000005fc7800000,0x0000005fc7900000) (1024K)]
  0x000001c2f92529c0 WorkerThread "G1 Conc#0"                       [id=8196, stack(0x0000005fc7900000,0x0000005fc7a00000) (1024K)]
  0x000001c2ff3ec100 ConcurrentGCThread "G1 Refine#0"               [id=4520, stack(0x0000005fc7a00000,0x0000005fc7b00000) (1024K)]
  0x000001c2ff3ecc10 ConcurrentGCThread "G1 Service"                [id=17148, stack(0x0000005fc7b00000,0x0000005fc7c00000) (1024K)]
Total: 7

Threads with active compile tasks:
Total: 0

VM state: not at safepoint (normal execution)

VM Mutex/Monitor currently owned by a thread: None

Heap address: 0x0000000701600000, size: 4074 MB, Compressed Oops mode: Zero based, Oop shift amount: 3

CDS archive(s) mapped at: [0x000000001f000000-0x000000001fdd0000-0x000000001fdd0000), size 14483456, SharedBaseAddress: 0x000000001f000000, ArchiveRelocationMode: 1.
Compressed class space mapped at: 0x0000000020000000-0x0000000060000000, reserved size: 1073741824
UseCompressedClassPointers 1, UseCompactObjectHeaders 0
Narrow klass pointer bits 32, Max shift 3
Narrow klass base: 0x000000001f000000, Narrow klass shift: 0
Encoding Range: [0x000000001f000000 - 0x000000011f000000), (4294967296 bytes)
Klass Range:    [0x000000001f010000 - 0x0000000060000000), (1090453504 bytes)
Klass ID Range:  [65536 - 1090519033) (1090453497)
Protection zone: [0x000000001f000000 - 0x000000001f010000), (65536 bytes)

GC Precious Log:
 CardTable entry size: 512
 Card Set container configuration: InlinePtr #cards 4 size 8 Array Of Cards #cards 16 size 48 Howl #buckets 8 coarsen threshold 3686 Howl Bitmap #cards 512 size 80 coarsen threshold 460 Card regions per heap region 1 cards per card region 4096
 CPUs: 12 total, 12 available
 Memory: 16294M
 Large Page Support: Disabled
 NUMA Support: Disabled
 Compressed Oops: Enabled (Zero based)
 Heap Region Size: 2M
 Heap Min Capacity: 8M
 Heap Initial Capacity: 256M
 Heap Max Capacity: 4074M
 Pre-touch: Disabled
 Parallel Workers: 10
 Concurrent Workers: 3
 Concurrent Refinement Workers: 10
 Periodic GC: Disabled

Heap:
 garbage-first heap   total reserved 4171776K, committed 264192K, used 21651K [0x0000000701600000, 0x0000000800000000)
  region size 2048K, 11 young (22528K), 0 survivors (0K)

Heap Regions: E=young(eden), S=young(survivor), O=old, HS=humongous(starts), HC=humongous(continues), CS=collection set, F=free, TAMS=top-at-mark-start, PB=parsable bottom
|   0|0x0000000701600000, 0x0000000701600000, 0x0000000701800000|  0%| F|  |TAMS 0x0000000701600000| PB 0x0000000701600000| Untracked |  0
|   1|0x0000000701800000, 0x0000000701800000, 0x0000000701a00000|  0%| F|  |TAMS 0x0000000701800000| PB 0x0000000701800000| Untracked |  0
|   2|0x0000000701a00000, 0x0000000701a00000, 0x0000000701c00000|  0%| F|  |TAMS 0x0000000701a00000| PB 0x0000000701a00000| Untracked |  0
|   3|0x0000000701c00000, 0x0000000701c00000, 0x0000000701e00000|  0%| F|  |TAMS 0x0000000701c00000| PB 0x0000000701c00000| Untracked |  0
|   4|0x0000000701e00000, 0x0000000701e00000, 0x0000000702000000|  0%| F|  |TAMS 0x0000000701e00000| PB 0x0000000701e00000| Untracked |  0
|   5|0x0000000702000000, 0x0000000702000000, 0x0000000702200000|  0%| F|  |TAMS 0x0000000702000000| PB 0x0000000702000000| Untracked |  0
|   6|0x0000000702200000, 0x0000000702200000, 0x0000000702400000|  0%| F|  |TAMS 0x0000000702200000| PB 0x0000000702200000| Untracked |  0
|   7|0x0000000702400000, 0x0000000702400000, 0x0000000702600000|  0%| F|  |TAMS 0x0000000702400000| PB 0x0000000702400000| Untracked |  0
|   8|0x0000000702600000, 0x0000000702600000, 0x0000000702800000|  0%| F|  |TAMS 0x0000000702600000| PB 0x0000000702600000| Untracked |  0
|   9|0x0000000702800000, 0x0000000702800000, 0x0000000702a00000|  0%| F|  |TAMS 0x0000000702800000| PB 0x0000000702800000| Untracked |  0
|  10|0x0000000702a00000, 0x0000000702a00000, 0x0000000702c00000|  0%| F|  |TAMS 0x0000000702a00000| PB 0x0000000702a00000| Untracked |  0
|  11|0x0000000702c00000, 0x0000000702c00000, 0x0000000702e00000|  0%| F|  |TAMS 0x0000000702c00000| PB 0x0000000702c00000| Untracked |  0
|  12|0x0000000702e00000, 0x0000000702e00000, 0x0000000703000000|  0%| F|  |TAMS 0x0000000702e00000| PB 0x0000000702e00000| Untracked |  0
|  13|0x0000000703000000, 0x0000000703000000, 0x0000000703200000|  0%| F|  |TAMS 0x0000000703000000| PB 0x0000000703000000| Untracked |  0
|  14|0x0000000703200000, 0x0000000703200000, 0x0000000703400000|  0%| F|  |TAMS 0x0000000703200000| PB 0x0000000703200000| Untracked |  0
|  15|0x0000000703400000, 0x0000000703400000, 0x0000000703600000|  0%| F|  |TAMS 0x0000000703400000| PB 0x0000000703400000| Untracked |  0
|  16|0x0000000703600000, 0x0000000703600000, 0x0000000703800000|  0%| F|  |TAMS 0x0000000703600000| PB 0x0000000703600000| Untracked |  0
|  17|0x0000000703800000, 0x0000000703800000, 0x0000000703a00000|  0%| F|  |TAMS 0x0000000703800000| PB 0x0000000703800000| Untracked |  0
|  18|0x0000000703a00000, 0x0000000703a00000, 0x0000000703c00000|  0%| F|  |TAMS 0x0000000703a00000| PB 0x0000000703a00000| Untracked |  0
|  19|0x0000000703c00000, 0x0000000703c00000, 0x0000000703e00000|  0%| F|  |TAMS 0x0000000703c00000| PB 0x0000000703c00000| Untracked |  0
|  20|0x0000000703e00000, 0x0000000703e00000, 0x0000000704000000|  0%| F|  |TAMS 0x0000000703e00000| PB 0x0000000703e00000| Untracked |  0
|  21|0x0000000704000000, 0x0000000704000000, 0x0000000704200000|  0%| F|  |TAMS 0x0000000704000000| PB 0x0000000704000000| Untracked |  0
|  22|0x0000000704200000, 0x0000000704200000, 0x0000000704400000|  0%| F|  |TAMS 0x0000000704200000| PB 0x0000000704200000| Untracked |  0
|  23|0x0000000704400000, 0x0000000704400000, 0x0000000704600000|  0%| F|  |TAMS 0x0000000704400000| PB 0x0000000704400000| Untracked |  0
|  24|0x0000000704600000, 0x0000000704600000, 0x0000000704800000|  0%| F|  |TAMS 0x0000000704600000| PB 0x0000000704600000| Untracked |  0
|  25|0x0000000704800000, 0x0000000704800000, 0x0000000704a00000|  0%| F|  |TAMS 0x0000000704800000| PB 0x0000000704800000| Untracked |  0
|  26|0x0000000704a00000, 0x0000000704a00000, 0x0000000704c00000|  0%| F|  |TAMS 0x0000000704a00000| PB 0x0000000704a00000| Untracked |  0
|  27|0x0000000704c00000, 0x0000000704c00000, 0x0000000704e00000|  0%| F|  |TAMS 0x0000000704c00000| PB 0x0000000704c00000| Untracked |  0
|  28|0x0000000704e00000, 0x0000000704e00000, 0x0000000705000000|  0%| F|  |TAMS 0x0000000704e00000| PB 0x0000000704e00000| Untracked |  0
|  29|0x0000000705000000, 0x0000000705000000, 0x0000000705200000|  0%| F|  |TAMS 0x0000000705000000| PB 0x0000000705000000| Untracked |  0
|  30|0x0000000705200000, 0x0000000705200000, 0x0000000705400000|  0%| F|  |TAMS 0x0000000705200000| PB 0x0000000705200000| Untracked |  0
|  31|0x0000000705400000, 0x0000000705400000, 0x0000000705600000|  0%| F|  |TAMS 0x0000000705400000| PB 0x0000000705400000| Untracked |  0
|  32|0x0000000705600000, 0x0000000705600000, 0x0000000705800000|  0%| F|  |TAMS 0x0000000705600000| PB 0x0000000705600000| Untracked |  0
|  33|0x0000000705800000, 0x0000000705800000, 0x0000000705a00000|  0%| F|  |TAMS 0x0000000705800000| PB 0x0000000705800000| Untracked |  0
|  34|0x0000000705a00000, 0x0000000705a00000, 0x0000000705c00000|  0%| F|  |TAMS 0x0000000705a00000| PB 0x0000000705a00000| Untracked |  0
|  35|0x0000000705c00000, 0x0000000705c00000, 0x0000000705e00000|  0%| F|  |TAMS 0x0000000705c00000| PB 0x0000000705c00000| Untracked |  0
|  36|0x0000000705e00000, 0x0000000705e00000, 0x0000000706000000|  0%| F|  |TAMS 0x0000000705e00000| PB 0x0000000705e00000| Untracked |  0
|  37|0x0000000706000000, 0x0000000706000000, 0x0000000706200000|  0%| F|  |TAMS 0x0000000706000000| PB 0x0000000706000000| Untracked |  0
|  38|0x0000000706200000, 0x0000000706200000, 0x0000000706400000|  0%| F|  |TAMS 0x0000000706200000| PB 0x0000000706200000| Untracked |  0
|  39|0x0000000706400000, 0x0000000706400000, 0x0000000706600000|  0%| F|  |TAMS 0x0000000706400000| PB 0x0000000706400000| Untracked |  0
|  40|0x0000000706600000, 0x0000000706600000, 0x0000000706800000|  0%| F|  |TAMS 0x0000000706600000| PB 0x0000000706600000| Untracked |  0
|  41|0x0000000706800000, 0x0000000706800000, 0x0000000706a00000|  0%| F|  |TAMS 0x0000000706800000| PB 0x0000000706800000| Untracked |  0
|  42|0x0000000706a00000, 0x0000000706a00000, 0x0000000706c00000|  0%| F|  |TAMS 0x0000000706a00000| PB 0x0000000706a00000| Untracked |  0
|  43|0x0000000706c00000, 0x0000000706c00000, 0x0000000706e00000|  0%| F|  |TAMS 0x0000000706c00000| PB 0x0000000706c00000| Untracked |  0
|  44|0x0000000706e00000, 0x0000000706e00000, 0x0000000707000000|  0%| F|  |TAMS 0x0000000706e00000| PB 0x0000000706e00000| Untracked |  0
|  45|0x0000000707000000, 0x0000000707000000, 0x0000000707200000|  0%| F|  |TAMS 0x0000000707000000| PB 0x0000000707000000| Untracked |  0
|  46|0x0000000707200000, 0x0000000707200000, 0x0000000707400000|  0%| F|  |TAMS 0x0000000707200000| PB 0x0000000707200000| Untracked |  0
|  47|0x0000000707400000, 0x0000000707400000, 0x0000000707600000|  0%| F|  |TAMS 0x0000000707400000| PB 0x0000000707400000| Untracked |  0
|  48|0x0000000707600000, 0x0000000707600000, 0x0000000707800000|  0%| F|  |TAMS 0x0000000707600000| PB 0x0000000707600000| Untracked |  0
|  49|0x0000000707800000, 0x0000000707800000, 0x0000000707a00000|  0%| F|  |TAMS 0x0000000707800000| PB 0x0000000707800000| Untracked |  0
|  50|0x0000000707a00000, 0x0000000707a00000, 0x0000000707c00000|  0%| F|  |TAMS 0x0000000707a00000| PB 0x0000000707a00000| Untracked |  0
|  51|0x0000000707c00000, 0x0000000707c00000, 0x0000000707e00000|  0%| F|  |TAMS 0x0000000707c00000| PB 0x0000000707c00000| Untracked |  0
|  52|0x0000000707e00000, 0x0000000707e00000, 0x0000000708000000|  0%| F|  |TAMS 0x0000000707e00000| PB 0x0000000707e00000| Untracked |  0
|  53|0x0000000708000000, 0x0000000708000000, 0x0000000708200000|  0%| F|  |TAMS 0x0000000708000000| PB 0x0000000708000000| Untracked |  0
|  54|0x0000000708200000, 0x0000000708200000, 0x0000000708400000|  0%| F|  |TAMS 0x0000000708200000| PB 0x0000000708200000| Untracked |  0
|  55|0x0000000708400000, 0x0000000708400000, 0x0000000708600000|  0%| F|  |TAMS 0x0000000708400000| PB 0x0000000708400000| Untracked |  0
|  56|0x0000000708600000, 0x0000000708600000, 0x0000000708800000|  0%| F|  |TAMS 0x0000000708600000| PB 0x0000000708600000| Untracked |  0
|  57|0x0000000708800000, 0x0000000708800000, 0x0000000708a00000|  0%| F|  |TAMS 0x0000000708800000| PB 0x0000000708800000| Untracked |  0
|  58|0x0000000708a00000, 0x0000000708a00000, 0x0000000708c00000|  0%| F|  |TAMS 0x0000000708a00000| PB 0x0000000708a00000| Untracked |  0
|  59|0x0000000708c00000, 0x0000000708c00000, 0x0000000708e00000|  0%| F|  |TAMS 0x0000000708c00000| PB 0x0000000708c00000| Untracked |  0
|  60|0x0000000708e00000, 0x0000000708e00000, 0x0000000709000000|  0%| F|  |TAMS 0x0000000708e00000| PB 0x0000000708e00000| Untracked |  0
|  61|0x0000000709000000, 0x0000000709000000, 0x0000000709200000|  0%| F|  |TAMS 0x0000000709000000| PB 0x0000000709000000| Untracked |  0
|  62|0x0000000709200000, 0x0000000709200000, 0x0000000709400000|  0%| F|  |TAMS 0x0000000709200000| PB 0x0000000709200000| Untracked |  0
|  63|0x0000000709400000, 0x0000000709400000, 0x0000000709600000|  0%| F|  |TAMS 0x0000000709400000| PB 0x0000000709400000| Untracked |  0
|  64|0x0000000709600000, 0x0000000709600000, 0x0000000709800000|  0%| F|  |TAMS 0x0000000709600000| PB 0x0000000709600000| Untracked |  0
|  65|0x0000000709800000, 0x0000000709800000, 0x0000000709a00000|  0%| F|  |TAMS 0x0000000709800000| PB 0x0000000709800000| Untracked |  0
|  66|0x0000000709a00000, 0x0000000709a00000, 0x0000000709c00000|  0%| F|  |TAMS 0x0000000709a00000| PB 0x0000000709a00000| Untracked |  0
|  67|0x0000000709c00000, 0x0000000709c00000, 0x0000000709e00000|  0%| F|  |TAMS 0x0000000709c00000| PB 0x0000000709c00000| Untracked |  0
|  68|0x0000000709e00000, 0x0000000709e00000, 0x000000070a000000|  0%| F|  |TAMS 0x0000000709e00000| PB 0x0000000709e00000| Untracked |  0
|  69|0x000000070a000000, 0x000000070a000000, 0x000000070a200000|  0%| F|  |TAMS 0x000000070a000000| PB 0x000000070a000000| Untracked |  0
|  70|0x000000070a200000, 0x000000070a200000, 0x000000070a400000|  0%| F|  |TAMS 0x000000070a200000| PB 0x000000070a200000| Untracked |  0
|  71|0x000000070a400000, 0x000000070a400000, 0x000000070a600000|  0%| F|  |TAMS 0x000000070a400000| PB 0x000000070a400000| Untracked |  0
|  72|0x000000070a600000, 0x000000070a600000, 0x000000070a800000|  0%| F|  |TAMS 0x000000070a600000| PB 0x000000070a600000| Untracked |  0
|  73|0x000000070a800000, 0x000000070a800000, 0x000000070aa00000|  0%| F|  |TAMS 0x000000070a800000| PB 0x000000070a800000| Untracked |  0
|  74|0x000000070aa00000, 0x000000070aa00000, 0x000000070ac00000|  0%| F|  |TAMS 0x000000070aa00000| PB 0x000000070aa00000| Untracked |  0
|  75|0x000000070ac00000, 0x000000070ac00000, 0x000000070ae00000|  0%| F|  |TAMS 0x000000070ac00000| PB 0x000000070ac00000| Untracked |  0
|  76|0x000000070ae00000, 0x000000070ae00000, 0x000000070b000000|  0%| F|  |TAMS 0x000000070ae00000| PB 0x000000070ae00000| Untracked |  0
|  77|0x000000070b000000, 0x000000070b000000, 0x000000070b200000|  0%| F|  |TAMS 0x000000070b000000| PB 0x000000070b000000| Untracked |  0
|  78|0x000000070b200000, 0x000000070b200000, 0x000000070b400000|  0%| F|  |TAMS 0x000000070b200000| PB 0x000000070b200000| Untracked |  0
|  79|0x000000070b400000, 0x000000070b400000, 0x000000070b600000|  0%| F|  |TAMS 0x000000070b400000| PB 0x000000070b400000| Untracked |  0
|  80|0x000000070b600000, 0x000000070b600000, 0x000000070b800000|  0%| F|  |TAMS 0x000000070b600000| PB 0x000000070b600000| Untracked |  0
|  81|0x000000070b800000, 0x000000070b800000, 0x000000070ba00000|  0%| F|  |TAMS 0x000000070b800000| PB 0x000000070b800000| Untracked |  0
|  82|0x000000070ba00000, 0x000000070ba00000, 0x000000070bc00000|  0%| F|  |TAMS 0x000000070ba00000| PB 0x000000070ba00000| Untracked |  0
|  83|0x000000070bc00000, 0x000000070bc00000, 0x000000070be00000|  0%| F|  |TAMS 0x000000070bc00000| PB 0x000000070bc00000| Untracked |  0
|  84|0x000000070be00000, 0x000000070be00000, 0x000000070c000000|  0%| F|  |TAMS 0x000000070be00000| PB 0x000000070be00000| Untracked |  0
|  85|0x000000070c000000, 0x000000070c000000, 0x000000070c200000|  0%| F|  |TAMS 0x000000070c000000| PB 0x000000070c000000| Untracked |  0
|  86|0x000000070c200000, 0x000000070c200000, 0x000000070c400000|  0%| F|  |TAMS 0x000000070c200000| PB 0x000000070c200000| Untracked |  0
|  87|0x000000070c400000, 0x000000070c400000, 0x000000070c600000|  0%| F|  |TAMS 0x000000070c400000| PB 0x000000070c400000| Untracked |  0
|  88|0x000000070c600000, 0x000000070c600000, 0x000000070c800000|  0%| F|  |TAMS 0x000000070c600000| PB 0x000000070c600000| Untracked |  0
|  89|0x000000070c800000, 0x000000070c800000, 0x000000070ca00000|  0%| F|  |TAMS 0x000000070c800000| PB 0x000000070c800000| Untracked |  0
|  90|0x000000070ca00000, 0x000000070ca00000, 0x000000070cc00000|  0%| F|  |TAMS 0x000000070ca00000| PB 0x000000070ca00000| Untracked |  0
|  91|0x000000070cc00000, 0x000000070cc00000, 0x000000070ce00000|  0%| F|  |TAMS 0x000000070cc00000| PB 0x000000070cc00000| Untracked |  0
|  92|0x000000070ce00000, 0x000000070ce00000, 0x000000070d000000|  0%| F|  |TAMS 0x000000070ce00000| PB 0x000000070ce00000| Untracked |  0
|  93|0x000000070d000000, 0x000000070d000000, 0x000000070d200000|  0%| F|  |TAMS 0x000000070d000000| PB 0x000000070d000000| Untracked |  0
|  94|0x000000070d200000, 0x000000070d200000, 0x000000070d400000|  0%| F|  |TAMS 0x000000070d200000| PB 0x000000070d200000| Untracked |  0
|  95|0x000000070d400000, 0x000000070d400000, 0x000000070d600000|  0%| F|  |TAMS 0x000000070d400000| PB 0x000000070d400000| Untracked |  0
|  96|0x000000070d600000, 0x000000070d600000, 0x000000070d800000|  0%| F|  |TAMS 0x000000070d600000| PB 0x000000070d600000| Untracked |  0
|  97|0x000000070d800000, 0x000000070d800000, 0x000000070da00000|  0%| F|  |TAMS 0x000000070d800000| PB 0x000000070d800000| Untracked |  0
|  98|0x000000070da00000, 0x000000070da00000, 0x000000070dc00000|  0%| F|  |TAMS 0x000000070da00000| PB 0x000000070da00000| Untracked |  0
|  99|0x000000070dc00000, 0x000000070dc00000, 0x000000070de00000|  0%| F|  |TAMS 0x000000070dc00000| PB 0x000000070dc00000| Untracked |  0
| 100|0x000000070de00000, 0x000000070de00000, 0x000000070e000000|  0%| F|  |TAMS 0x000000070de00000| PB 0x000000070de00000| Untracked |  0
| 101|0x000000070e000000, 0x000000070e000000, 0x000000070e200000|  0%| F|  |TAMS 0x000000070e000000| PB 0x000000070e000000| Untracked |  0
| 102|0x000000070e200000, 0x000000070e200000, 0x000000070e400000|  0%| F|  |TAMS 0x000000070e200000| PB 0x000000070e200000| Untracked |  0
| 103|0x000000070e400000, 0x000000070e400000, 0x000000070e600000|  0%| F|  |TAMS 0x000000070e400000| PB 0x000000070e400000| Untracked |  0
| 104|0x000000070e600000, 0x000000070e600000, 0x000000070e800000|  0%| F|  |TAMS 0x000000070e600000| PB 0x000000070e600000| Untracked |  0
| 105|0x000000070e800000, 0x000000070e800000, 0x000000070ea00000|  0%| F|  |TAMS 0x000000070e800000| PB 0x000000070e800000| Untracked |  0
| 106|0x000000070ea00000, 0x000000070ea00000, 0x000000070ec00000|  0%| F|  |TAMS 0x000000070ea00000| PB 0x000000070ea00000| Untracked |  0
| 107|0x000000070ec00000, 0x000000070ec00000, 0x000000070ee00000|  0%| F|  |TAMS 0x000000070ec00000| PB 0x000000070ec00000| Untracked |  0
| 108|0x000000070ee00000, 0x000000070ee00000, 0x000000070f000000|  0%| F|  |TAMS 0x000000070ee00000| PB 0x000000070ee00000| Untracked |  0
| 109|0x000000070f000000, 0x000000070f000000, 0x000000070f200000|  0%| F|  |TAMS 0x000000070f000000| PB 0x000000070f000000| Untracked |  0
| 110|0x000000070f200000, 0x000000070f200000, 0x000000070f400000|  0%| F|  |TAMS 0x000000070f200000| PB 0x000000070f200000| Untracked |  0
| 111|0x000000070f400000, 0x000000070f400000, 0x000000070f600000|  0%| F|  |TAMS 0x000000070f400000| PB 0x000000070f400000| Untracked |  0
| 112|0x000000070f600000, 0x000000070f600000, 0x000000070f800000|  0%| F|  |TAMS 0x000000070f600000| PB 0x000000070f600000| Untracked |  0
| 113|0x000000070f800000, 0x000000070f800000, 0x000000070fa00000|  0%| F|  |TAMS 0x000000070f800000| PB 0x000000070f800000| Untracked |  0
| 114|0x000000070fa00000, 0x000000070fa00000, 0x000000070fc00000|  0%| F|  |TAMS 0x000000070fa00000| PB 0x000000070fa00000| Untracked |  0
| 115|0x000000070fc00000, 0x000000070fc00000, 0x000000070fe00000|  0%| F|  |TAMS 0x000000070fc00000| PB 0x000000070fc00000| Untracked |  0
| 116|0x000000070fe00000, 0x000000070fe00000, 0x0000000710000000|  0%| F|  |TAMS 0x000000070fe00000| PB 0x000000070fe00000| Untracked |  0
| 117|0x0000000710000000, 0x00000007100f5c48, 0x0000000710200000| 48%| E|  |TAMS 0x0000000710000000| PB 0x0000000710000000| Complete |  0
| 118|0x0000000710200000, 0x0000000710400000, 0x0000000710400000|100%| E|CS|TAMS 0x0000000710200000| PB 0x0000000710200000| Complete |  0
| 119|0x0000000710400000, 0x0000000710600000, 0x0000000710600000|100%| E|CS|TAMS 0x0000000710400000| PB 0x0000000710400000| Complete |  0
| 120|0x0000000710600000, 0x0000000710800000, 0x0000000710800000|100%| E|CS|TAMS 0x0000000710600000| PB 0x0000000710600000| Complete |  0
| 121|0x0000000710800000, 0x0000000710a00000, 0x0000000710a00000|100%| E|CS|TAMS 0x0000000710800000| PB 0x0000000710800000| Complete |  0
| 122|0x0000000710a00000, 0x0000000710c00000, 0x0000000710c00000|100%| E|CS|TAMS 0x0000000710a00000| PB 0x0000000710a00000| Complete |  0
| 123|0x0000000710c00000, 0x0000000710e00000, 0x0000000710e00000|100%| E|CS|TAMS 0x0000000710c00000| PB 0x0000000710c00000| Complete |  0
| 124|0x0000000710e00000, 0x0000000711000000, 0x0000000711000000|100%| E|CS|TAMS 0x0000000710e00000| PB 0x0000000710e00000| Complete |  0
| 125|0x0000000711000000, 0x0000000711200000, 0x0000000711200000|100%| E|CS|TAMS 0x0000000711000000| PB 0x0000000711000000| Complete |  0
| 126|0x0000000711200000, 0x0000000711400000, 0x0000000711400000|100%| E|CS|TAMS 0x0000000711200000| PB 0x0000000711200000| Complete |  0
| 127|0x0000000711400000, 0x0000000711600000, 0x0000000711600000|100%| E|CS|TAMS 0x0000000711400000| PB 0x0000000711400000| Complete |  0
|2036|0x00000007ffe00000, 0x00000007fff24ea8, 0x0000000800000000| 57%| O|  |TAMS 0x00000007ffe00000| PB 0x00000007ffe00000| Untracked |  0

Card table byte_map: [0x000001c2fa100000,0x000001c2fa900000] _byte_map_base: 0x000001c2f68f5000

Marking Bits: (CMBitMap*) 0x000001c2f9238dd0
 Bits: [0x000001c2fa900000, 0x000001c2fe8a8000)

Polling page: 0x000001c2f7080000

Metaspace:
Metaspace        used 10498K, committed 10688K, reserved 1114112K
 class space     used 1157K, committed 1216K, reserved 1048576K

Usage:
  Non-class:      9.12 MB used.
      Class:      1.13 MB used.
       Both:     10.25 MB used.

Virtual space:
  Non-class space:       64.00 MB reserved,       9.25 MB ( 14%) committed,  1 nodes.
      Class space:        1.00 GB reserved,       1.19 MB ( <1%) committed,  1 nodes.
             Both:        1.06 GB reserved,      10.44 MB ( <1%) committed. 

Chunk freelists:
   Non-Class:  6.47 MB
       Class:  14.71 MB
        Both:  21.19 MB

MaxMetaspaceSize: unlimited
CompressedClassSpaceSize: 1.00 GB
Initial GC threshold: 21.00 MB
Current GC threshold: 21.00 MB
CDS: on
 - commit_granule_bytes: 65536.
 - commit_granule_words: 8192.
 - virtual_space_node_default_size: 8388608.
 - enlarge_chunks_in_place: 1.
UseCompressedClassPointers 1, UseCompactObjectHeaders 0
Narrow klass pointer bits 32, Max shift 3
Narrow klass base: 0x000000001f000000, Narrow klass shift: 0
Encoding Range: [0x000000001f000000 - 0x000000011f000000), (4294967296 bytes)
Klass Range:    [0x000000001f010000 - 0x0000000060000000), (1090453504 bytes)
Klass ID Range:  [65536 - 1090519033) (1090453497)
Protection zone: [0x000000001f000000 - 0x000000001f010000), (65536 bytes)


Internal statistics:

num_allocs_failed_limit: 0.
num_arena_births: 118.
num_arena_deaths: 0.
num_vsnodes_births: 2.
num_vsnodes_deaths: 0.
num_space_committed: 167.
num_space_uncommitted: 0.
num_chunks_returned_to_freelist: 0.
num_chunks_taken_from_freelist: 166.
num_chunk_merges: 0.
num_chunk_splits: 96.
num_chunks_enlarged: 46.
num_inconsistent_stats: 0.

CodeHeap 'non-profiled nmethods': size=120064Kb used=672Kb max_used=672Kb free=119391Kb
 bounds [0x000001c290290000, 0x000001c290500000, 0x000001c2977d0000]
CodeHeap 'profiled nmethods': size=120000Kb used=2983Kb max_used=2983Kb free=117016Kb
 bounds [0x000001c2887d0000, 0x000001c288ac0000, 0x000001c28fd00000]
CodeHeap 'non-nmethods': size=5696Kb used=1565Kb max_used=1657Kb free=4130Kb
 bounds [0x000001c28fd00000, 0x000001c28ff70000, 0x000001c290290000]
CodeCache: size=245760Kb, used=5220Kb, max_used=5312Kb, free=240537Kb
 total_blobs=2647, nmethods=1947, adapters=602, full_count=0
Compilation: enabled, stopped_count=0, restarted_count=0

Compilation events (20 events):
Event: 46.291 Thread 0x000001c2ff5550d0 1938       4       javax.swing.JComponent::getWidth (5 bytes)
Event: 46.291 Thread 0x000001c2ff57d7e0 1940       3       sun.swing.CachedPainter::getImage (474 bytes)
Event: 46.291 Thread 0x000001c2ff5550d0 nmethod 1938 0x000001c290335708 code [0x000001c290335800, 0x000001c290335878]
Event: 46.291 Thread 0x000001c2ff5550d0 1939       4       javax.swing.JComponent::getHeight (5 bytes)
Event: 46.291 Thread 0x000001c2ff5550d0 nmethod 1939 0x000001c290335a08 code [0x000001c290335b00, 0x000001c290335b78]
Event: 46.292 Thread 0x000001c2ff57d7e0 nmethod 1940 0x000001c288ab7b08 code [0x000001c288ab7c40, 0x000001c288ab9d08]
Event: 347.550 Thread 0x000001c2ff5550d0 1941       4       java.util.Arrays::copyOf (40 bytes)
Event: 347.552 Thread 0x000001c2ff5550d0 nmethod 1941 0x000001c290335d08 code [0x000001c290335e00, 0x000001c2903362e0]
Event: 360.510 Thread 0x000001c2ff5550d0 1942       4       java.util.Arrays::copyOf (40 bytes)
Event: 360.513 Thread 0x000001c2ff5550d0 nmethod 1942 0x000001c290336308 code [0x000001c290336400, 0x000001c290336950]
Event: 424.473 Thread 0x000001c2ff5550d0 1943       4       sun.java2d.StateTrackableDelegate$1::isCurrent (17 bytes)
Event: 424.473 Thread 0x000001c2ff5550d0 nmethod 1943 0x000001c290336988 code [0x000001c290336a80, 0x000001c290336b20]
Event: 425.175 Thread 0x000001c2ff5550d0 1944       4       sun.java2d.d3d.D3DSurfaceData$D3DWindowSurfaceData::isDirty (18 bytes)
Event: 425.176 Thread 0x000001c2ff5550d0 nmethod 1944 0x000001c290336c88 code [0x000001c290336d80, 0x000001c290336e60]
Event: 433.711 Thread 0x000001c2ff5550d0 1945   !   4       java.lang.Object::wait (59 bytes)
Event: 433.711 Thread 0x000001c2ff5550d0 nmethod 1945 0x000001c290336f88 code [0x000001c290337080, 0x000001c290337180]
Event: 471.473 Thread 0x000001c2ff5550d0 1946       4       java.util.ArrayList::toArray (57 bytes)
Event: 471.475 Thread 0x000001c2ff5550d0 nmethod 1946 0x000001c290337288 code [0x000001c290337380, 0x000001c290337948]
Event: 484.399 Thread 0x000001c2ff5550d0 1947       4       java.util.ArrayList::toArray (57 bytes)
Event: 484.401 Thread 0x000001c2ff5550d0 nmethod 1947 0x000001c290337988 code [0x000001c290337a80, 0x000001c290338140]

GC Heap Usage History (0 events):
No events

Metaspace Usage History (0 events):
No events

Dll operation events (11 events):
Event: 0.004 Loaded shared library C:\Users\mathe\.jdks\openjdk-25.0.2\bin\java.dll
Event: 0.044 Loaded shared library C:\Users\mathe\.jdks\openjdk-25.0.2\bin\zip.dll
Event: 0.045 Loaded shared library C:\Users\mathe\.jdks\openjdk-25.0.2\bin\instrument.dll
Event: 0.048 Loaded shared library C:\Users\mathe\.jdks\openjdk-25.0.2\bin\net.dll
Event: 0.049 Loaded shared library C:\Users\mathe\.jdks\openjdk-25.0.2\bin\nio.dll
Event: 0.051 Loaded shared library C:\Users\mathe\.jdks\openjdk-25.0.2\bin\zip.dll
Event: 0.065 Loaded shared library C:\Users\mathe\.jdks\openjdk-25.0.2\bin\extnet.dll
Event: 0.095 Loaded shared library C:\Users\mathe\.jdks\openjdk-25.0.2\bin\jimage.dll
Event: 0.100 Loaded shared library C:\Users\mathe\.jdks\openjdk-25.0.2\bin\awt.dll
Event: 0.257 Loaded shared library C:\Users\mathe\.jdks\openjdk-25.0.2\bin\freetype.dll
Event: 0.258 Loaded shared library C:\Users\mathe\.jdks\openjdk-25.0.2\bin\fontmanager.dll

Deoptimization events (20 events):
Event: 21.913 Thread 0x000001c2a7d4e280 Uncommon trap: trap_request=0xffffff45 fr.pc=0x000001c2902f8b54 relative=0x0000000000000254
Event: 21.913 Thread 0x000001c2a7d4e280 Uncommon trap: reason=unstable_if action=reinterpret pc=0x000001c2902f8b54 method=java.awt.EventQueue.uncacheEQItem(Lsun/awt/EventQueueItem;)V @ 23 c2
Event: 21.913 Thread 0x000001c2a7d4e280 DEOPT PACKING pc=0x000001c2902f8b54 sp=0x0000005fc97fee20
Event: 21.913 Thread 0x000001c2a7d4e280 DEOPT UNPACKING pc=0x000001c28fe1fc02 sp=0x0000005fc97fed38 mode 2
Event: 22.492 Thread 0x000001c2a7d4e280 Uncommon trap: trap_request=0xffffff45 fr.pc=0x000001c290310bac relative=0x0000000000001eac
Event: 22.492 Thread 0x000001c2a7d4e280 Uncommon trap: reason=unstable_if action=reinterpret pc=0x000001c290310bac method=java.awt.LightweightDispatcher.processMouseEvent(Ljava/awt/event/MouseEvent;)Z @ 52 c2
Event: 22.492 Thread 0x000001c2a7d4e280 DEOPT PACKING pc=0x000001c290310bac sp=0x0000005fc97fed50
Event: 22.492 Thread 0x000001c2a7d4e280 DEOPT UNPACKING pc=0x000001c28fe1fc02 sp=0x0000005fc97fec50 mode 2
Event: 22.652 Thread 0x000001c2a7d4e280 Uncommon trap: trap_request=0xffffff66 fr.pc=0x000001c29031ce50 relative=0x00000000000005d0
Event: 22.652 Thread 0x000001c2a7d4e280 Uncommon trap: reason=loop_limit_check action=maybe_recompile pc=0x000001c29031ce50 method=java.awt.EventDispatchThread.filterAndCheckEvent(Ljava/awt/AWTEvent;)Z @ 22 c2
Event: 22.652 Thread 0x000001c2a7d4e280 DEOPT PACKING pc=0x000001c29031ce50 sp=0x0000005fc97fee60
Event: 22.652 Thread 0x000001c2a7d4e280 DEOPT UNPACKING pc=0x000001c28fe1fc02 sp=0x0000005fc97fee00 mode 2
Event: 347.650 Thread 0x000001c2a7d39160 Uncommon trap: trap_request=0xffffffcc fr.pc=0x000001c2903360a8 relative=0x00000000000002a8
Event: 347.650 Thread 0x000001c2a7d39160 Uncommon trap: reason=intrinsic_or_type_checked_inlining action=make_not_entrant pc=0x000001c2903360a8 method=java.util.Arrays.copyOf([Ljava/lang/Object;ILjava/lang/Class;)[Ljava/lang/Object; @ 35 c2
Event: 347.650 Thread 0x000001c2a7d39160 DEOPT PACKING pc=0x000001c2903360a8 sp=0x0000005fc9bfefc0
Event: 347.650 Thread 0x000001c2a7d39160 DEOPT UNPACKING pc=0x000001c28fe1fc02 sp=0x0000005fc9bfef50 mode 2
Event: 471.573 Thread 0x000001c2a7d39160 Uncommon trap: trap_request=0xffffffdc fr.pc=0x000001c2903375ac relative=0x000000000000022c
Event: 471.573 Thread 0x000001c2a7d39160 Uncommon trap: reason=class_check action=make_not_entrant pc=0x000001c2903375ac method=java.util.ArrayList.toArray([Ljava/lang/Object;)[Ljava/lang/Object; @ 21 c2
Event: 471.573 Thread 0x000001c2a7d39160 DEOPT PACKING pc=0x000001c2903375ac sp=0x0000005fc9bff020
Event: 471.573 Thread 0x000001c2a7d39160 DEOPT UNPACKING pc=0x000001c28fe1fc02 sp=0x0000005fc9bfefe0 mode 2

Classes loaded (20 events):
Event: 20.360 Loading class java/awt/SecondaryLoop done
Event: 20.360 Loading class java/awt/WaitDispatchSupport done
Event: 20.360 Loading class java/awt/WaitDispatchSupport$4
Event: 20.360 Loading class java/awt/WaitDispatchSupport$4 done
Event: 20.360 Loading class java/awt/WaitDispatchSupport$1
Event: 20.360 Loading class java/awt/WaitDispatchSupport$1 done
Event: 20.360 Loading class java/awt/WaitDispatchSupport$2
Event: 20.360 Loading class java/awt/WaitDispatchSupport$2 done
Event: 20.363 Loading class sun/awt/image/BufImgSurfaceManager
Event: 20.363 Loading class sun/awt/image/BufImgSurfaceManager done
Event: 20.363 Loading class sun/awt/image/BufImgSurfaceData
Event: 20.363 Loading class sun/awt/image/BufImgSurfaceData done
Event: 20.363 Loading class sun/awt/image/BufImgSurfaceData$ICMColorData
Event: 20.363 Loading class sun/awt/image/BufImgSurfaceData$ICMColorData done
Event: 21.908 Loading class sun/awt/SunToolkit$1
Event: 21.908 Loading class sun/awt/SunToolkit$1 done
Event: 36.138 Loading class javax/swing/text/GapContent$RemoveUndo
Event: 36.138 Loading class javax/swing/text/GapContent$RemoveUndo done
Event: 36.138 Loading class javax/swing/text/GapContent$UndoPosRef
Event: 36.138 Loading class javax/swing/text/GapContent$UndoPosRef done

Classes unloaded (0 events):
No events

Classes redefined (0 events):
No events

Internal exceptions (20 events):
Event: 0.140 Thread 0x000001c2f91cdc10 Exception <a 'java/lang/NoSuchMethodError'{0x000000071115fba8}: 'java.lang.Object java.lang.invoke.DirectMethodHandle$Holder.invokeStaticInit(java.lang.Object, long, java.lang.Object)'> (0x000000071115fba8) 
thrown [s\open\src\hotspot\share\interpreter\linkResolver.cpp, line 804]
Event: 0.140 Thread 0x000001c2f91cdc10 Exception <a 'java/lang/NoSuchMethodError'{0x00000007111683b8}: 'java.lang.Object java.lang.invoke.DirectMethodHandle$Holder.invokeStaticInit(java.lang.Object, long)'> (0x00000007111683b8) 
thrown [s\open\src\hotspot\share\interpreter\linkResolver.cpp, line 804]
Event: 0.195 Thread 0x000001c2f91cdc10 Exception <a 'java/lang/NoSuchMethodError'{0x0000000711197168}: 'void java.lang.invoke.DirectMethodHandle$Holder.invokeSpecial(java.lang.Object, java.lang.Object, java.lang.Object)'> (0x0000000711197168) 
thrown [s\open\src\hotspot\share\interpreter\linkResolver.cpp, line 804]
Event: 0.200 Thread 0x000001c2f91cdc10 Exception <a 'java/lang/NoSuchMethodError'{0x0000000710e176a8}: 'java.lang.Object java.lang.invoke.DirectMethodHandle$Holder.newInvokeSpecial(java.lang.Object, java.lang.Object, java.lang.Object, java.lang.Object, java.lang.Object)'> (0x0000000710e176a8) 
thrown [s\open\src\hotspot\share\interpreter\linkResolver.cpp, line 804]
Event: 0.204 Thread 0x000001c2f91cdc10 Exception <a 'java/lang/NoSuchMethodError'{0x0000000710e7f1b8}: 'java.lang.Object java.lang.invoke.DirectMethodHandle$Holder.invokeStatic(java.lang.Object, int, java.lang.Object)'> (0x0000000710e7f1b8) 
thrown [s\open\src\hotspot\share\interpreter\linkResolver.cpp, line 804]
Event: 0.221 Thread 0x000001c2f91cdc10 Exception <a 'java/lang/ClassNotFoundException'{0x0000000710cb11b0}: com/sun/swing/internal/plaf/metal/resources/spi/metalProvider> (0x0000000710cb11b0) 
thrown [s\open\src\hotspot\share\classfile\systemDictionary.cpp, line 327]
Event: 0.222 Thread 0x000001c2f91cdc10 Exception <a 'java/lang/ClassNotFoundException'{0x0000000710cb4c20}: com/sun/swing/internal/plaf/basic/resources/spi/basicProvider> (0x0000000710cb4c20) 
thrown [s\open\src\hotspot\share\classfile\systemDictionary.cpp, line 327]
Event: 0.226 Thread 0x000001c2f91cdc10 Exception <a 'java/lang/NoSuchMethodError'{0x0000000710cda968}: 'int java.lang.invoke.Invokers$Holder.invokeExact_MT(java.lang.Object, java.lang.Object)'> (0x0000000710cda968) 
thrown [s\open\src\hotspot\share\interpreter\linkResolver.cpp, line 804]
Event: 0.252 Thread 0x000001c2f91cdc10 Exception <a 'java/lang/NoSuchMethodError'{0x0000000710d4aa30}: 'long java.lang.invoke.DirectMethodHandle$Holder.invokeStaticInit(java.lang.Object, long, long, long, long)'> (0x0000000710d4aa30) 
thrown [s\open\src\hotspot\share\interpreter\linkResolver.cpp, line 804]
Event: 0.252 Thread 0x000001c2f91cdc10 Exception <a 'java/lang/NoSuchMethodError'{0x0000000710d53490}: 'java.lang.Object java.lang.invoke.DirectMethodHandle$Holder.invokeInterface(java.lang.Object, java.lang.Object, long, long)'> (0x0000000710d53490) 
thrown [s\open\src\hotspot\share\interpreter\linkResolver.cpp, line 804]
Event: 0.253 Thread 0x000001c2f91cdc10 Exception <a 'java/lang/NoSuchMethodError'{0x0000000710d6be38}: 'void java.lang.invoke.DirectMethodHandle$Holder.invokeStaticInit(java.lang.Object, java.lang.Object, long, java.lang.Object)'> (0x0000000710d6be38) 
thrown [s\open\src\hotspot\share\interpreter\linkResolver.cpp, line 804]
Event: 0.253 Thread 0x000001c2f91cdc10 Exception <a 'java/lang/NoSuchMethodError'{0x0000000710d74a70}: 'long java.lang.invoke.DirectMethodHandle$Holder.invokeStatic(java.lang.Object, long, long)'> (0x0000000710d74a70) 
thrown [s\open\src\hotspot\share\interpreter\linkResolver.cpp, line 804]
Event: 0.255 Thread 0x000001c2f91cdc10 Exception <a 'java/lang/NoSuchMethodError'{0x0000000710d89058}: 'void java.lang.invoke.DirectMethodHandle$Holder.invokeStaticInit(java.lang.Object)'> (0x0000000710d89058) 
thrown [s\open\src\hotspot\share\interpreter\linkResolver.cpp, line 804]
Event: 0.261 Thread 0x000001c2f91cdc10 Exception <a 'java/lang/NoSuchMethodError'{0x0000000710dc6d70}: 'java.lang.Object java.lang.invoke.DirectMethodHandle$Holder.newInvokeSpecial(java.lang.Object, int, java.lang.Object)'> (0x0000000710dc6d70) 
thrown [s\open\src\hotspot\share\interpreter\linkResolver.cpp, line 804]
Event: 0.290 Thread 0x000001c2999c9930 Exception <a 'java/lang/NoSuchMethodError'{0x0000000710af6460}: 'void java.lang.invoke.DirectMethodHandle$Holder.invokeVirtual(java.lang.Object, java.lang.Object)'> (0x0000000710af6460) 
thrown [s\open\src\hotspot\share\interpreter\linkResolver.cpp, line 804]
Event: 0.309 Thread 0x000001c2a7d4e280 Exception <a 'java/lang/NoSuchMethodError'{0x00000007108247e8}: 'void java.lang.invoke.DelegatingMethodHandle$Holder.reinvoke_L(java.lang.Object, java.lang.Object, java.lang.Object, long, float)'> (0x00000007108247e8) 
thrown [s\open\src\hotspot\share\interpreter\linkResolver.cpp, line 804]
Event: 0.311 Thread 0x000001c2a7d4e280 Exception <a 'java/lang/NoSuchMethodError'{0x000000071083ccf8}: 'java.lang.Object java.lang.invoke.DirectMethodHandle$Holder.invokeStatic(java.lang.Object, java.lang.Object, java.lang.Object, java.lang.Object, long)'> (0x000000071083ccf8) 
thrown [s\open\src\hotspot\share\interpreter\linkResolver.cpp, line 804]
Event: 0.312 Thread 0x000001c2a7d4e280 Exception <a 'java/lang/NoSuchMethodError'{0x000000071085f038}: 'float java.lang.invoke.DelegatingMethodHandle$Holder.reinvoke_L(java.lang.Object, java.lang.Object, java.lang.Object, long)'> (0x000000071085f038) 
thrown [s\open\src\hotspot\share\interpreter\linkResolver.cpp, line 804]
Event: 17.851 Thread 0x000001c2a7d4e280 Exception <a 'java/lang/NoSuchMethodError'{0x00000007107a9040}: 'java.lang.Object java.lang.invoke.DirectMethodHandle$Holder.newInvokeSpecial(java.lang.Object, java.lang.Object, java.lang.Object, java.lang.Object, java.lang.Object, java.lang.Object, java.lang.Object, java.lang.Object, java.lang.Object, java.lang.Object)'> (0x00000007107a9040) 
thrown [s\open\src\hotspot\share\interpreter\linkResolver.cpp, line 804]
Event: 20.360 Thread 0x000001c2a7d4e280 Exception <a 'java/lang/NoSuchMethodError'{0x000000071045a7d0}: 'int java.lang.invoke.DirectMethodHandle$Holder.invokeStatic(java.lang.Object)'> (0x000000071045a7d0) 
thrown [s\open\src\hotspot\share\interpreter\linkResolver.cpp, line 804]

VM Operations (16 events):
Event: 0.036 Executing non-safepoint VM operation: HandshakeAllThreads (Deoptimize)
Event: 0.036 Executing non-safepoint VM operation: HandshakeAllThreads (Deoptimize) done
Event: 0.236 Executing non-safepoint VM operation: HandshakeAllThreads (Deoptimize)
Event: 0.236 Executing non-safepoint VM operation: HandshakeAllThreads (Deoptimize) done
Event: 17.848 Executing non-safepoint VM operation: HandshakeAllThreads (Deoptimize)
Event: 17.848 Executing non-safepoint VM operation: HandshakeAllThreads (Deoptimize) done
Event: 20.335 Executing non-safepoint VM operation: HandshakeAllThreads (Deoptimize)
Event: 20.335 Executing non-safepoint VM operation: HandshakeAllThreads (Deoptimize) done
Event: 20.342 Executing non-safepoint VM operation: HandshakeAllThreads (Deoptimize)
Event: 20.342 Executing non-safepoint VM operation: HandshakeAllThreads (Deoptimize) done
Event: 20.363 Executing non-safepoint VM operation: HandshakeAllThreads (Deoptimize)
Event: 20.363 Executing non-safepoint VM operation: HandshakeAllThreads (Deoptimize) done
Event: 60.095 Executing non-safepoint VM operation: HandshakeAllThreads (HandshakeForDeflation)
Event: 60.095 Executing non-safepoint VM operation: HandshakeAllThreads (HandshakeForDeflation) done
Event: 60.095 Executing non-safepoint VM operation: RendezvousGCThreads
Event: 60.095 Executing non-safepoint VM operation: RendezvousGCThreads done

Memory protections (0 events):
No events

Nmethod flushes (0 events):
No events

Events (20 events):
Event: 0.021 Thread 0x000001c2f91cdc10 Thread added: 0x000001c2ff5407d0
Event: 0.021 Thread 0x000001c2f91cdc10 Thread added: 0x000001c2ff545460
Event: 0.021 Thread 0x000001c2f91cdc10 Thread added: 0x000001c2ff546020
Event: 0.021 Thread 0x000001c2f91cdc10 Thread added: 0x000001c2ff546be0
Event: 0.021 Thread 0x000001c2f91cdc10 Thread added: 0x000001c2ff5477a0
Event: 0.021 Thread 0x000001c2f91cdc10 Thread added: 0x000001c2ff5550d0
Event: 0.021 Thread 0x000001c2f91cdc10 Thread added: 0x000001c2ff57d7e0
Event: 0.047 Thread 0x000001c2f91cdc10 Thread added: 0x000001c299963bb0
Event: 0.057 Thread 0x000001c2f91cdc10 Thread added: 0x000001c299992a50
Event: 0.057 Thread 0x000001c2f91cdc10 Thread added: 0x000001c299993210
Event: 0.122 Thread 0x000001c2f91cdc10 Thread added: 0x000001c2999c07f0
Event: 0.123 Thread 0x000001c2f91cdc10 Thread added: 0x000001c2999c64a0
Event: 0.123 Thread 0x000001c2f91cdc10 Thread added: 0x000001c2999c9930
Event: 0.244 Thread 0x000001c2999c9930 Thread added: 0x000001c2a7d4e280
Event: 0.292 Thread 0x000001c2f91cdc10 Thread exited: 0x000001c2f91cdc10
Event: 0.292 Thread 0x000001c2f91cdc10 Thread added: 0x000001c2f91cdc10
Event: 0.296 Thread 0x000001c2a7d4e280 Thread added: 0x000001c2a7d39160
Event: 0.334 Thread 0x000001c2a7d4e280 Thread added: 0x000001c2a7f6d640
Event: 20.336 Thread 0x000001c2a7d4e280 Thread added: 0x000001c2ff5af4b0
Event: 25.340 Thread 0x000001c2ff5af4b0 Thread exited: 0x000001c2ff5af4b0


Dynamic libraries:
0x00007ff662370000 - 0x00007ff66237e000 	C:\Users\mathe\.jdks\openjdk-25.0.2\bin\java.exe
0x00007ffe07970000 - 0x00007ffe07b68000 	C:\Windows\SYSTEM32\ntdll.dll
0x00007ffe06070000 - 0x00007ffe06132000 	C:\Windows\System32\KERNEL32.DLL
0x00007ffe05030000 - 0x00007ffe05326000 	C:\Windows\System32\KERNELBASE.dll
0x00007ffe05680000 - 0x00007ffe05780000 	C:\Windows\System32\ucrtbase.dll
0x00007ffdffeb0000 - 0x00007ffdffec7000 	C:\Users\mathe\.jdks\openjdk-25.0.2\bin\jli.dll
0x00007ffdf98d0000 - 0x00007ffdf98ee000 	C:\Users\mathe\.jdks\openjdk-25.0.2\bin\VCRUNTIME140.dll
0x00007ffe07650000 - 0x00007ffe077f1000 	C:\Windows\System32\USER32.dll
0x00007ffded640000 - 0x00007ffded8db000 	C:\Windows\WinSxS\amd64_microsoft.windows.common-controls_6595b64144ccf1df_6.0.19041.6456_none_60b8a6cb71f64256\COMCTL32.dll
0x00007ffe05650000 - 0x00007ffe05672000 	C:\Windows\System32\win32u.dll
0x00007ffe05de0000 - 0x00007ffe05e7e000 	C:\Windows\System32\msvcrt.dll
0x00007ffe05cd0000 - 0x00007ffe05cfb000 	C:\Windows\System32\GDI32.dll
0x00007ffe05870000 - 0x00007ffe05989000 	C:\Windows\System32\gdi32full.dll
0x00007ffe05780000 - 0x00007ffe0581d000 	C:\Windows\System32\msvcp_win.dll
0x00007ffe05d00000 - 0x00007ffe05d2f000 	C:\Windows\System32\IMM32.DLL
0x00007ffe01700000 - 0x00007ffe0170c000 	C:\Users\mathe\.jdks\openjdk-25.0.2\bin\vcruntime140_1.dll
0x00007ffdf9840000 - 0x00007ffdf98cd000 	C:\Users\mathe\.jdks\openjdk-25.0.2\bin\msvcp140.dll
0x00007ffd6a950000 - 0x00007ffd6b7af000 	C:\Users\mathe\.jdks\openjdk-25.0.2\bin\server\jvm.dll
0x00007ffe06140000 - 0x00007ffe061f1000 	C:\Windows\System32\ADVAPI32.dll
0x00007ffe05c30000 - 0x00007ffe05ccf000 	C:\Windows\System32\sechost.dll
0x00007ffe05ee0000 - 0x00007ffe06000000 	C:\Windows\System32\RPCRT4.dll
0x00007ffe05000000 - 0x00007ffe05027000 	C:\Windows\System32\bcrypt.dll
0x00007ffe06000000 - 0x00007ffe0606b000 	C:\Windows\System32\WS2_32.dll
0x00007ffe04d40000 - 0x00007ffe04d8b000 	C:\Windows\SYSTEM32\POWRPROF.dll
0x00007ffdfc3d0000 - 0x00007ffdfc3da000 	C:\Windows\SYSTEM32\VERSION.dll
0x00007ffdf2900000 - 0x00007ffdf2927000 	C:\Windows\SYSTEM32\WINMM.dll
0x00007ffe04d20000 - 0x00007ffe04d32000 	C:\Windows\SYSTEM32\UMPDC.dll
0x00007ffe037f0000 - 0x00007ffe03802000 	C:\Windows\SYSTEM32\kernel.appcore.dll
0x00007ffdffcf0000 - 0x00007ffdffcfa000 	C:\Users\mathe\.jdks\openjdk-25.0.2\bin\jimage.dll
0x00007ffe02c90000 - 0x00007ffe02e91000 	C:\Windows\SYSTEM32\DBGHELP.DLL
0x00007ffdf02c0000 - 0x00007ffdf02f4000 	C:\Windows\SYSTEM32\dbgcore.DLL
0x00007ffe05330000 - 0x00007ffe053b2000 	C:\Windows\System32\bcryptPrimitives.dll
0x00007ffdfd940000 - 0x00007ffdfd950000 	C:\Users\mathe\.jdks\openjdk-25.0.2\bin\instrument.dll
0x00007ffdf9820000 - 0x00007ffdf983f000 	C:\Users\mathe\.jdks\openjdk-25.0.2\bin\java.dll
0x00007ffe07800000 - 0x00007ffe0792b000 	C:\Windows\System32\ole32.dll
0x00007ffe06670000 - 0x00007ffe069c4000 	C:\Windows\System32\combase.dll
0x00007ffe06c80000 - 0x00007ffe073f0000 	C:\Windows\System32\SHELL32.dll
0x00007ffe02fc0000 - 0x00007ffe03765000 	C:\Windows\SYSTEM32\windows.storage.dll
0x00007ffe04870000 - 0x00007ffe0489b000 	C:\Windows\SYSTEM32\Wldp.dll
0x00007ffe07470000 - 0x00007ffe0753d000 	C:\Windows\System32\OLEAUT32.dll
0x00007ffe05d30000 - 0x00007ffe05ddd000 	C:\Windows\System32\SHCORE.dll
0x00007ffe05bd0000 - 0x00007ffe05c2b000 	C:\Windows\System32\shlwapi.dll
0x00007ffe04f30000 - 0x00007ffe04f54000 	C:\Windows\SYSTEM32\profapi.dll
0x00007ffdf01b0000 - 0x00007ffdf01c7000 	C:\Users\mathe\.jdks\openjdk-25.0.2\bin\zip.dll
0x00007ffdf7190000 - 0x00007ffdf71a2000 	C:\Users\mathe\.jdks\openjdk-25.0.2\bin\net.dll
0x00007ffe04650000 - 0x00007ffe046ba000 	C:\Windows\system32\mswsock.dll
0x00007ffdf0250000 - 0x00007ffdf0266000 	C:\Users\mathe\.jdks\openjdk-25.0.2\bin\nio.dll
0x00007ffdf9920000 - 0x00007ffdf9929000 	C:\Users\mathe\.jdks\openjdk-25.0.2\bin\extnet.dll
0x00007ffddf800000 - 0x00007ffddf983000 	C:\Users\mathe\.jdks\openjdk-25.0.2\bin\awt.dll
0x00007ffdfbc90000 - 0x00007ffdfbd24000 	C:\Windows\SYSTEM32\apphelp.dll
0x00007ffe02810000 - 0x00007ffe0283e000 	C:\Windows\system32\DWMAPI.DLL
0x00007ffe02500000 - 0x00007ffe0259e000 	C:\Windows\system32\uxtheme.dll
0x00007ffdab5f0000 - 0x00007ffdab718000 	C:\Windows\system32\opengl32.dll
0x00007ffdd8d10000 - 0x00007ffdd8d3c000 	C:\Windows\SYSTEM32\GLU32.dll
0x00007ffe05ab0000 - 0x00007ffe05bc5000 	C:\Windows\System32\MSCTF.dll
0x00007ffdac210000 - 0x00007ffdae8f5000 	C:\Windows\System32\DriverStore\FileRepository\u0200691.inf_amd64_84c885aed7de6324\B026021\AMDXN64.DLL
0x00007ffe06200000 - 0x00007ffe06670000 	C:\Windows\System32\SETUPAPI.dll
0x00007ffe05820000 - 0x00007ffe0586e000 	C:\Windows\System32\cfgmgr32.dll
0x00007ffe03840000 - 0x00007ffe03936000 	C:\Windows\SYSTEM32\dxgi.dll
0x00007ffdf1f20000 - 0x00007ffdf1f5e000 	C:\Windows\System32\DriverStore\FileRepository\u0200691.inf_amd64_84c885aed7de6324\B026021\amdihk64.dll
0x00007ffdf5b60000 - 0x00007ffdf5b9b000 	C:\Windows\SYSTEM32\dxcore.dll
0x00007ffde0f20000 - 0x00007ffde0fa7000 	C:\Users\mathe\.jdks\openjdk-25.0.2\bin\freetype.dll
0x00007ffde00a0000 - 0x00007ffde018e000 	C:\Users\mathe\.jdks\openjdk-25.0.2\bin\fontmanager.dll
0x00007ffe059f0000 - 0x00007ffe05a99000 	C:\Windows\System32\clbcatq.dll
0x00007ffe022f0000 - 0x00007ffe024a6000 	C:\Windows\SYSTEM32\WindowsCodecs.dll
0x00007ffdeae70000 - 0x00007ffdeaeae000 	C:\Windows\system32\dataexchange.dll
0x00007ffdfada0000 - 0x00007ffdfaf84000 	C:\Windows\system32\dcomp.dll
0x00007ffdfe320000 - 0x00007ffdfe584000 	C:\Windows\system32\d3d11.dll
0x00007ffdf7640000 - 0x00007ffdf7843000 	C:\Windows\system32\twinapi.appcore.dll
0x00007ffdf1ff0000 - 0x00007ffdf20e9000 	C:\Windows\SYSTEM32\textinputframework.dll
0x00007ffdfb860000 - 0x00007ffdfb952000 	C:\Windows\System32\CoreMessaging.dll
0x00007ffdfb4c0000 - 0x00007ffdfb81b000 	C:\Windows\System32\CoreUIComponents.dll
0x00007ffe041e0000 - 0x00007ffe04213000 	C:\Windows\SYSTEM32\ntmarta.dll
0x00007ffe017a0000 - 0x00007ffe018f7000 	C:\Windows\SYSTEM32\wintypes.dll

JVMTI agents:
D:\IntelliJ\IntelliJ IDEA 2025.3.3\lib\idea_rt.jar path:C:\Users\mathe\.jdks\openjdk-25.0.2\bin\instrument.dll, loaded, initialized, instrumentlib options:51269

dbghelp: loaded successfully - version: 4.0.5 - missing functions: none
symbol engine: initialized successfully - sym options: 0x614 - pdb path: .;C:\Users\mathe\.jdks\openjdk-25.0.2\bin;C:\Windows\SYSTEM32;C:\Windows\WinSxS\amd64_microsoft.windows.common-controls_6595b64144ccf1df_6.0.19041.6456_none_60b8a6cb71f64256;C:\Users\mathe\.jdks\openjdk-25.0.2\bin\server;C:\Windows\System32\DriverStore\FileRepository\u0200691.inf_amd64_84c885aed7de6324\B026021

VM Arguments:
jvm_args: -javaagent:D:\IntelliJ\IntelliJ IDEA 2025.3.3\lib\idea_rt.jar=51269 -Dfile.encoding=UTF-8 -Dsun.stdout.encoding=UTF-8 -Dsun.stderr.encoding=UTF-8 
java_command: app.Main
java_class_path (initial): D:\IntelliJ\Códigos\Global Solution\out\production\Global Solution
Launcher Type: SUN_STANDARD

[Global flags]
     intx CICompilerCount                          = 4                                         {product} {ergonomic}
     uint ConcGCThreads                            = 3                                         {product} {ergonomic}
     uint G1ConcRefinementThreads                  = 10                                        {product} {ergonomic}
   size_t G1HeapRegionSize                         = 2097152                                   {product} {ergonomic}
   size_t InitialHeapSize                          = 268435456                                 {product} {ergonomic}
   size_t MarkStackSize                            = 4194304                                   {product} {ergonomic}
   size_t MarkStackSizeMax                         = 536870912                                 {product} {ergonomic}
   size_t MaxHeapSize                              = 4271898624                                {product} {ergonomic}
   size_t MaxNewSize                               = 2562719744                                {product} {ergonomic}
   size_t MinHeapDeltaBytes                        = 2097152                                   {product} {ergonomic}
   size_t MinHeapSize                              = 8388608                                   {product} {ergonomic}
    uintx NonNMethodCodeHeapSize                   = 5832704                                {pd product} {ergonomic}
    uintx NonProfiledCodeHeapSize                  = 122945536                              {pd product} {ergonomic}
    uintx ProfiledCodeHeapSize                     = 122880000                              {pd product} {ergonomic}
    uintx ReservedCodeCacheSize                    = 251658240                              {pd product} {ergonomic}
     bool SegmentedCodeCache                       = true                                      {product} {ergonomic}
   size_t SoftMaxHeapSize                          = 4271898624                             {manageable} {ergonomic}
     bool UseCompressedOops                        = true                           {product lp64_product} {ergonomic}
     bool UseG1GC                                  = true                                      {product} {ergonomic}
     bool UseLargePagesIndividualAllocation        = false                                  {pd product} {ergonomic}

Logging:
Log output configuration:
 #0: stdout all=warning uptime,level,tags foldmultilines=false
 #1: stderr all=off uptime,level,tags foldmultilines=false

Release file:
IMPLEMENTOR="Oracle Corporation" 
JAVA_RUNTIME_VERSION="25.0.2+10-69" 
JAVA_VERSION="25.0.2" 
JAVA_VERSION_DATE="2026-01-20" 
LIBC="default" 
MODULES="java.base java.compiler java.datatransfer java.xml java.prefs java.desktop java.instrument java.logging java.management java.security.sasl java.naming java.rmi java.management.rmi java.net.http java.scripting java.security.jgss java.transaction.xa java.sql java.sql.rowset java.xml.crypto java.se java.smartcardio jdk.accessibility jdk.internal.jvmstat jdk.attach jdk.charsets jdk.internal.opt jdk.zipfs jdk.compiler jdk.crypto.cryptoki jdk.crypto.ec jdk.crypto.mscapi jdk.dynalink jdk.internal.ed jdk.editpad jdk.internal.vm.ci jdk.graal.compiler jdk.graal.compiler.management jdk.hotspot.agent jdk.httpserver jdk.incubator.vector jdk.internal.le jdk.internal.md jdk.jartool jdk.javadoc jdk.jcmd jdk.management jdk.management.agent jdk.jconsole jdk.jdeps jdk.jdwp.agent jdk.jdi jdk.jfr jdk.jlink jdk.jpackage jdk.jshell jdk.jsobject jdk.jstatd jdk.localedata jdk.management.jfr jdk.naming.dns jdk.naming.rmi jdk.net jdk.nio.mapmode jdk.sctp jdk.security.auth jdk.security.jgss jdk.unsupported jdk.unsupported.desktop jdk.xml.dom" 
OS_ARCH="x86_64" 
OS_NAME="Windows" 
SOURCE=".:git:405a5699ebd0" 

Environment Variables:
PATH=C:\Windows\system32;C:\Windows;C:\Windows\System32\Wbem;C:\Windows\System32\WindowsPowerShell\v1.0\;C:\Windows\System32\OpenSSH\;D:\Git\cmd;C:\Program Files\dotnet\;C:\Users\mathe\AppData\Local\Programs\Python\Launcher\;C:\Users\mathe\AppData\Local\Microsoft\WindowsApps;D:\Microsoft VS Code\bin
USERNAME=mathe
OS=Windows_NT
PROCESSOR_IDENTIFIER=AMD64 Family 25 Model 33 Stepping 0, AuthenticAMD
TMP=D:\temp\Temp
TEMP=D:\temp\Temp




Compilation memory statistics disabled.

Periodic native trim disabled

---------------  S Y S T E M  ---------------

OS:
 Windows 10 , 64 bit Build 19041 (10.0.19041.5915)
OS uptime: 5 days 22:47 hours
Hyper-V role detected

CPU: total 12 (initial active 12) (12 cores per cpu, 2 threads per core) family 25 model 33 stepping 0 microcode 0x0, cx8, cmov, fxsr, ht, mmx, 3dnowpref, sse, sse2, sse3, ssse3, sse4a, sse4.1, sse4.2, popcnt, lzcnt, tsc, tscinvbit, avx, avx2, aes, erms, clmul, bmi1, bmi2, adx, sha, fma, vzeroupper, clflush, clflushopt, clwb, hv, rdtscp, rdpid, fsrm, f16c, cet_ss
Processor Information for the first 12 processors :
  Max Mhz: 3701, Current Mhz: 3701, Mhz Limit: 3701

Memory: 4k page, system-wide physical 16294M (6313M free)
TotalPageFile size 24919M (AvailPageFile size 13583M)
current process WorkingSet (physical memory assigned to process): 113M, peak: 141M
current process commit charge ("private bytes"): 425M, peak: 461M

vm_info: OpenJDK 64-Bit Server VM (25.0.2+10-69) for windows-amd64 JRE (25.0.2+10-69), built on 2025-12-18T11:36:35Z with MS VC++ 17.13 (VS2022)

END.
